workload,range_size,engine,distribution,workload,size,threads,ts,writes,reads,response_time,tps,user_provided_threads
iobound,1000,rocks,uniform,iobound,2000000,1,10,0.00,9390.34,0.33,3130.11,1
iobound,1000,rocks,uniform,iobound,2000000,1,20,0.00,9452.39,0.33,3150.80,1
iobound,1000,rocks,uniform,iobound,2000000,1,30,0.00,9203.41,0.43,3067.80,1
iobound,1000,rocks,uniform,iobound,2000000,1,40,0.00,9257.04,0.34,3085.68,1
iobound,1000,rocks,uniform,iobound,2000000,1,50,0.00,8697.05,0.44,2899.02,1
iobound,1000,rocks,uniform,iobound,2000000,1,60,0.00,9163.09,0.36,3054.30,1
iobound,1000,rocks,uniform,iobound,2000000,1,70,0.00,9493.31,0.33,3164.50,1
iobound,1000,rocks,uniform,iobound,2000000,1,80,0.00,9215.29,0.42,3071.70,1
iobound,1000,rocks,uniform,iobound,2000000,1,90,0.00,9386.01,0.33,3128.70,1
iobound,1000,rocks,uniform,iobound,2000000,1,100,0.00,9347.59,0.33,3115.90,1
iobound,1000,rocks,uniform,iobound,2000000,1,110,0.00,9324.02,0.33,3108.01,1
iobound,1000,rocks,uniform,iobound,2000000,1,120,0.00,9485.66,0.33,3161.89,1
iobound,1000,rocks,uniform,iobound,2000000,1,130,0.00,9001.53,0.44,3000.51,1
iobound,1000,rocks,uniform,iobound,2000000,1,140,0.00,9198.11,0.34,3066.00,1
iobound,1000,rocks,uniform,iobound,2000000,1,150,0.00,9337.50,0.33,3112.50,1
iobound,1000,rocks,uniform,iobound,2000000,1,160,0.00,9124.50,0.44,3041.50,1
iobound,1000,rocks,uniform,iobound,2000000,1,170,0.00,8924.60,0.44,2974.90,1
iobound,1000,rocks,uniform,iobound,2000000,1,180,0.00,8697.60,0.44,2899.20,1
iobound,1000,rocks,uniform,iobound,2000000,1,190,0.00,9059.99,0.44,3020.00,1
iobound,1000,rocks,uniform,iobound,2000000,1,200,0.00,9264.71,0.44,3088.20,1
iobound,1000,rocks,uniform,iobound,2000000,1,210,0.00,8890.38,0.43,2963.49,1
iobound,1000,rocks,uniform,iobound,2000000,1,220,0.00,9334.52,0.33,3111.51,1
iobound,1000,rocks,uniform,iobound,2000000,1,230,0.00,9394.40,0.33,3131.40,1
iobound,1000,rocks,uniform,iobound,2000000,1,240,0.00,9065.30,0.43,3021.80,1
iobound,1000,rocks,uniform,iobound,2000000,1,250,0.00,9223.70,0.44,3074.60,1
iobound,1000,rocks,uniform,iobound,2000000,1,260,0.00,8844.30,0.44,2948.10,1
iobound,1000,rocks,uniform,iobound,2000000,1,270,0.00,9224.70,0.44,3074.90,1
iobound,1000,rocks,uniform,iobound,2000000,1,280,0.00,9303.60,0.33,3101.20,1
iobound,1000,rocks,uniform,iobound,2000000,1,290,0.00,9549.60,0.32,3183.20,1
iobound,1000,rocks,uniform,iobound,2000000,1,300,0.00,9220.80,0.36,3073.60,1
iobound,1000,rocks,uniform,iobound,2000000,1,310,0.00,9327.50,0.35,3109.10,1
iobound,1000,rocks,uniform,iobound,2000000,1,320,0.00,9477.60,0.33,3159.20,1
iobound,1000,rocks,uniform,iobound,2000000,1,330,0.00,9492.38,0.32,3164.19,1
iobound,1000,rocks,uniform,iobound,2000000,1,340,0.00,8642.41,0.43,2880.80,1
iobound,1000,rocks,uniform,iobound,2000000,1,350,0.00,9364.81,0.33,3121.60,1
iobound,1000,rocks,uniform,iobound,2000000,1,360,0.00,9336.60,0.33,3112.20,1
iobound,1000,rocks,uniform,iobound,2000000,1,370,0.00,9025.69,0.44,3008.50,1
iobound,1000,rocks,uniform,iobound,2000000,1,380,0.00,9284.30,0.34,3094.80,1
iobound,1000,rocks,uniform,iobound,2000000,1,390,0.00,9447.70,0.33,3149.20,1
iobound,1000,rocks,uniform,iobound,2000000,1,400,0.00,9398.90,0.33,3133.00,1
iobound,1000,rocks,uniform,iobound,2000000,1,410,0.00,9336.80,0.33,3112.30,1
iobound,1000,rocks,uniform,iobound,2000000,1,420,0.00,8621.20,0.43,2873.70,1
iobound,1000,rocks,uniform,iobound,2000000,1,430,0.00,9438.50,0.33,3146.20,1
iobound,1000,rocks,uniform,iobound,2000000,1,440,0.00,8998.80,0.44,2999.60,1
iobound,1000,rocks,uniform,iobound,2000000,1,450,0.00,9366.58,0.33,3122.19,1
iobound,1000,rocks,uniform,iobound,2000000,1,460,0.00,8769.52,0.44,2923.11,1
iobound,1000,rocks,uniform,iobound,2000000,1,470,0.00,9371.29,0.33,3123.80,1
iobound,1000,rocks,uniform,iobound,2000000,1,480,0.00,9236.50,0.34,3078.80,1
iobound,1000,rocks,uniform,iobound,2000000,1,490,0.00,8791.60,0.44,2930.60,1
iobound,1000,rocks,uniform,iobound,2000000,1,500,0.00,9357.79,0.33,3119.20,1
iobound,1000,rocks,uniform,iobound,2000000,1,510,0.00,9312.81,0.36,3104.30,1
iobound,1000,rocks,uniform,iobound,2000000,1,520,0.00,9220.70,0.44,3073.60,1
iobound,1000,rocks,uniform,iobound,2000000,1,530,0.00,9315.90,0.34,3105.30,1
iobound,1000,rocks,uniform,iobound,2000000,1,540,0.00,9519.61,0.32,3173.20,1
iobound,1000,rocks,uniform,iobound,2000000,1,550,0.00,9062.40,0.43,3020.80,1
iobound,1000,rocks,uniform,iobound,2000000,1,560,0.00,9570.38,0.33,3190.09,1
iobound,1000,rocks,uniform,iobound,2000000,1,570,0.00,8627.12,0.43,2875.71,1
iobound,1000,rocks,uniform,iobound,2000000,1,580,0.00,9365.59,0.34,3121.90,1
iobound,1000,rocks,uniform,iobound,2000000,1,590,0.00,9639.99,0.32,3213.30,1
iobound,1000,rocks,uniform,iobound,2000000,1,600,0.00,9318.92,0.33,3106.31,1
iobound,1000,rocks,uniform,iobound,2000000,128,10,0.00,180702.47,8.36,60232.96,128
iobound,1000,rocks,uniform,iobound,2000000,128,20,0.00,183874.24,8.32,61291.28,128
iobound,1000,rocks,uniform,iobound,2000000,128,30,0.00,183678.73,8.38,61226.48,128
iobound,1000,rocks,uniform,iobound,2000000,128,40,0.00,184010.41,8.39,61336.90,128
iobound,1000,rocks,uniform,iobound,2000000,128,50,0.00,183697.94,8.39,61232.71,128
iobound,1000,rocks,uniform,iobound,2000000,128,60,0.00,183827.32,8.35,61275.91,128
iobound,1000,rocks,uniform,iobound,2000000,128,70,0.00,192248.57,8.11,64076.89,128
iobound,1000,rocks,uniform,iobound,2000000,128,80,0.00,192243.90,8.12,64081.60,128
iobound,1000,rocks,uniform,iobound,2000000,128,90,0.00,192641.22,8.12,64213.44,128
iobound,1000,rocks,uniform,iobound,2000000,128,100,0.00,192636.47,8.11,64213.06,128
iobound,1000,rocks,uniform,iobound,2000000,128,110,0.00,192789.45,8.14,64262.28,128
iobound,1000,rocks,uniform,iobound,2000000,128,120,0.00,192929.86,8.10,64310.62,128
iobound,1000,rocks,uniform,iobound,2000000,128,130,0.00,173574.20,8.48,57860.40,128
iobound,1000,rocks,uniform,iobound,2000000,128,140,0.00,173489.41,8.46,57829.50,128
iobound,1000,rocks,uniform,iobound,2000000,128,150,0.00,173331.52,8.43,57777.31,128
iobound,1000,rocks,uniform,iobound,2000000,128,160,0.00,173365.81,8.49,57788.30,128
iobound,1000,rocks,uniform,iobound,2000000,128,170,0.00,173156.39,8.49,57719.03,128
iobound,1000,rocks,uniform,iobound,2000000,128,180,0.00,173354.66,8.48,57785.15,128
iobound,1000,rocks,uniform,iobound,2000000,128,190,0.00,183754.40,8.34,61253.90,128
iobound,1000,rocks,uniform,iobound,2000000,128,200,0.00,183759.61,8.32,61253.60,128
iobound,1000,rocks,uniform,iobound,2000000,128,210,0.00,183703.41,8.38,61234.44,128
iobound,1000,rocks,uniform,iobound,2000000,128,220,0.00,183658.03,8.37,61219.38,128
iobound,1000,rocks,uniform,iobound,2000000,128,230,0.00,183835.34,8.35,61278.18,128
iobound,1000,rocks,uniform,iobound,2000000,128,240,0.00,183827.13,8.34,61275.91,128
iobound,1000,rocks,uniform,iobound,2000000,128,250,0.00,182676.50,8.46,60892.10,128
iobound,1000,rocks,uniform,iobound,2000000,128,260,0.00,182751.45,8.38,60917.32,128
iobound,1000,rocks,uniform,iobound,2000000,128,270,0.00,183014.30,8.40,61004.30,128
iobound,1000,rocks,uniform,iobound,2000000,128,280,0.00,183043.47,8.42,61014.59,128
iobound,1000,rocks,uniform,iobound,2000000,128,290,0.00,182742.71,8.43,60914.70,128
iobound,1000,rocks,uniform,iobound,2000000,128,300,0.00,182684.18,8.44,60893.99,128
iobound,1000,rocks,uniform,iobound,2000000,128,310,0.00,192128.90,8.10,64037.60,128
iobound,1000,rocks,uniform,iobound,2000000,128,320,0.00,192642.02,8.10,64213.97,128
iobound,1000,rocks,uniform,iobound,2000000,128,330,0.00,192026.20,8.12,64009.03,128
iobound,1000,rocks,uniform,iobound,2000000,128,340,0.00,192514.14,8.16,64171.08,128
iobound,1000,rocks,uniform,iobound,2000000,128,350,0.00,192343.20,8.16,64114.70,128
iobound,1000,rocks,uniform,iobound,2000000,128,360,0.00,192470.62,8.12,64156.37,128
iobound,1000,rocks,uniform,iobound,2000000,128,370,0.00,173868.87,8.46,57959.32,128
iobound,1000,rocks,uniform,iobound,2000000,128,380,0.00,173831.93,8.45,57944.21,128
iobound,1000,rocks,uniform,iobound,2000000,128,390,0.00,173659.90,8.44,57886.70,128
iobound,1000,rocks,uniform,iobound,2000000,128,400,0.00,173839.79,8.47,57946.60,128
iobound,1000,rocks,uniform,iobound,2000000,128,410,0.00,173453.22,8.48,57817.61,128
iobound,1000,rocks,uniform,iobound,2000000,128,420,0.00,173556.30,8.45,57852.10,128
iobound,1000,rocks,uniform,iobound,2000000,128,430,0.00,183486.29,8.32,61165.00,128
iobound,1000,rocks,uniform,iobound,2000000,128,440,0.00,183975.11,8.30,61325.10,128
iobound,1000,rocks,uniform,iobound,2000000,128,450,0.00,183652.79,8.37,61217.50,128
iobound,1000,rocks,uniform,iobound,2000000,128,460,0.00,183445.37,8.33,61148.29,128
iobound,1000,rocks,uniform,iobound,2000000,128,470,0.00,183445.13,8.37,61148.48,128
iobound,1000,rocks,uniform,iobound,2000000,128,480,0.00,183270.49,8.36,61090.23,128
iobound,1000,rocks,uniform,iobound,2000000,128,490,0.00,182404.47,8.43,60801.62,128
iobound,1000,rocks,uniform,iobound,2000000,128,500,0.00,182698.13,8.42,60899.68,128
iobound,1000,rocks,uniform,iobound,2000000,128,510,0.00,182850.31,8.42,60949.80,128
iobound,1000,rocks,uniform,iobound,2000000,128,520,0.00,182674.46,8.41,60891.29,128
iobound,1000,rocks,uniform,iobound,2000000,128,530,0.00,182580.62,8.46,60860.61,128
iobound,1000,rocks,uniform,iobound,2000000,128,540,0.00,182690.89,8.34,60896.50,128
iobound,1000,rocks,uniform,iobound,2000000,128,550,0.00,192230.71,8.17,64071.90,128
iobound,1000,rocks,uniform,iobound,2000000,128,560,0.00,192284.29,8.12,64094.90,128
iobound,1000,rocks,uniform,iobound,2000000,128,570,0.00,192023.77,8.13,64007.06,128
iobound,1000,rocks,uniform,iobound,2000000,128,580,0.00,192556.05,8.07,64185.75,128
iobound,1000,rocks,uniform,iobound,2000000,128,590,0.00,192720.72,8.09,64240.31,128
iobound,1000,rocks,uniform,iobound,2000000,121,600,0.00,192955.42,8.04,64318.24,128
iobound,1000,rocks,uniform,iobound,2000000,16,10,0.00,116435.50,0.46,38811.40,16
iobound,1000,rocks,uniform,iobound,2000000,16,20,0.00,121285.87,0.46,40428.72,16
iobound,1000,rocks,uniform,iobound,2000000,16,30,0.00,118794.31,0.46,39598.20,16
iobound,1000,rocks,uniform,iobound,2000000,16,40,0.00,118511.17,0.46,39503.59,16
iobound,1000,rocks,uniform,iobound,2000000,16,50,0.00,119379.41,0.46,39793.10,16
iobound,1000,rocks,uniform,iobound,2000000,16,60,0.00,119015.86,0.46,39671.99,16
iobound,1000,rocks,uniform,iobound,2000000,16,70,0.00,119554.62,0.46,39851.71,16
iobound,1000,rocks,uniform,iobound,2000000,16,80,0.00,119634.12,0.46,39877.81,16
iobound,1000,rocks,uniform,iobound,2000000,16,90,0.00,116291.89,0.46,38764.20,16
iobound,1000,rocks,uniform,iobound,2000000,16,100,0.00,117844.75,0.46,39281.28,16
iobound,1000,rocks,uniform,iobound,2000000,16,110,0.00,119240.84,0.46,39747.01,16
iobound,1000,rocks,uniform,iobound,2000000,16,120,0.00,119924.01,0.46,39974.70,16
iobound,1000,rocks,uniform,iobound,2000000,16,130,0.00,120168.63,0.46,40056.31,16
iobound,1000,rocks,uniform,iobound,2000000,16,140,0.00,119455.15,0.46,39818.28,16
iobound,1000,rocks,uniform,iobound,2000000,16,150,0.00,119990.62,0.46,39996.91,16
iobound,1000,rocks,uniform,iobound,2000000,16,160,0.00,120912.79,0.46,40304.30,16
iobound,1000,rocks,uniform,iobound,2000000,16,170,0.00,118590.68,0.46,39529.99,16
iobound,1000,rocks,uniform,iobound,2000000,16,180,0.00,119549.72,0.46,39850.21,16
iobound,1000,rocks,uniform,iobound,2000000,16,190,0.00,118741.48,0.46,39580.39,16
iobound,1000,rocks,uniform,iobound,2000000,16,200,0.00,117427.05,0.46,39142.45,16
iobound,1000,rocks,uniform,iobound,2000000,16,210,0.00,118875.96,0.46,39625.15,16
iobound,1000,rocks,uniform,iobound,2000000,16,220,0.00,115285.51,0.46,38428.60,16
iobound,1000,rocks,uniform,iobound,2000000,16,230,0.00,118622.40,0.46,39540.80,16
iobound,1000,rocks,uniform,iobound,2000000,16,240,0.00,116817.19,0.46,38939.00,16
iobound,1000,rocks,uniform,iobound,2000000,16,250,0.00,116788.29,0.46,38929.50,16
iobound,1000,rocks,uniform,iobound,2000000,16,260,0.00,116338.03,0.46,38779.11,16
iobound,1000,rocks,uniform,iobound,2000000,16,270,0.00,116287.30,0.46,38762.70,16
iobound,1000,rocks,uniform,iobound,2000000,16,280,0.00,118552.41,0.46,39517.50,16
iobound,1000,rocks,uniform,iobound,2000000,16,290,0.00,117371.19,0.46,39123.50,16
iobound,1000,rocks,uniform,iobound,2000000,16,300,0.00,117262.79,0.46,39087.70,16
iobound,1000,rocks,uniform,iobound,2000000,16,310,0.00,119991.89,0.46,39997.40,16
iobound,1000,rocks,uniform,iobound,2000000,16,320,0.00,118577.83,0.46,39525.91,16
iobound,1000,rocks,uniform,iobound,2000000,16,330,0.00,115919.14,0.46,38639.58,16
iobound,1000,rocks,uniform,iobound,2000000,16,340,0.00,118929.45,0.46,39643.32,16
iobound,1000,rocks,uniform,iobound,2000000,16,350,0.00,118567.49,0.46,39522.40,16
iobound,1000,rocks,uniform,iobound,2000000,16,360,0.00,119023.11,0.46,39674.30,16
iobound,1000,rocks,uniform,iobound,2000000,16,370,0.00,116385.89,0.46,38795.40,16
iobound,1000,rocks,uniform,iobound,2000000,16,380,0.00,118998.43,0.46,39666.31,16
iobound,1000,rocks,uniform,iobound,2000000,16,390,0.00,118464.41,0.46,39487.80,16
iobound,1000,rocks,uniform,iobound,2000000,16,400,0.00,118115.88,0.46,39371.99,16
iobound,1000,rocks,uniform,iobound,2000000,16,410,0.00,117992.73,0.46,39331.21,16
iobound,1000,rocks,uniform,iobound,2000000,16,420,0.00,119393.37,0.46,39797.69,16
iobound,1000,rocks,uniform,iobound,2000000,16,430,0.00,118948.60,0.46,39649.20,16
iobound,1000,rocks,uniform,iobound,2000000,16,440,0.00,115581.72,0.46,38527.61,16
iobound,1000,rocks,uniform,iobound,2000000,16,450,0.00,119128.90,0.46,39709.50,16
iobound,1000,rocks,uniform,iobound,2000000,16,460,0.00,118896.21,0.46,39632.00,16
iobound,1000,rocks,uniform,iobound,2000000,16,470,0.00,118256.99,0.46,39419.10,16
iobound,1000,rocks,uniform,iobound,2000000,16,480,0.00,117888.89,0.46,39296.30,16
iobound,1000,rocks,uniform,iobound,2000000,16,490,0.00,118058.52,0.46,39352.61,16
iobound,1000,rocks,uniform,iobound,2000000,16,500,0.00,117228.29,0.46,39076.40,16
iobound,1000,rocks,uniform,iobound,2000000,16,510,0.00,118194.17,0.46,39397.79,16
iobound,1000,rocks,uniform,iobound,2000000,16,520,0.00,118720.30,0.46,39573.70,16
iobound,1000,rocks,uniform,iobound,2000000,16,530,0.00,118633.59,0.46,39544.50,16
iobound,1000,rocks,uniform,iobound,2000000,16,540,0.00,117523.25,0.46,39174.38,16
iobound,1000,rocks,uniform,iobound,2000000,16,550,0.00,117302.24,0.46,39100.91,16
iobound,1000,rocks,uniform,iobound,2000000,16,560,0.00,118355.75,0.46,39451.82,16
iobound,1000,rocks,uniform,iobound,2000000,16,570,0.00,118341.60,0.46,39447.10,16
iobound,1000,rocks,uniform,iobound,2000000,16,580,0.00,117325.28,0.46,39108.49,16
iobound,1000,rocks,uniform,iobound,2000000,16,590,0.00,117468.39,0.46,39156.00,16
iobound,1000,rocks,uniform,iobound,2000000,14,600,0.00,119266.11,0.46,39755.40,16
iobound,1000,rocks,uniform,iobound,2000000,32,10,0.00,186061.58,0.61,62019.83,32
iobound,1000,rocks,uniform,iobound,2000000,32,20,0.00,187981.17,0.60,62660.32,32
iobound,1000,rocks,uniform,iobound,2000000,32,30,0.00,188287.28,0.60,62762.39,32
iobound,1000,rocks,uniform,iobound,2000000,32,40,0.00,187398.56,0.62,62466.39,32
iobound,1000,rocks,uniform,iobound,2000000,32,50,0.00,187658.37,0.61,62552.72,32
iobound,1000,rocks,uniform,iobound,2000000,32,60,0.00,188060.11,0.60,62686.70,32
iobound,1000,rocks,uniform,iobound,2000000,32,70,0.00,187247.34,0.61,62415.68,32
iobound,1000,rocks,uniform,iobound,2000000,32,80,0.00,187921.85,0.60,62640.72,32
iobound,1000,rocks,uniform,iobound,2000000,32,90,0.00,187167.51,0.62,62389.00,32
iobound,1000,rocks,uniform,iobound,2000000,32,100,0.00,187836.39,0.61,62612.10,32
iobound,1000,rocks,uniform,iobound,2000000,32,110,0.00,187617.69,0.61,62539.40,32
iobound,1000,rocks,uniform,iobound,2000000,32,120,0.00,186961.29,0.62,62320.40,32
iobound,1000,rocks,uniform,iobound,2000000,32,130,0.00,187440.40,0.61,62480.00,32
iobound,1000,rocks,uniform,iobound,2000000,32,140,0.00,187646.64,0.61,62549.11,32
iobound,1000,rocks,uniform,iobound,2000000,32,150,0.00,187748.27,0.60,62582.69,32
iobound,1000,rocks,uniform,iobound,2000000,32,160,0.00,187327.61,0.61,62442.20,32
iobound,1000,rocks,uniform,iobound,2000000,32,170,0.00,187879.58,0.60,62626.89,32
iobound,1000,rocks,uniform,iobound,2000000,32,180,0.00,187703.62,0.60,62568.01,32
iobound,1000,rocks,uniform,iobound,2000000,32,190,0.00,186937.18,0.62,62312.19,32
iobound,1000,rocks,uniform,iobound,2000000,32,200,0.00,187533.03,0.61,62511.08,32
iobound,1000,rocks,uniform,iobound,2000000,32,210,0.00,187513.27,0.62,62504.42,32
iobound,1000,rocks,uniform,iobound,2000000,32,220,0.00,187040.99,0.63,62347.10,32
iobound,1000,rocks,uniform,iobound,2000000,32,230,0.00,187027.73,0.62,62342.31,32
iobound,1000,rocks,uniform,iobound,2000000,32,240,0.00,187119.30,0.62,62373.00,32
iobound,1000,rocks,uniform,iobound,2000000,32,250,0.00,187535.08,0.62,62511.99,32
iobound,1000,rocks,uniform,iobound,2000000,32,260,0.00,187456.01,0.62,62485.00,32
iobound,1000,rocks,uniform,iobound,2000000,32,270,0.00,187111.73,0.63,62370.91,32
iobound,1000,rocks,uniform,iobound,2000000,32,280,0.00,186976.35,0.63,62325.48,32
iobound,1000,rocks,uniform,iobound,2000000,32,290,0.00,187380.51,0.62,62459.90,32
iobound,1000,rocks,uniform,iobound,2000000,32,300,0.00,187509.12,0.62,62503.61,32
iobound,1000,rocks,uniform,iobound,2000000,32,310,0.00,187593.80,0.62,62531.00,32
iobound,1000,rocks,uniform,iobound,2000000,32,320,0.00,187646.27,0.62,62548.69,32
iobound,1000,rocks,uniform,iobound,2000000,32,330,0.00,187420.19,0.62,62473.00,32
iobound,1000,rocks,uniform,iobound,2000000,32,340,0.00,187295.49,0.62,62432.10,32
iobound,1000,rocks,uniform,iobound,2000000,32,350,0.00,187574.41,0.62,62524.80,32
iobound,1000,rocks,uniform,iobound,2000000,32,360,0.00,187133.92,0.62,62378.11,32
iobound,1000,rocks,uniform,iobound,2000000,32,370,0.00,187322.10,0.62,62440.60,32
iobound,1000,rocks,uniform,iobound,2000000,32,380,0.00,187436.89,0.62,62478.70,32
iobound,1000,rocks,uniform,iobound,2000000,32,390,0.00,187324.82,0.62,62442.01,32
iobound,1000,rocks,uniform,iobound,2000000,32,400,0.00,187119.79,0.62,62373.30,32
iobound,1000,rocks,uniform,iobound,2000000,32,410,0.00,186690.50,0.63,62230.10,32
iobound,1000,rocks,uniform,iobound,2000000,32,420,0.00,186804.88,0.63,62268.19,32
iobound,1000,rocks,uniform,iobound,2000000,32,430,0.00,187373.03,0.62,62457.61,32
iobound,1000,rocks,uniform,iobound,2000000,32,440,0.00,187122.98,0.62,62374.29,32
iobound,1000,rocks,uniform,iobound,2000000,32,450,0.00,187155.11,0.62,62385.10,32
iobound,1000,rocks,uniform,iobound,2000000,32,460,0.00,186901.72,0.62,62300.41,32
iobound,1000,rocks,uniform,iobound,2000000,32,470,0.00,186834.74,0.62,62278.48,32
iobound,1000,rocks,uniform,iobound,2000000,32,480,0.00,187798.42,0.60,62599.51,32
iobound,1000,rocks,uniform,iobound,2000000,32,490,0.00,187362.19,0.61,62453.90,32
iobound,1000,rocks,uniform,iobound,2000000,32,500,0.00,187502.13,0.61,62500.91,32
iobound,1000,rocks,uniform,iobound,2000000,32,510,0.00,187548.32,0.61,62516.11,32
iobound,1000,rocks,uniform,iobound,2000000,32,520,0.00,187309.52,0.61,62436.31,32
iobound,1000,rocks,uniform,iobound,2000000,32,530,0.00,187577.25,0.61,62525.88,32
iobound,1000,rocks,uniform,iobound,2000000,32,540,0.00,187311.00,0.61,62436.70,32
iobound,1000,rocks,uniform,iobound,2000000,32,550,0.00,187336.99,0.60,62445.90,32
iobound,1000,rocks,uniform,iobound,2000000,32,560,0.00,187212.64,0.61,62404.01,32
iobound,1000,rocks,uniform,iobound,2000000,32,570,0.00,187116.20,0.61,62372.30,32
iobound,1000,rocks,uniform,iobound,2000000,32,580,0.00,187267.06,0.60,62422.29,32
iobound,1000,rocks,uniform,iobound,2000000,32,590,0.00,187701.82,0.60,62567.41,32
iobound,1000,rocks,uniform,iobound,2000000,28,600,0.00,187513.20,0.60,62504.40,32
iobound,1000,rocks,uniform,iobound,2000000,4,10,0.00,35119.51,0.38,11706.47,4
iobound,1000,rocks,uniform,iobound,2000000,4,20,0.00,35871.36,0.35,11957.02,4
iobound,1000,rocks,uniform,iobound,2000000,4,30,0.00,35790.28,0.36,11930.09,4
iobound,1000,rocks,uniform,iobound,2000000,4,40,0.00,35092.12,0.44,11697.41,4
iobound,1000,rocks,uniform,iobound,2000000,4,50,0.00,35520.07,0.37,11839.99,4
iobound,1000,rocks,uniform,iobound,2000000,4,60,0.00,34994.64,0.39,11664.91,4
iobound,1000,rocks,uniform,iobound,2000000,4,70,0.00,34932.30,0.44,11644.10,4
iobound,1000,rocks,uniform,iobound,2000000,4,80,0.00,34340.59,0.43,11446.90,4
iobound,1000,rocks,uniform,iobound,2000000,4,90,0.00,35805.98,0.35,11935.29,4
iobound,1000,rocks,uniform,iobound,2000000,4,100,0.00,35681.92,0.35,11894.01,4
iobound,1000,rocks,uniform,iobound,2000000,4,110,0.00,34238.77,0.45,11412.89,4
iobound,1000,rocks,uniform,iobound,2000000,4,120,0.00,34064.53,0.45,11354.91,4
iobound,1000,rocks,uniform,iobound,2000000,4,130,0.00,35061.30,0.45,11687.10,4
iobound,1000,rocks,uniform,iobound,2000000,4,140,0.00,35780.20,0.35,11926.70,4
iobound,1000,rocks,uniform,iobound,2000000,4,150,0.00,34800.09,0.45,11600.10,4
iobound,1000,rocks,uniform,iobound,2000000,4,160,0.00,34614.91,0.44,11538.20,4
iobound,1000,rocks,uniform,iobound,2000000,4,170,0.00,35619.00,0.35,11873.00,4
iobound,1000,rocks,uniform,iobound,2000000,4,180,0.00,34488.51,0.44,11496.20,4
iobound,1000,rocks,uniform,iobound,2000000,4,190,0.00,34635.78,0.44,11545.29,4
iobound,1000,rocks,uniform,iobound,2000000,4,200,0.00,35343.59,0.36,11781.10,4
iobound,1000,rocks,uniform,iobound,2000000,4,210,0.00,35583.11,0.35,11861.10,4
iobound,1000,rocks,uniform,iobound,2000000,4,220,0.00,35692.59,0.35,11897.50,4
iobound,1000,rocks,uniform,iobound,2000000,4,230,0.00,34479.87,0.44,11493.29,4
iobound,1000,rocks,uniform,iobound,2000000,4,240,0.00,34996.21,0.43,11665.40,4
iobound,1000,rocks,uniform,iobound,2000000,4,250,0.00,35546.20,0.35,11848.80,4
iobound,1000,rocks,uniform,iobound,2000000,4,260,0.00,34721.34,0.45,11573.71,4
iobound,1000,rocks,uniform,iobound,2000000,4,270,0.00,35379.90,0.40,11793.40,4
iobound,1000,rocks,uniform,iobound,2000000,4,280,0.00,35282.21,0.37,11760.60,4
iobound,1000,rocks,uniform,iobound,2000000,4,290,0.00,34554.80,0.45,11518.30,4
iobound,1000,rocks,uniform,iobound,2000000,4,300,0.00,34406.38,0.45,11468.89,4
iobound,1000,rocks,uniform,iobound,2000000,4,310,0.00,35116.80,0.43,11705.50,4
iobound,1000,rocks,uniform,iobound,2000000,4,320,0.00,34784.30,0.45,11594.80,4
iobound,1000,rocks,uniform,iobound,2000000,4,330,0.00,35271.30,0.43,11757.10,4
iobound,1000,rocks,uniform,iobound,2000000,4,340,0.00,35012.02,0.38,11670.61,4
iobound,1000,rocks,uniform,iobound,2000000,4,350,0.00,34739.86,0.45,11579.89,4
iobound,1000,rocks,uniform,iobound,2000000,4,360,0.00,34250.04,0.45,11416.81,4
iobound,1000,rocks,uniform,iobound,2000000,4,370,0.00,34459.79,0.45,11486.60,4
iobound,1000,rocks,uniform,iobound,2000000,4,380,0.00,34675.46,0.45,11558.49,4
iobound,1000,rocks,uniform,iobound,2000000,4,390,0.00,35314.80,0.38,11771.60,4
iobound,1000,rocks,uniform,iobound,2000000,4,400,0.00,35381.45,0.38,11793.82,4
iobound,1000,rocks,uniform,iobound,2000000,4,410,0.00,35363.85,0.37,11787.98,4
iobound,1000,rocks,uniform,iobound,2000000,4,420,0.00,34415.64,0.45,11471.81,4
iobound,1000,rocks,uniform,iobound,2000000,4,430,0.00,35062.20,0.38,11687.40,4
iobound,1000,rocks,uniform,iobound,2000000,4,440,0.00,35196.19,0.36,11732.10,4
iobound,1000,rocks,uniform,iobound,2000000,4,450,0.00,35005.96,0.45,11668.69,4
iobound,1000,rocks,uniform,iobound,2000000,4,460,0.00,34691.50,0.44,11563.80,4
iobound,1000,rocks,uniform,iobound,2000000,4,470,0.00,34394.34,0.43,11464.71,4
iobound,1000,rocks,uniform,iobound,2000000,4,480,0.00,35055.85,0.43,11685.28,4
iobound,1000,rocks,uniform,iobound,2000000,4,490,0.00,33521.74,0.45,11173.91,4
iobound,1000,rocks,uniform,iobound,2000000,4,500,0.00,33916.31,0.44,11305.50,4
iobound,1000,rocks,uniform,iobound,2000000,4,510,0.00,35218.99,0.38,11739.60,4
iobound,1000,rocks,uniform,iobound,2000000,4,520,0.00,34704.59,0.44,11568.30,4
iobound,1000,rocks,uniform,iobound,2000000,4,530,0.00,35109.22,0.39,11703.01,4
iobound,1000,rocks,uniform,iobound,2000000,4,540,0.00,34852.11,0.44,11617.30,4
iobound,1000,rocks,uniform,iobound,2000000,4,550,0.00,35254.87,0.39,11751.69,4
iobound,1000,rocks,uniform,iobound,2000000,4,560,0.00,35145.10,0.38,11715.00,4
iobound,1000,rocks,uniform,iobound,2000000,4,570,0.00,35478.92,0.37,11826.31,4
iobound,1000,rocks,uniform,iobound,2000000,4,580,0.00,35298.01,0.37,11766.00,4
iobound,1000,rocks,uniform,iobound,2000000,4,590,0.00,35701.30,0.36,11900.50,4
iobound,1000,rocks,uniform,iobound,2000000,3,600,0.00,34618.89,0.45,11539.60,4
iobound,1000,rocks,uniform,iobound,2000000,48,10,0.00,186007.35,1.31,62001.02,48
iobound,1000,rocks,uniform,iobound,2000000,48,20,0.00,192411.21,1.28,64137.40,48
iobound,1000,rocks,uniform,iobound,2000000,48,30,0.00,192037.61,1.28,64012.57,48
iobound,1000,rocks,uniform,iobound,2000000,48,40,0.00,189814.56,1.32,63271.65,48
iobound,1000,rocks,uniform,iobound,2000000,48,50,0.00,191070.63,1.31,63690.11,48
iobound,1000,rocks,uniform,iobound,2000000,48,60,0.00,192427.77,1.28,64142.79,48
iobound,1000,rocks,uniform,iobound,2000000,48,70,0.00,198623.88,1.24,66207.69,48
iobound,1000,rocks,uniform,iobound,2000000,48,80,0.00,197607.49,1.25,65869.20,48
iobound,1000,rocks,uniform,iobound,2000000,48,90,0.00,197921.89,1.25,65974.10,48
iobound,1000,rocks,uniform,iobound,2000000,48,100,0.00,197997.56,1.25,65998.62,48
iobound,1000,rocks,uniform,iobound,2000000,48,110,0.00,197506.91,1.25,65835.80,48
iobound,1000,rocks,uniform,iobound,2000000,48,120,0.00,198672.16,1.23,66223.99,48
iobound,1000,rocks,uniform,iobound,2000000,48,130,0.00,180699.17,1.34,60232.99,48
iobound,1000,rocks,uniform,iobound,2000000,48,140,0.00,180539.72,1.34,60180.21,48
iobound,1000,rocks,uniform,iobound,2000000,48,150,0.00,182143.14,1.31,60714.48,48
iobound,1000,rocks,uniform,iobound,2000000,48,160,0.00,180996.77,1.33,60332.22,48
iobound,1000,rocks,uniform,iobound,2000000,48,170,0.00,182185.39,1.31,60728.30,48
iobound,1000,rocks,uniform,iobound,2000000,48,180,0.00,180766.51,1.33,60256.00,48
iobound,1000,rocks,uniform,iobound,2000000,48,190,0.00,192288.39,1.28,64095.80,48
iobound,1000,rocks,uniform,iobound,2000000,48,200,0.00,192285.49,1.28,64095.20,48
iobound,1000,rocks,uniform,iobound,2000000,48,210,0.00,191978.92,1.28,63992.81,48
iobound,1000,rocks,uniform,iobound,2000000,48,220,0.00,192129.58,1.28,64043.53,48
iobound,1000,rocks,uniform,iobound,2000000,48,230,0.00,192583.74,1.28,64194.18,48
iobound,1000,rocks,uniform,iobound,2000000,48,240,0.00,192290.24,1.28,64096.78,48
iobound,1000,rocks,uniform,iobound,2000000,48,250,0.00,191633.25,1.29,63878.02,48
iobound,1000,rocks,uniform,iobound,2000000,48,260,0.00,190514.78,1.31,63504.99,48
iobound,1000,rocks,uniform,iobound,2000000,48,270,0.00,191605.38,1.29,63868.59,48
iobound,1000,rocks,uniform,iobound,2000000,48,280,0.00,191939.47,1.29,63979.39,48
iobound,1000,rocks,uniform,iobound,2000000,48,290,0.00,190755.96,1.31,63585.42,48
iobound,1000,rocks,uniform,iobound,2000000,48,300,0.00,190870.07,1.30,63623.09,48
iobound,1000,rocks,uniform,iobound,2000000,48,310,0.00,197336.31,1.25,65779.20,48
iobound,1000,rocks,uniform,iobound,2000000,48,320,0.00,197597.42,1.25,65865.51,48
iobound,1000,rocks,uniform,iobound,2000000,48,330,0.00,199396.25,1.24,66465.48,48
iobound,1000,rocks,uniform,iobound,2000000,48,340,0.00,198711.39,1.24,66236.96,48
iobound,1000,rocks,uniform,iobound,2000000,48,350,0.00,198531.81,1.24,66177.34,48
iobound,1000,rocks,uniform,iobound,2000000,48,360,0.00,197836.84,1.25,65945.71,48
iobound,1000,rocks,uniform,iobound,2000000,48,370,0.00,182204.51,1.31,60735.30,48
iobound,1000,rocks,uniform,iobound,2000000,48,380,0.00,182581.23,1.30,60859.74,48
iobound,1000,rocks,uniform,iobound,2000000,48,390,0.00,179971.78,1.35,59991.16,48
iobound,1000,rocks,uniform,iobound,2000000,48,400,0.00,179815.49,1.36,59938.30,48
iobound,1000,rocks,uniform,iobound,2000000,48,410,0.00,180443.29,1.34,60147.80,48
iobound,1000,rocks,uniform,iobound,2000000,48,420,0.00,181531.82,1.32,60510.51,48
iobound,1000,rocks,uniform,iobound,2000000,48,430,0.00,192038.18,1.29,64013.09,48
iobound,1000,rocks,uniform,iobound,2000000,48,440,0.00,192116.79,1.28,64038.50,48
iobound,1000,rocks,uniform,iobound,2000000,48,450,0.00,192507.01,1.28,64169.30,48
iobound,1000,rocks,uniform,iobound,2000000,48,460,0.00,191544.90,1.29,63847.80,48
iobound,1000,rocks,uniform,iobound,2000000,48,470,0.00,192404.52,1.28,64134.91,48
iobound,1000,rocks,uniform,iobound,2000000,48,480,0.00,192405.28,1.28,64135.39,48
iobound,1000,rocks,uniform,iobound,2000000,48,490,0.00,190906.39,1.30,63635.20,48
iobound,1000,rocks,uniform,iobound,2000000,48,500,0.00,191184.63,1.29,63728.51,48
iobound,1000,rocks,uniform,iobound,2000000,48,510,0.00,191439.34,1.29,63813.28,48
iobound,1000,rocks,uniform,iobound,2000000,48,520,0.00,191057.67,1.30,63685.52,48
iobound,1000,rocks,uniform,iobound,2000000,48,530,0.00,191610.10,1.29,63870.20,48
iobound,1000,rocks,uniform,iobound,2000000,48,540,0.00,190650.17,1.31,63549.99,48
iobound,1000,rocks,uniform,iobound,2000000,48,550,0.00,197709.10,1.26,65903.10,48
iobound,1000,rocks,uniform,iobound,2000000,48,560,0.00,197130.58,1.26,65709.89,48
iobound,1000,rocks,uniform,iobound,2000000,48,570,0.00,198365.18,1.24,66121.79,48
iobound,1000,rocks,uniform,iobound,2000000,48,580,0.00,198990.15,1.24,66329.92,48
iobound,1000,rocks,uniform,iobound,2000000,48,590,0.00,198770.92,1.24,66257.61,48
iobound,1000,rocks,uniform,iobound,2000000,43,600,0.00,198178.87,1.25,66059.09,48
iobound,1000,rocks,uniform,iobound,2000000,512,10,0.00,158581.44,40.75,52859.78,512
iobound,1000,rocks,uniform,iobound,2000000,512,20,0.00,166479.52,40.33,55493.31,512
iobound,1000,rocks,uniform,iobound,2000000,512,30,0.00,166625.74,40.34,55541.81,512
iobound,1000,rocks,uniform,iobound,2000000,512,40,0.00,166577.89,40.44,55525.70,512
iobound,1000,rocks,uniform,iobound,2000000,512,50,0.00,166934.36,40.29,55645.09,512
iobound,1000,rocks,uniform,iobound,2000000,512,60,0.00,166519.83,40.42,55506.51,512
iobound,1000,rocks,uniform,iobound,2000000,512,70,0.00,173537.16,39.74,57814.25,512
iobound,1000,rocks,uniform,iobound,2000000,512,80,0.00,174040.59,39.40,58013.43,512
iobound,1000,rocks,uniform,iobound,2000000,512,90,0.00,174264.13,39.62,58088.01,512
iobound,1000,rocks,uniform,iobound,2000000,512,100,0.00,174556.12,39.48,58185.21,512
iobound,1000,rocks,uniform,iobound,2000000,512,110,0.00,175033.57,39.17,58344.22,512
iobound,1000,rocks,uniform,iobound,2000000,512,120,0.00,174783.34,39.30,58261.28,512
iobound,1000,rocks,uniform,iobound,2000000,512,130,0.00,159797.31,41.74,53281.60,512
iobound,1000,rocks,uniform,iobound,2000000,512,140,0.00,157241.88,41.98,52414.06,512
iobound,1000,rocks,uniform,iobound,2000000,512,150,0.00,157604.51,41.76,52534.94,512
iobound,1000,rocks,uniform,iobound,2000000,512,160,0.00,157457.62,41.84,52485.81,512
iobound,1000,rocks,uniform,iobound,2000000,512,170,0.00,157723.74,41.85,52574.78,512
iobound,1000,rocks,uniform,iobound,2000000,512,180,0.00,157299.16,42.03,52433.15,512
iobound,1000,rocks,uniform,iobound,2000000,512,190,0.00,166115.62,40.89,55387.47,512
iobound,1000,rocks,uniform,iobound,2000000,512,200,0.00,167183.52,40.84,55727.81,512
iobound,1000,rocks,uniform,iobound,2000000,512,210,0.00,167592.17,40.41,55863.89,512
iobound,1000,rocks,uniform,iobound,2000000,512,220,0.00,167777.64,40.41,55926.31,512
iobound,1000,rocks,uniform,iobound,2000000,512,230,0.00,167637.26,40.34,55878.59,512
iobound,1000,rocks,uniform,iobound,2000000,512,240,0.00,167595.72,40.59,55865.51,512
iobound,1000,rocks,uniform,iobound,2000000,512,250,0.00,166650.67,40.42,55550.49,512
iobound,1000,rocks,uniform,iobound,2000000,512,260,0.00,166238.03,40.41,55412.31,512
iobound,1000,rocks,uniform,iobound,2000000,512,270,0.00,166409.12,40.28,55469.91,512
iobound,1000,rocks,uniform,iobound,2000000,512,280,0.00,166291.47,40.31,55430.19,512
iobound,1000,rocks,uniform,iobound,2000000,512,290,0.00,165579.93,40.68,55193.41,512
iobound,1000,rocks,uniform,iobound,2000000,512,300,0.00,165907.02,40.58,55302.51,512
iobound,1000,rocks,uniform,iobound,2000000,512,310,0.00,173287.03,39.68,57730.78,512
iobound,1000,rocks,uniform,iobound,2000000,512,320,0.00,174282.75,39.51,58093.92,512
iobound,1000,rocks,uniform,iobound,2000000,512,330,0.00,174293.97,39.44,58098.49,512
iobound,1000,rocks,uniform,iobound,2000000,512,340,0.00,174503.64,39.35,58167.81,512
iobound,1000,rocks,uniform,iobound,2000000,512,350,0.00,174045.44,39.43,58014.98,512
iobound,1000,rocks,uniform,iobound,2000000,512,360,0.00,174276.99,39.50,58092.00,512
iobound,1000,rocks,uniform,iobound,2000000,512,370,0.00,159522.19,41.79,53189.96,512
iobound,1000,rocks,uniform,iobound,2000000,512,380,0.00,156973.30,41.89,52324.53,512
iobound,1000,rocks,uniform,iobound,2000000,512,390,0.00,157106.28,41.78,52368.79,512
iobound,1000,rocks,uniform,iobound,2000000,512,400,0.00,157134.67,42.00,52378.29,512
iobound,1000,rocks,uniform,iobound,2000000,512,410,0.00,156536.96,42.09,52178.79,512
iobound,1000,rocks,uniform,iobound,2000000,512,420,0.00,156376.28,42.29,52125.59,512
iobound,1000,rocks,uniform,iobound,2000000,512,430,0.00,165917.98,40.89,55321.83,512
iobound,1000,rocks,uniform,iobound,2000000,512,440,0.00,167378.60,40.33,55792.87,512
iobound,1000,rocks,uniform,iobound,2000000,512,450,0.00,167668.16,40.40,55889.55,512
iobound,1000,rocks,uniform,iobound,2000000,512,460,0.00,167631.44,40.41,55876.91,512
iobound,1000,rocks,uniform,iobound,2000000,512,470,0.00,167509.17,40.34,55836.36,512
iobound,1000,rocks,uniform,iobound,2000000,512,480,0.00,167355.20,40.68,55785.20,512
iobound,1000,rocks,uniform,iobound,2000000,512,490,0.00,166042.70,40.52,55347.40,512
iobound,1000,rocks,uniform,iobound,2000000,512,500,0.00,165751.41,40.67,55250.67,512
iobound,1000,rocks,uniform,iobound,2000000,512,510,0.00,165913.73,40.45,55304.61,512
iobound,1000,rocks,uniform,iobound,2000000,512,520,0.00,166200.54,40.31,55400.31,512
iobound,1000,rocks,uniform,iobound,2000000,512,530,0.00,165833.74,40.33,55277.58,512
iobound,1000,rocks,uniform,iobound,2000000,512,540,0.00,165785.44,40.70,55261.95,512
iobound,1000,rocks,uniform,iobound,2000000,512,550,0.00,173185.13,39.85,57696.91,512
iobound,1000,rocks,uniform,iobound,2000000,512,560,0.00,174666.28,39.33,58221.49,512
iobound,1000,rocks,uniform,iobound,2000000,512,570,0.00,174394.31,39.48,58131.80,512
iobound,1000,rocks,uniform,iobound,2000000,512,580,0.00,174547.44,39.36,58182.41,512
iobound,1000,rocks,uniform,iobound,2000000,512,590,0.00,174247.95,39.64,58082.48,512
iobound,1000,rocks,uniform,iobound,2000000,507,600,0.00,174152.52,39.57,58050.71,512
iobound,10000,rocks,uniform,iobound,2000000,512,10,0.00,152350.94,39.94,50782.75,512
iobound,10000,rocks,uniform,iobound,2000000,512,20,0.00,161711.79,40.38,53904.16,512
iobound,10000,rocks,uniform,iobound,2000000,512,30,0.00,161389.34,40.48,53796.41,512
iobound,10000,rocks,uniform,iobound,2000000,512,40,0.00,161748.66,40.48,53916.22,512
iobound,10000,rocks,uniform,iobound,2000000,512,50,0.00,159961.16,41.25,53320.45,512
iobound,10000,rocks,uniform,iobound,2000000,512,60,0.00,161482.12,40.48,53827.41,512
iobound,10000,rocks,uniform,iobound,2000000,512,70,0.00,168779.44,39.92,56227.81,512
iobound,10000,rocks,uniform,iobound,2000000,512,80,0.00,169088.34,39.86,56362.98,512
iobound,10000,rocks,uniform,iobound,2000000,512,90,0.00,169542.03,39.78,56512.91,512
iobound,10000,rocks,uniform,iobound,2000000,512,100,0.00,169291.44,39.61,56431.58,512
iobound,10000,rocks,uniform,iobound,2000000,512,110,0.00,169424.14,39.44,56474.58,512
iobound,10000,rocks,uniform,iobound,2000000,512,120,0.00,169058.48,39.91,56352.89,512
iobound,10000,rocks,uniform,iobound,2000000,512,130,0.00,155340.18,42.00,51795.46,512
iobound,10000,rocks,uniform,iobound,2000000,512,140,0.00,152985.14,42.50,50995.08,512
iobound,10000,rocks,uniform,iobound,2000000,512,150,0.00,152914.00,42.41,50971.60,512
iobound,10000,rocks,uniform,iobound,2000000,512,160,0.00,153297.79,42.09,51099.23,512
iobound,10000,rocks,uniform,iobound,2000000,512,170,0.00,152470.51,42.67,50823.47,512
iobound,10000,rocks,uniform,iobound,2000000,512,180,0.00,152346.70,42.70,50782.47,512
iobound,10000,rocks,uniform,iobound,2000000,512,190,0.00,161940.30,41.24,53996.00,512
iobound,10000,rocks,uniform,iobound,2000000,512,200,0.00,163786.98,40.51,54595.49,512
iobound,10000,rocks,uniform,iobound,2000000,512,210,0.00,163326.76,40.82,54442.05,512
iobound,10000,rocks,uniform,iobound,2000000,512,220,0.00,163508.78,40.59,54502.99,512
iobound,10000,rocks,uniform,iobound,2000000,512,230,0.00,163574.93,40.54,54525.51,512
iobound,10000,rocks,uniform,iobound,2000000,512,240,0.00,163574.76,40.42,54524.79,512
iobound,10000,rocks,uniform,iobound,2000000,512,250,0.00,161605.19,40.48,53868.10,512
iobound,10000,rocks,uniform,iobound,2000000,512,260,0.00,161324.88,40.59,53774.89,512
iobound,10000,rocks,uniform,iobound,2000000,512,270,0.00,161187.90,40.52,53729.40,512
iobound,10000,rocks,uniform,iobound,2000000,512,280,0.00,161139.36,40.62,53713.39,512
iobound,10000,rocks,uniform,iobound,2000000,512,290,0.00,161769.76,40.45,53923.39,512
iobound,10000,rocks,uniform,iobound,2000000,512,300,0.00,161324.85,40.45,53774.72,512
iobound,10000,rocks,uniform,iobound,2000000,512,310,0.00,168283.33,40.01,56062.31,512
iobound,10000,rocks,uniform,iobound,2000000,512,320,0.00,169543.44,39.67,56514.55,512
iobound,10000,rocks,uniform,iobound,2000000,512,330,0.00,169594.18,39.55,56531.43,512
iobound,10000,rocks,uniform,iobound,2000000,512,340,0.00,169775.46,39.50,56592.09,512
iobound,10000,rocks,uniform,iobound,2000000,512,350,0.00,169297.22,39.61,56432.07,512
iobound,10000,rocks,uniform,iobound,2000000,512,360,0.00,169575.62,39.53,56525.24,512
iobound,10000,rocks,uniform,iobound,2000000,512,370,0.00,155279.72,42.23,51775.71,512
iobound,10000,rocks,uniform,iobound,2000000,512,380,0.00,153270.15,42.32,51090.15,512
iobound,10000,rocks,uniform,iobound,2000000,512,390,0.00,153484.33,42.10,51161.64,512
iobound,10000,rocks,uniform,iobound,2000000,512,400,0.00,153450.29,42.00,51150.03,512
iobound,10000,rocks,uniform,iobound,2000000,512,410,0.00,153073.15,42.24,51024.18,512
iobound,10000,rocks,uniform,iobound,2000000,512,420,0.00,152779.92,42.46,50926.94,512
iobound,10000,rocks,uniform,iobound,2000000,512,430,0.00,162016.76,40.92,54021.25,512
iobound,10000,rocks,uniform,iobound,2000000,512,440,0.00,162841.47,40.70,54280.82,512
iobound,10000,rocks,uniform,iobound,2000000,512,450,0.00,163244.79,40.52,54414.73,512
iobound,10000,rocks,uniform,iobound,2000000,512,460,0.00,163143.46,40.42,54381.32,512
iobound,10000,rocks,uniform,iobound,2000000,512,470,0.00,163338.81,40.47,54446.20,512
iobound,10000,rocks,uniform,iobound,2000000,512,480,0.00,163181.80,40.59,54393.87,512
iobound,10000,rocks,uniform,iobound,2000000,512,490,0.00,161192.57,40.56,53730.59,512
iobound,10000,rocks,uniform,iobound,2000000,512,500,0.00,160804.83,40.50,53601.98,512
iobound,10000,rocks,uniform,iobound,2000000,512,510,0.00,161343.67,40.38,53781.26,512
iobound,10000,rocks,uniform,iobound,2000000,512,520,0.00,160963.56,40.52,53654.45,512
iobound,10000,rocks,uniform,iobound,2000000,512,530,0.00,161270.25,40.34,53756.85,512
iobound,10000,rocks,uniform,iobound,2000000,512,540,0.00,161001.49,40.45,53667.23,512
iobound,10000,rocks,uniform,iobound,2000000,512,550,0.00,168222.77,40.07,56042.12,512
iobound,10000,rocks,uniform,iobound,2000000,512,560,0.00,169635.55,39.44,56545.48,512
iobound,10000,rocks,uniform,iobound,2000000,512,570,0.00,169726.52,39.49,56575.21,512
iobound,10000,rocks,uniform,iobound,2000000,512,580,0.00,169443.59,39.69,56480.90,512
iobound,10000,rocks,uniform,iobound,2000000,512,590,0.00,169346.95,39.69,56448.62,512
iobound,10000,rocks,uniform,iobound,2000000,503,600,0.00,169293.52,39.78,56432.14,512
iobound,1000,rocks,pareto,iobound,2000000,1,10,0.00,8659.48,0.45,2886.49,1
iobound,1000,rocks,pareto,iobound,2000000,1,20,0.00,9154.81,0.36,3051.60,1
iobound,1000,rocks,pareto,iobound,2000000,1,30,0.00,9374.89,0.33,3124.90,1
iobound,1000,rocks,pareto,iobound,2000000,1,40,0.00,8488.61,0.45,2829.60,1
iobound,1000,rocks,pareto,iobound,2000000,1,50,0.00,9167.69,0.34,3055.90,1
iobound,1000,rocks,pareto,iobound,2000000,1,60,0.00,9012.02,0.44,3004.01,1
iobound,1000,rocks,pareto,iobound,2000000,1,70,0.00,8218.19,0.44,2739.40,1
iobound,1000,rocks,pareto,iobound,2000000,1,80,0.00,9356.21,0.33,3118.70,1
iobound,1000,rocks,pareto,iobound,2000000,1,90,0.00,9074.09,0.34,3024.70,1
iobound,1000,rocks,pareto,iobound,2000000,1,100,0.00,9148.70,0.36,3049.60,1
iobound,1000,rocks,pareto,iobound,2000000,1,110,0.00,7556.40,0.44,2518.80,1
iobound,1000,rocks,pareto,iobound,2000000,1,120,0.00,7975.22,0.44,2658.41,1
iobound,1000,rocks,pareto,iobound,2000000,1,130,0.00,9449.97,0.33,3149.99,1
iobound,1000,rocks,pareto,iobound,2000000,1,140,0.00,9237.61,0.33,3079.20,1
iobound,1000,rocks,pareto,iobound,2000000,1,150,0.00,8257.79,0.45,2752.60,1
iobound,1000,rocks,pareto,iobound,2000000,1,160,0.00,8196.62,0.45,2732.21,1
iobound,1000,rocks,pareto,iobound,2000000,1,170,0.00,8630.08,0.45,2876.69,1
iobound,1000,rocks,pareto,iobound,2000000,1,180,0.00,8122.51,0.45,2707.50,1
iobound,1000,rocks,pareto,iobound,2000000,1,190,0.00,9158.80,0.34,3052.90,1
iobound,1000,rocks,pareto,iobound,2000000,1,200,0.00,9058.28,0.35,3019.39,1
iobound,1000,rocks,pareto,iobound,2000000,1,210,0.00,9080.52,0.43,3026.91,1
iobound,1000,rocks,pareto,iobound,2000000,1,220,0.00,8881.48,0.43,2960.49,1
iobound,1000,rocks,pareto,iobound,2000000,1,230,0.00,9175.41,0.34,3058.40,1
iobound,1000,rocks,pareto,iobound,2000000,1,240,0.00,9060.81,0.44,3020.30,1
iobound,1000,rocks,pareto,iobound,2000000,1,250,0.00,9128.79,0.36,3042.90,1
iobound,1000,rocks,pareto,iobound,2000000,1,260,0.00,9134.59,0.34,3044.90,1
iobound,1000,rocks,pareto,iobound,2000000,1,270,0.00,8697.20,0.43,2899.10,1
iobound,1000,rocks,pareto,iobound,2000000,1,280,0.00,8235.10,0.43,2745.00,1
iobound,1000,rocks,pareto,iobound,2000000,1,290,0.00,9196.20,0.34,3065.40,1
iobound,1000,rocks,pareto,iobound,2000000,1,300,0.00,9203.92,0.34,3068.01,1
iobound,1000,rocks,pareto,iobound,2000000,1,310,0.00,9215.80,0.34,3071.90,1
iobound,1000,rocks,pareto,iobound,2000000,1,320,0.00,8576.78,0.44,2858.89,1
iobound,1000,rocks,pareto,iobound,2000000,1,330,0.00,9110.10,0.36,3036.70,1
iobound,1000,rocks,pareto,iobound,2000000,1,340,0.00,9219.10,0.36,3073.10,1
iobound,1000,rocks,pareto,iobound,2000000,1,350,0.00,8721.70,0.44,2907.20,1
iobound,1000,rocks,pareto,iobound,2000000,1,360,0.00,9336.82,0.36,3112.31,1
iobound,1000,rocks,pareto,iobound,2000000,1,370,0.00,9094.19,0.43,3031.40,1
iobound,1000,rocks,pareto,iobound,2000000,1,380,0.00,7294.92,0.44,2431.61,1
iobound,1000,rocks,pareto,iobound,2000000,1,390,0.00,8184.98,0.45,2728.29,1
iobound,1000,rocks,pareto,iobound,2000000,1,400,0.00,9033.73,0.44,3011.31,1
iobound,1000,rocks,pareto,iobound,2000000,1,410,0.00,8204.49,0.43,2734.80,1
iobound,1000,rocks,pareto,iobound,2000000,1,420,0.00,8291.91,0.43,2764.00,1
iobound,1000,rocks,pareto,iobound,2000000,1,430,0.00,8265.60,0.43,2755.20,1
iobound,1000,rocks,pareto,iobound,2000000,1,440,0.00,9294.59,0.34,3098.20,1
iobound,1000,rocks,pareto,iobound,2000000,1,450,0.00,9087.09,0.36,3029.00,1
iobound,1000,rocks,pareto,iobound,2000000,1,460,0.00,8986.40,0.43,2995.50,1
iobound,1000,rocks,pareto,iobound,2000000,1,470,0.00,9090.40,0.43,3030.10,1
iobound,1000,rocks,pareto,iobound,2000000,1,480,0.00,9038.92,0.44,3013.01,1
iobound,1000,rocks,pareto,iobound,2000000,1,490,0.00,9265.90,0.33,3088.60,1
iobound,1000,rocks,pareto,iobound,2000000,1,500,0.00,9169.87,0.34,3056.59,1
iobound,1000,rocks,pareto,iobound,2000000,1,510,0.00,9163.91,0.44,3054.70,1
iobound,1000,rocks,pareto,iobound,2000000,1,520,0.00,9334.25,0.34,3111.38,1
iobound,1000,rocks,pareto,iobound,2000000,1,530,0.00,9194.66,0.34,3064.92,1
iobound,1000,rocks,pareto,iobound,2000000,1,540,0.00,9258.82,0.33,3086.21,1
iobound,1000,rocks,pareto,iobound,2000000,1,550,0.00,9288.08,0.34,3096.09,1
iobound,1000,rocks,pareto,iobound,2000000,1,560,0.00,9168.60,0.35,3056.20,1
iobound,1000,rocks,pareto,iobound,2000000,1,570,0.00,9165.89,0.36,3055.30,1
iobound,1000,rocks,pareto,iobound,2000000,1,580,0.00,9205.80,0.33,3068.60,1
iobound,1000,rocks,pareto,iobound,2000000,1,590,0.00,8477.40,0.44,2825.80,1
iobound,1000,rocks,pareto,iobound,2000000,1,600,0.00,9233.02,0.34,3077.61,1
iobound,1000,rocks,pareto,iobound,2000000,128,10,0.00,176923.07,8.50,58973.49,128
iobound,1000,rocks,pareto,iobound,2000000,128,20,0.00,181545.60,8.42,60514.73,128
iobound,1000,rocks,pareto,iobound,2000000,128,30,0.00,182954.47,8.43,60985.19,128
iobound,1000,rocks,pareto,iobound,2000000,128,40,0.00,183255.61,8.41,61085.30,128
iobound,1000,rocks,pareto,iobound,2000000,128,50,0.00,182214.43,8.49,60737.88,128
iobound,1000,rocks,pareto,iobound,2000000,128,60,0.00,183403.49,8.39,61134.73,128
iobound,1000,rocks,pareto,iobound,2000000,128,70,0.00,191283.49,8.13,63755.70,128
iobound,1000,rocks,pareto,iobound,2000000,128,80,0.00,191766.36,8.13,63922.22,128
iobound,1000,rocks,pareto,iobound,2000000,128,90,0.00,192058.94,8.15,64019.18,128
iobound,1000,rocks,pareto,iobound,2000000,128,100,0.00,192157.21,8.14,64052.57,128
iobound,1000,rocks,pareto,iobound,2000000,128,110,0.00,191751.78,8.14,63917.43,128
iobound,1000,rocks,pareto,iobound,2000000,128,120,0.00,191522.71,8.17,63840.70,128
iobound,1000,rocks,pareto,iobound,2000000,128,130,0.00,173305.20,8.47,57771.20,128
iobound,1000,rocks,pareto,iobound,2000000,128,140,0.00,172942.61,8.47,57647.40,128
iobound,1000,rocks,pareto,iobound,2000000,128,150,0.00,172714.74,8.50,57571.58,128
iobound,1000,rocks,pareto,iobound,2000000,128,160,0.00,172975.67,8.49,57658.92,128
iobound,1000,rocks,pareto,iobound,2000000,128,170,0.00,173311.99,8.53,57770.50,128
iobound,1000,rocks,pareto,iobound,2000000,128,180,0.00,173468.02,8.50,57822.41,128
iobound,1000,rocks,pareto,iobound,2000000,128,190,0.00,183595.19,8.37,61201.20,128
iobound,1000,rocks,pareto,iobound,2000000,128,200,0.00,183310.51,8.38,61104.00,128
iobound,1000,rocks,pareto,iobound,2000000,128,210,0.00,183297.59,8.36,61099.00,128
iobound,1000,rocks,pareto,iobound,2000000,128,220,0.00,183068.50,8.37,61022.77,128
iobound,1000,rocks,pareto,iobound,2000000,128,230,0.00,183516.35,8.40,61172.22,128
iobound,1000,rocks,pareto,iobound,2000000,128,240,0.00,183164.28,8.36,61054.43,128
iobound,1000,rocks,pareto,iobound,2000000,128,250,0.00,182466.47,8.43,60822.19,128
iobound,1000,rocks,pareto,iobound,2000000,128,260,0.00,182248.79,8.45,60749.80,128
iobound,1000,rocks,pareto,iobound,2000000,128,270,0.00,182457.21,8.44,60818.90,128
iobound,1000,rocks,pareto,iobound,2000000,128,280,0.00,182193.72,8.44,60731.51,128
iobound,1000,rocks,pareto,iobound,2000000,128,290,0.00,182422.25,8.42,60807.52,128
iobound,1000,rocks,pareto,iobound,2000000,128,300,0.00,182258.03,8.46,60752.78,128
iobound,1000,rocks,pareto,iobound,2000000,128,310,0.00,191760.52,8.15,63913.81,128
iobound,1000,rocks,pareto,iobound,2000000,128,320,0.00,192213.54,8.14,64072.08,128
iobound,1000,rocks,pareto,iobound,2000000,128,330,0.00,191809.10,8.23,63936.10,128
iobound,1000,rocks,pareto,iobound,2000000,128,340,0.00,192068.60,8.22,64022.60,128
iobound,1000,rocks,pareto,iobound,2000000,128,350,0.00,191822.41,8.14,63941.30,128
iobound,1000,rocks,pareto,iobound,2000000,128,360,0.00,191917.37,8.12,63971.76,128
iobound,1000,rocks,pareto,iobound,2000000,128,370,0.00,173716.39,8.47,57908.53,128
iobound,1000,rocks,pareto,iobound,2000000,128,380,0.00,173002.15,8.49,57667.28,128
iobound,1000,rocks,pareto,iobound,2000000,128,390,0.00,173095.29,8.49,57698.30,128
iobound,1000,rocks,pareto,iobound,2000000,128,400,0.00,173118.23,8.46,57706.41,128
iobound,1000,rocks,pareto,iobound,2000000,128,410,0.00,172924.97,8.50,57641.72,128
iobound,1000,rocks,pareto,iobound,2000000,128,420,0.00,173495.64,8.48,57831.18,128
iobound,1000,rocks,pareto,iobound,2000000,128,430,0.00,182963.23,8.40,60991.01,128
iobound,1000,rocks,pareto,iobound,2000000,128,440,0.00,183156.86,8.36,61052.59,128
iobound,1000,rocks,pareto,iobound,2000000,128,450,0.00,183039.65,8.38,61013.22,128
iobound,1000,rocks,pareto,iobound,2000000,128,460,0.00,183473.12,8.38,61157.41,128
iobound,1000,rocks,pareto,iobound,2000000,128,470,0.00,183161.96,8.36,61054.29,128
iobound,1000,rocks,pareto,iobound,2000000,128,480,0.00,183511.23,8.39,61170.31,128
iobound,1000,rocks,pareto,iobound,2000000,128,490,0.00,182730.30,8.40,60909.97,128
iobound,1000,rocks,pareto,iobound,2000000,128,500,0.00,182361.47,8.46,60787.12,128
iobound,1000,rocks,pareto,iobound,2000000,128,510,0.00,182806.13,8.46,60934.91,128
iobound,1000,rocks,pareto,iobound,2000000,128,520,0.00,182537.21,8.38,60846.30,128
iobound,1000,rocks,pareto,iobound,2000000,128,530,0.00,182326.38,8.45,60775.59,128
iobound,1000,rocks,pareto,iobound,2000000,128,540,0.00,182805.50,8.43,60935.20,128
iobound,1000,rocks,pareto,iobound,2000000,128,550,0.00,191536.45,8.16,63839.22,128
iobound,1000,rocks,pareto,iobound,2000000,128,560,0.00,191656.26,8.17,63886.19,128
iobound,1000,rocks,pareto,iobound,2000000,128,570,0.00,191666.36,8.19,63888.59,128
iobound,1000,rocks,pareto,iobound,2000000,128,580,0.00,191980.34,8.15,63993.58,128
iobound,1000,rocks,pareto,iobound,2000000,128,590,0.00,192131.27,8.13,64043.42,128
iobound,1000,rocks,pareto,iobound,2000000,123,600,0.00,191906.99,8.17,63968.90,128
iobound,1000,rocks,pareto,iobound,2000000,16,10,0.00,115452.12,0.47,38483.67,16
iobound,1000,rocks,pareto,iobound,2000000,16,20,0.00,114760.66,0.47,38253.65,16
iobound,1000,rocks,pareto,iobound,2000000,16,30,0.00,118252.63,0.47,39417.41,16
iobound,1000,rocks,pareto,iobound,2000000,16,40,0.00,117235.98,0.47,39078.79,16
iobound,1000,rocks,pareto,iobound,2000000,16,50,0.00,115502.12,0.47,38500.61,16
iobound,1000,rocks,pareto,iobound,2000000,16,60,0.00,113918.90,0.47,37973.00,16
iobound,1000,rocks,pareto,iobound,2000000,16,70,0.00,113914.50,0.47,37971.50,16
iobound,1000,rocks,pareto,iobound,2000000,16,80,0.00,113934.50,0.47,37978.20,16
iobound,1000,rocks,pareto,iobound,2000000,16,90,0.00,116566.14,0.47,38855.21,16
iobound,1000,rocks,pareto,iobound,2000000,16,100,0.00,116929.50,0.47,38976.60,16
iobound,1000,rocks,pareto,iobound,2000000,16,110,0.00,116409.37,0.47,38803.19,16
iobound,1000,rocks,pareto,iobound,2000000,16,120,0.00,116494.03,0.47,38831.11,16
iobound,1000,rocks,pareto,iobound,2000000,16,130,0.00,114799.26,0.47,38266.59,16
iobound,1000,rocks,pareto,iobound,2000000,16,140,0.00,115807.26,0.47,38602.32,16
iobound,1000,rocks,pareto,iobound,2000000,16,150,0.00,116623.96,0.47,38874.69,16
iobound,1000,rocks,pareto,iobound,2000000,16,160,0.00,116211.20,0.47,38737.20,16
iobound,1000,rocks,pareto,iobound,2000000,16,170,0.00,113754.91,0.47,37918.40,16
iobound,1000,rocks,pareto,iobound,2000000,16,180,0.00,116962.81,0.47,38987.20,16
iobound,1000,rocks,pareto,iobound,2000000,16,190,0.00,117288.28,0.47,39096.39,16
iobound,1000,rocks,pareto,iobound,2000000,16,200,0.00,116599.61,0.47,38866.60,16
iobound,1000,rocks,pareto,iobound,2000000,16,210,0.00,113604.33,0.47,37868.11,16
iobound,1000,rocks,pareto,iobound,2000000,16,220,0.00,117040.38,0.47,39013.19,16
iobound,1000,rocks,pareto,iobound,2000000,16,230,0.00,117043.21,0.47,39014.40,16
iobound,1000,rocks,pareto,iobound,2000000,16,240,0.00,115706.28,0.47,38568.89,16
iobound,1000,rocks,pareto,iobound,2000000,16,250,0.00,115450.08,0.47,38483.29,16
iobound,1000,rocks,pareto,iobound,2000000,16,260,0.00,115359.23,0.47,38453.21,16
iobound,1000,rocks,pareto,iobound,2000000,16,270,0.00,116356.88,0.47,38785.29,16
iobound,1000,rocks,pareto,iobound,2000000,16,280,0.00,114509.58,0.47,38170.29,16
iobound,1000,rocks,pareto,iobound,2000000,16,290,0.00,115451.02,0.47,38483.41,16
iobound,1000,rocks,pareto,iobound,2000000,16,300,0.00,116400.82,0.47,38800.31,16
iobound,1000,rocks,pareto,iobound,2000000,16,310,0.00,115510.09,0.47,38503.50,16
iobound,1000,rocks,pareto,iobound,2000000,16,320,0.00,115532.09,0.47,38510.90,16
iobound,1000,rocks,pareto,iobound,2000000,16,330,0.00,114920.78,0.47,38306.69,16
iobound,1000,rocks,pareto,iobound,2000000,16,340,0.00,117141.81,0.47,39047.30,16
iobound,1000,rocks,pareto,iobound,2000000,16,350,0.00,116185.21,0.47,38728.50,16
iobound,1000,rocks,pareto,iobound,2000000,16,360,0.00,116260.81,0.47,38753.50,16
iobound,1000,rocks,pareto,iobound,2000000,16,370,0.00,115755.12,0.47,38585.21,16
iobound,1000,rocks,pareto,iobound,2000000,16,380,0.00,114331.20,0.47,38110.30,16
iobound,1000,rocks,pareto,iobound,2000000,16,390,0.00,115538.42,0.47,38512.84,16
iobound,1000,rocks,pareto,iobound,2000000,16,400,0.00,116346.55,0.47,38781.85,16
iobound,1000,rocks,pareto,iobound,2000000,16,410,0.00,116379.40,0.47,38793.20,16
iobound,1000,rocks,pareto,iobound,2000000,16,420,0.00,115001.40,0.47,38334.10,16
iobound,1000,rocks,pareto,iobound,2000000,16,430,0.00,116790.28,0.47,38929.69,16
iobound,1000,rocks,pareto,iobound,2000000,16,440,0.00,116762.11,0.47,38921.10,16
iobound,1000,rocks,pareto,iobound,2000000,16,450,0.00,114805.02,0.47,38268.41,16
iobound,1000,rocks,pareto,iobound,2000000,16,460,0.00,113706.98,0.47,37902.19,16
iobound,1000,rocks,pareto,iobound,2000000,16,470,0.00,116979.51,0.47,38993.00,16
iobound,1000,rocks,pareto,iobound,2000000,16,480,0.00,112897.54,0.47,37632.68,16
iobound,1000,rocks,pareto,iobound,2000000,16,490,0.00,112779.08,0.47,37592.93,16
iobound,1000,rocks,pareto,iobound,2000000,16,500,0.00,114213.39,0.47,38071.20,16
iobound,1000,rocks,pareto,iobound,2000000,16,510,0.00,115772.03,0.47,38590.51,16
iobound,1000,rocks,pareto,iobound,2000000,16,520,0.00,115276.68,0.47,38425.49,16
iobound,1000,rocks,pareto,iobound,2000000,16,530,0.00,116429.64,0.47,38810.11,16
iobound,1000,rocks,pareto,iobound,2000000,16,540,0.00,116291.25,0.47,38763.78,16
iobound,1000,rocks,pareto,iobound,2000000,16,550,0.00,112050.80,0.47,37350.30,16
iobound,1000,rocks,pareto,iobound,2000000,16,560,0.00,115913.31,0.47,38637.50,16
iobound,1000,rocks,pareto,iobound,2000000,16,570,0.00,113997.81,0.47,37999.10,16
iobound,1000,rocks,pareto,iobound,2000000,16,580,0.00,115227.49,0.47,38409.60,16
iobound,1000,rocks,pareto,iobound,2000000,16,590,0.00,112270.29,0.47,37423.40,16
iobound,1000,rocks,pareto,iobound,2000000,16,600,0.00,112242.20,0.47,37414.00,16
iobound,1000,rocks,pareto,iobound,2000000,32,10,0.00,182483.34,0.60,60827.21,32
iobound,1000,rocks,pareto,iobound,2000000,32,20,0.00,186256.34,0.60,62085.31,32
iobound,1000,rocks,pareto,iobound,2000000,32,30,0.00,186708.02,0.60,62235.91,32
iobound,1000,rocks,pareto,iobound,2000000,32,40,0.00,186394.90,0.60,62131.90,32
iobound,1000,rocks,pareto,iobound,2000000,32,50,0.00,186493.32,0.60,62164.31,32
iobound,1000,rocks,pareto,iobound,2000000,32,60,0.00,187479.78,0.59,62493.09,32
iobound,1000,rocks,pareto,iobound,2000000,32,70,0.00,186681.61,0.60,62227.40,32
iobound,1000,rocks,pareto,iobound,2000000,32,80,0.00,186768.90,0.60,62256.00,32
iobound,1000,rocks,pareto,iobound,2000000,32,90,0.00,186700.03,0.60,62233.61,32
iobound,1000,rocks,pareto,iobound,2000000,32,100,0.00,186519.34,0.60,62172.98,32
iobound,1000,rocks,pareto,iobound,2000000,32,110,0.00,186473.62,0.60,62157.81,32
iobound,1000,rocks,pareto,iobound,2000000,32,120,0.00,186542.41,0.60,62180.80,32
iobound,1000,rocks,pareto,iobound,2000000,32,130,0.00,186459.12,0.60,62153.11,32
iobound,1000,rocks,pareto,iobound,2000000,32,140,0.00,186569.80,0.60,62190.20,32
iobound,1000,rocks,pareto,iobound,2000000,32,150,0.00,186440.47,0.60,62146.49,32
iobound,1000,rocks,pareto,iobound,2000000,32,160,0.00,185988.92,0.60,61996.61,32
iobound,1000,rocks,pareto,iobound,2000000,32,170,0.00,186317.19,0.60,62105.10,32
iobound,1000,rocks,pareto,iobound,2000000,32,180,0.00,186480.04,0.60,62160.78,32
iobound,1000,rocks,pareto,iobound,2000000,32,190,0.00,186319.86,0.60,62106.32,32
iobound,1000,rocks,pareto,iobound,2000000,32,200,0.00,186379.11,0.60,62126.40,32
iobound,1000,rocks,pareto,iobound,2000000,32,210,0.00,186244.00,0.60,62081.20,32
iobound,1000,rocks,pareto,iobound,2000000,32,220,0.00,186078.89,0.60,62026.10,32
iobound,1000,rocks,pareto,iobound,2000000,32,230,0.00,185764.92,0.61,61921.81,32
iobound,1000,rocks,pareto,iobound,2000000,32,240,0.00,185822.75,0.61,61941.08,32
iobound,1000,rocks,pareto,iobound,2000000,32,250,0.00,186481.39,0.60,62160.30,32
iobound,1000,rocks,pareto,iobound,2000000,32,260,0.00,186120.93,0.60,62040.41,32
iobound,1000,rocks,pareto,iobound,2000000,32,270,0.00,186369.11,0.60,62123.20,32
iobound,1000,rocks,pareto,iobound,2000000,32,280,0.00,186168.27,0.60,62056.19,32
iobound,1000,rocks,pareto,iobound,2000000,32,290,0.00,186038.94,0.61,62012.68,32
iobound,1000,rocks,pareto,iobound,2000000,32,300,0.00,186372.55,0.60,62124.42,32
iobound,1000,rocks,pareto,iobound,2000000,32,310,0.00,186363.70,0.60,62121.10,32
iobound,1000,rocks,pareto,iobound,2000000,32,320,0.00,186277.81,0.60,62092.40,32
iobound,1000,rocks,pareto,iobound,2000000,32,330,0.00,185541.07,0.61,61847.19,32
iobound,1000,rocks,pareto,iobound,2000000,32,340,0.00,185997.59,0.60,61999.50,32
iobound,1000,rocks,pareto,iobound,2000000,32,350,0.00,186012.04,0.61,62003.71,32
iobound,1000,rocks,pareto,iobound,2000000,32,360,0.00,186489.23,0.60,62163.21,32
iobound,1000,rocks,pareto,iobound,2000000,32,370,0.00,186354.60,0.60,62118.40,32
iobound,1000,rocks,pareto,iobound,2000000,32,380,0.00,185870.28,0.61,61956.29,32
iobound,1000,rocks,pareto,iobound,2000000,32,390,0.00,186104.11,0.60,62035.00,32
iobound,1000,rocks,pareto,iobound,2000000,32,400,0.00,186102.19,0.60,62034.00,32
iobound,1000,rocks,pareto,iobound,2000000,32,410,0.00,185723.32,0.61,61907.91,32
iobound,1000,rocks,pareto,iobound,2000000,32,420,0.00,186061.50,0.60,62020.40,32
iobound,1000,rocks,pareto,iobound,2000000,32,430,0.00,186292.50,0.60,62097.10,32
iobound,1000,rocks,pareto,iobound,2000000,32,440,0.00,186659.74,0.60,62220.18,32
iobound,1000,rocks,pareto,iobound,2000000,32,450,0.00,186775.24,0.60,62258.21,32
iobound,1000,rocks,pareto,iobound,2000000,32,460,0.00,186468.42,0.60,62156.11,32
iobound,1000,rocks,pareto,iobound,2000000,32,470,0.00,186356.21,0.60,62118.90,32
iobound,1000,rocks,pareto,iobound,2000000,32,480,0.00,186362.06,0.60,62120.79,32
iobound,1000,rocks,pareto,iobound,2000000,32,490,0.00,185834.38,0.61,61944.69,32
iobound,1000,rocks,pareto,iobound,2000000,32,500,0.00,186652.10,0.60,62217.50,32
iobound,1000,rocks,pareto,iobound,2000000,32,510,0.00,186021.91,0.60,62007.50,32
iobound,1000,rocks,pareto,iobound,2000000,32,520,0.00,186242.97,0.60,62080.89,32
iobound,1000,rocks,pareto,iobound,2000000,32,530,0.00,186244.10,0.60,62081.20,32
iobound,1000,rocks,pareto,iobound,2000000,32,540,0.00,186279.30,0.60,62093.10,32
iobound,1000,rocks,pareto,iobound,2000000,32,550,0.00,186085.81,0.61,62028.60,32
iobound,1000,rocks,pareto,iobound,2000000,32,560,0.00,186424.70,0.60,62141.50,32
iobound,1000,rocks,pareto,iobound,2000000,32,570,0.00,185940.92,0.60,61980.31,32
iobound,1000,rocks,pareto,iobound,2000000,32,580,0.00,186435.89,0.60,62145.40,32
iobound,1000,rocks,pareto,iobound,2000000,32,590,0.00,186734.05,0.60,62244.58,32
iobound,1000,rocks,pareto,iobound,2000000,29,600,0.00,185868.73,0.60,61956.31,32
iobound,1000,rocks,pareto,iobound,2000000,4,10,0.00,33195.57,0.45,11065.02,4
iobound,1000,rocks,pareto,iobound,2000000,4,20,0.00,34285.50,0.45,11428.50,4
iobound,1000,rocks,pareto,iobound,2000000,4,30,0.00,35319.01,0.35,11773.00,4
iobound,1000,rocks,pareto,iobound,2000000,4,40,0.00,34994.32,0.39,11664.91,4
iobound,1000,rocks,pareto,iobound,2000000,4,50,0.00,33469.47,0.46,11156.49,4
iobound,1000,rocks,pareto,iobound,2000000,4,60,0.00,34131.49,0.44,11377.13,4
iobound,1000,rocks,pareto,iobound,2000000,4,70,0.00,35058.13,0.36,11686.08,4
iobound,1000,rocks,pareto,iobound,2000000,4,80,0.00,34757.78,0.44,11585.89,4
iobound,1000,rocks,pareto,iobound,2000000,4,90,0.00,34533.60,0.44,11511.10,4
iobound,1000,rocks,pareto,iobound,2000000,4,100,0.00,35326.29,0.35,11775.60,4
iobound,1000,rocks,pareto,iobound,2000000,4,110,0.00,34833.31,0.45,11611.00,4
iobound,1000,rocks,pareto,iobound,2000000,4,120,0.00,34586.07,0.44,11528.62,4
iobound,1000,rocks,pareto,iobound,2000000,4,130,0.00,35519.92,0.36,11839.97,4
iobound,1000,rocks,pareto,iobound,2000000,4,140,0.00,34498.03,0.44,11499.41,4
iobound,1000,rocks,pareto,iobound,2000000,4,150,0.00,34808.98,0.39,11602.99,4
iobound,1000,rocks,pareto,iobound,2000000,4,160,0.00,33870.82,0.45,11290.21,4
iobound,1000,rocks,pareto,iobound,2000000,4,170,0.00,34856.77,0.40,11619.09,4
iobound,1000,rocks,pareto,iobound,2000000,4,180,0.00,34781.97,0.38,11593.92,4
iobound,1000,rocks,pareto,iobound,2000000,4,190,0.00,33892.03,0.46,11297.38,4
iobound,1000,rocks,pareto,iobound,2000000,4,200,0.00,33898.19,0.44,11299.30,4
iobound,1000,rocks,pareto,iobound,2000000,4,210,0.00,34960.10,0.39,11653.50,4
iobound,1000,rocks,pareto,iobound,2000000,4,220,0.00,34812.81,0.40,11604.20,4
iobound,1000,rocks,pareto,iobound,2000000,4,230,0.00,33677.73,0.44,11225.84,4
iobound,1000,rocks,pareto,iobound,2000000,4,240,0.00,34404.64,0.43,11468.28,4
iobound,1000,rocks,pareto,iobound,2000000,4,250,0.00,34448.73,0.45,11482.88,4
iobound,1000,rocks,pareto,iobound,2000000,4,260,0.00,35083.26,0.37,11694.35,4
iobound,1000,rocks,pareto,iobound,2000000,4,270,0.00,34914.21,0.41,11638.20,4
iobound,1000,rocks,pareto,iobound,2000000,4,280,0.00,34672.78,0.44,11557.59,4
iobound,1000,rocks,pareto,iobound,2000000,4,290,0.00,34188.31,0.44,11396.10,4
iobound,1000,rocks,pareto,iobound,2000000,4,300,0.00,33891.99,0.44,11297.30,4
iobound,1000,rocks,pareto,iobound,2000000,4,310,0.00,35168.52,0.36,11722.81,4
iobound,1000,rocks,pareto,iobound,2000000,4,320,0.00,35001.48,0.45,11667.19,4
iobound,1000,rocks,pareto,iobound,2000000,4,330,0.00,35438.20,0.36,11812.70,4
iobound,1000,rocks,pareto,iobound,2000000,4,340,0.00,34665.59,0.44,11555.20,4
iobound,1000,rocks,pareto,iobound,2000000,4,350,0.00,34348.22,0.44,11449.51,4
iobound,1000,rocks,pareto,iobound,2000000,4,360,0.00,34623.28,0.44,11540.99,4
iobound,1000,rocks,pareto,iobound,2000000,4,370,0.00,34800.71,0.44,11600.30,4
iobound,1000,rocks,pareto,iobound,2000000,4,380,0.00,35058.54,0.38,11686.18,4
iobound,1000,rocks,pareto,iobound,2000000,4,390,0.00,34759.57,0.44,11586.42,4
iobound,1000,rocks,pareto,iobound,2000000,4,400,0.00,34924.70,0.41,11641.50,4
iobound,1000,rocks,pareto,iobound,2000000,4,410,0.00,34105.29,0.45,11368.50,4
iobound,1000,rocks,pareto,iobound,2000000,4,420,0.00,34373.51,0.44,11457.80,4
iobound,1000,rocks,pareto,iobound,2000000,4,430,0.00,34485.21,0.45,11495.20,4
iobound,1000,rocks,pareto,iobound,2000000,4,440,0.00,34921.77,0.44,11640.46,4
iobound,1000,rocks,pareto,iobound,2000000,4,450,0.00,34444.82,0.45,11481.74,4
iobound,1000,rocks,pareto,iobound,2000000,4,460,0.00,35126.30,0.38,11708.80,4
iobound,1000,rocks,pareto,iobound,2000000,4,470,0.00,34670.40,0.45,11556.70,4
iobound,1000,rocks,pareto,iobound,2000000,4,480,0.00,33664.21,0.45,11221.40,4
iobound,1000,rocks,pareto,iobound,2000000,4,490,0.00,34979.68,0.43,11659.89,4
iobound,1000,rocks,pareto,iobound,2000000,4,500,0.00,34511.91,0.44,11504.00,4
iobound,1000,rocks,pareto,iobound,2000000,4,510,0.00,33580.71,0.44,11193.60,4
iobound,1000,rocks,pareto,iobound,2000000,4,520,0.00,34992.38,0.37,11664.09,4
iobound,1000,rocks,pareto,iobound,2000000,4,530,0.00,35545.20,0.35,11848.30,4
iobound,1000,rocks,pareto,iobound,2000000,4,540,0.00,34428.00,0.41,11476.00,4
iobound,1000,rocks,pareto,iobound,2000000,4,550,0.00,33909.80,0.45,11303.30,4
iobound,1000,rocks,pareto,iobound,2000000,4,560,0.00,35082.93,0.40,11694.38,4
iobound,1000,rocks,pareto,iobound,2000000,4,570,0.00,35306.48,0.35,11768.83,4
iobound,1000,rocks,pareto,iobound,2000000,4,580,0.00,33826.68,0.44,11275.59,4
iobound,1000,rocks,pareto,iobound,2000000,4,590,0.00,35149.60,0.37,11716.40,4
iobound,1000,rocks,pareto,iobound,2000000,3,600,0.00,35464.96,0.35,11821.69,4
iobound,1000,rocks,pareto,iobound,2000000,48,10,0.00,33769.62,1.30,11255.51,48
iobound,1000,rocks,pareto,iobound,2000000,48,20,0.00,197315.15,1.25,65771.48,48
iobound,1000,rocks,pareto,iobound,2000000,48,30,0.00,196868.67,1.26,65622.76,48
iobound,1000,rocks,pareto,iobound,2000000,48,40,0.00,196383.95,1.26,65461.58,48
iobound,1000,rocks,pareto,iobound,2000000,48,50,0.00,195749.44,1.27,65249.61,48
iobound,1000,rocks,pareto,iobound,2000000,48,60,0.00,197105.90,1.25,65702.33,48
iobound,1000,rocks,pareto,iobound,2000000,48,70,0.00,182826.21,1.33,60941.94,48
iobound,1000,rocks,pareto,iobound,2000000,48,80,0.00,185124.14,1.31,61707.91,48
iobound,1000,rocks,pareto,iobound,2000000,48,90,0.00,181801.14,1.37,60600.51,48
iobound,1000,rocks,pareto,iobound,2000000,48,100,0.00,182475.17,1.37,60824.99,48
iobound,1000,rocks,pareto,iobound,2000000,48,110,0.00,182470.60,1.37,60823.50,48
iobound,1000,rocks,pareto,iobound,2000000,48,120,0.00,184003.41,1.33,61334.40,48
iobound,1000,rocks,pareto,iobound,2000000,48,130,0.00,191799.57,1.29,63933.39,48
iobound,1000,rocks,pareto,iobound,2000000,48,140,0.00,187106.73,1.34,62368.61,48
iobound,1000,rocks,pareto,iobound,2000000,48,150,0.00,187377.25,1.33,62459.08,48
iobound,1000,rocks,pareto,iobound,2000000,48,160,0.00,189107.35,1.31,63035.78,48
iobound,1000,rocks,pareto,iobound,2000000,48,170,0.00,187380.07,1.33,62460.62,48
iobound,1000,rocks,pareto,iobound,2000000,48,180,0.00,187654.61,1.33,62551.20,48
iobound,1000,rocks,pareto,iobound,2000000,48,190,0.00,187157.33,1.34,62385.81,48
iobound,1000,rocks,pareto,iobound,2000000,48,200,0.00,189706.86,1.31,63235.59,48
iobound,1000,rocks,pareto,iobound,2000000,48,210,0.00,190434.11,1.31,63478.10,48
iobound,1000,rocks,pareto,iobound,2000000,48,220,0.00,189741.09,1.33,63246.90,48
iobound,1000,rocks,pareto,iobound,2000000,48,230,0.00,188134.40,1.34,62711.30,48
iobound,1000,rocks,pareto,iobound,2000000,48,240,0.00,190001.11,1.32,63333.90,48
iobound,1000,rocks,pareto,iobound,2000000,48,250,0.00,196349.19,1.26,65449.90,48
iobound,1000,rocks,pareto,iobound,2000000,48,260,0.00,197066.72,1.26,65688.41,48
iobound,1000,rocks,pareto,iobound,2000000,48,270,0.00,196322.99,1.26,65441.20,48
iobound,1000,rocks,pareto,iobound,2000000,48,280,0.00,196812.15,1.26,65604.02,48
iobound,1000,rocks,pareto,iobound,2000000,48,290,0.00,196973.27,1.26,65657.99,48
iobound,1000,rocks,pareto,iobound,2000000,48,300,0.00,196649.37,1.26,65550.09,48
iobound,1000,rocks,pareto,iobound,2000000,48,310,0.00,180184.12,1.38,60060.91,48
iobound,1000,rocks,pareto,iobound,2000000,48,320,0.00,185068.30,1.31,61689.50,48
iobound,1000,rocks,pareto,iobound,2000000,48,330,0.00,184677.62,1.31,61559.51,48
iobound,1000,rocks,pareto,iobound,2000000,48,340,0.00,185310.41,1.31,61770.00,48
iobound,1000,rocks,pareto,iobound,2000000,48,350,0.00,182931.20,1.35,60977.00,48
iobound,1000,rocks,pareto,iobound,2000000,48,360,0.00,184857.88,1.32,61619.19,48
iobound,1000,rocks,pareto,iobound,2000000,48,370,0.00,192082.91,1.29,64027.80,48
iobound,1000,rocks,pareto,iobound,2000000,48,380,0.00,188217.62,1.32,62738.77,48
iobound,1000,rocks,pareto,iobound,2000000,48,390,0.00,188579.24,1.31,62860.01,48
iobound,1000,rocks,pareto,iobound,2000000,48,400,0.00,188623.34,1.31,62874.71,48
iobound,1000,rocks,pareto,iobound,2000000,48,410,0.00,186484.19,1.35,62160.70,48
iobound,1000,rocks,pareto,iobound,2000000,48,420,0.00,188852.00,1.31,62951.00,48
iobound,1000,rocks,pareto,iobound,2000000,48,430,0.00,188956.24,1.31,62985.51,48
iobound,1000,rocks,pareto,iobound,2000000,48,440,0.00,190260.86,1.31,63420.39,48
iobound,1000,rocks,pareto,iobound,2000000,48,450,0.00,190547.02,1.30,63515.71,48
iobound,1000,rocks,pareto,iobound,2000000,48,460,0.00,189992.10,1.31,63330.50,48
iobound,1000,rocks,pareto,iobound,2000000,48,470,0.00,190436.98,1.30,63479.29,48
iobound,1000,rocks,pareto,iobound,2000000,48,480,0.00,190733.80,1.30,63577.70,48
iobound,1000,rocks,pareto,iobound,2000000,48,490,0.00,198061.39,1.24,66020.30,48
iobound,1000,rocks,pareto,iobound,2000000,48,500,0.00,197658.61,1.25,65886.20,48
iobound,1000,rocks,pareto,iobound,2000000,48,510,0.00,196773.38,1.26,65591.09,48
iobound,1000,rocks,pareto,iobound,2000000,48,520,0.00,196828.87,1.26,65609.86,48
iobound,1000,rocks,pareto,iobound,2000000,48,530,0.00,196964.31,1.26,65654.84,48
iobound,1000,rocks,pareto,iobound,2000000,48,540,0.00,196728.57,1.26,65575.92,48
iobound,1000,rocks,pareto,iobound,2000000,48,550,0.00,181819.75,1.35,60606.38,48
iobound,1000,rocks,pareto,iobound,2000000,48,560,0.00,183281.84,1.35,61094.21,48
iobound,1000,rocks,pareto,iobound,2000000,48,570,0.00,184890.37,1.32,61630.29,48
iobound,1000,rocks,pareto,iobound,2000000,48,580,0.00,183004.70,1.35,61001.20,48
iobound,1000,rocks,pareto,iobound,2000000,48,590,0.00,183063.88,1.34,61021.79,48
iobound,1000,rocks,pareto,iobound,2000000,45,600,0.00,184117.03,1.33,61371.98,48
iobound,1000,rocks,pareto,iobound,2000000,512,10,0.00,160807.57,40.75,53601.86,512
iobound,1000,rocks,pareto,iobound,2000000,512,20,0.00,163261.39,40.92,54420.23,512
iobound,1000,rocks,pareto,iobound,2000000,512,30,0.00,161700.71,41.73,53900.50,512
iobound,1000,rocks,pareto,iobound,2000000,512,40,0.00,163279.49,40.94,54426.50,512
iobound,1000,rocks,pareto,iobound,2000000,512,50,0.00,163628.82,40.68,54542.54,512
iobound,1000,rocks,pareto,iobound,2000000,512,60,0.00,163495.04,40.76,54498.75,512
iobound,1000,rocks,pareto,iobound,2000000,512,70,0.00,170850.70,39.94,56918.07,512
iobound,1000,rocks,pareto,iobound,2000000,512,80,0.00,171625.93,39.84,57208.94,512
iobound,1000,rocks,pareto,iobound,2000000,512,90,0.00,171950.31,39.78,57316.60,512
iobound,1000,rocks,pareto,iobound,2000000,512,100,0.00,171345.61,39.87,57115.60,512
iobound,1000,rocks,pareto,iobound,2000000,512,110,0.00,172121.21,39.87,57373.50,512
iobound,1000,rocks,pareto,iobound,2000000,512,120,0.00,171808.65,39.81,57269.68,512
iobound,1000,rocks,pareto,iobound,2000000,512,130,0.00,156809.77,42.13,52285.79,512
iobound,1000,rocks,pareto,iobound,2000000,512,140,0.00,154618.52,42.52,51539.27,512
iobound,1000,rocks,pareto,iobound,2000000,512,150,0.00,154761.12,42.33,51587.04,512
iobound,1000,rocks,pareto,iobound,2000000,512,160,0.00,154789.09,42.29,51596.40,512
iobound,1000,rocks,pareto,iobound,2000000,512,170,0.00,154431.83,42.56,51477.11,512
iobound,1000,rocks,pareto,iobound,2000000,512,180,0.00,154689.06,42.48,51563.05,512
iobound,1000,rocks,pareto,iobound,2000000,512,190,0.00,164453.06,40.98,54833.65,512
iobound,1000,rocks,pareto,iobound,2000000,512,200,0.00,165698.66,40.51,55232.79,512
iobound,1000,rocks,pareto,iobound,2000000,512,210,0.00,165463.10,40.58,55154.50,512
iobound,1000,rocks,pareto,iobound,2000000,512,220,0.00,165402.80,40.89,55134.20,512
iobound,1000,rocks,pareto,iobound,2000000,512,230,0.00,165076.81,40.70,55025.60,512
iobound,1000,rocks,pareto,iobound,2000000,512,240,0.00,165294.02,40.79,55098.41,512
iobound,1000,rocks,pareto,iobound,2000000,512,250,0.00,163931.09,40.80,54643.50,512
iobound,1000,rocks,pareto,iobound,2000000,512,260,0.00,163286.39,40.75,54428.80,512
iobound,1000,rocks,pareto,iobound,2000000,512,270,0.00,163372.31,40.69,54457.30,512
iobound,1000,rocks,pareto,iobound,2000000,512,280,0.00,163128.28,40.84,54376.36,512
iobound,1000,rocks,pareto,iobound,2000000,512,290,0.00,163247.95,40.85,54415.92,512
iobound,1000,rocks,pareto,iobound,2000000,512,300,0.00,163030.84,41.05,54343.41,512
iobound,1000,rocks,pareto,iobound,2000000,512,310,0.00,171058.72,40.18,56988.31,512
iobound,1000,rocks,pareto,iobound,2000000,512,320,0.00,171688.78,39.97,57229.13,512
iobound,1000,rocks,pareto,iobound,2000000,512,330,0.00,171399.83,39.88,57133.38,512
iobound,1000,rocks,pareto,iobound,2000000,512,340,0.00,171305.57,40.09,57101.29,512
iobound,1000,rocks,pareto,iobound,2000000,512,350,0.00,171403.50,40.06,57134.80,512
iobound,1000,rocks,pareto,iobound,2000000,512,360,0.00,171538.60,39.88,57179.70,512
iobound,1000,rocks,pareto,iobound,2000000,512,370,0.00,156672.53,42.24,52240.01,512
iobound,1000,rocks,pareto,iobound,2000000,512,380,0.00,155079.09,42.17,51693.06,512
iobound,1000,rocks,pareto,iobound,2000000,512,390,0.00,154593.97,42.38,51531.22,512
iobound,1000,rocks,pareto,iobound,2000000,512,400,0.00,154618.92,42.39,51539.71,512
iobound,1000,rocks,pareto,iobound,2000000,512,410,0.00,154637.50,42.29,51545.80,512
iobound,1000,rocks,pareto,iobound,2000000,512,420,0.00,154453.71,42.64,51484.40,512
iobound,1000,rocks,pareto,iobound,2000000,512,430,0.00,163999.60,41.12,54682.57,512
iobound,1000,rocks,pareto,iobound,2000000,512,440,0.00,164882.00,40.97,54960.87,512
iobound,1000,rocks,pareto,iobound,2000000,512,450,0.00,164851.79,40.81,54949.96,512
iobound,1000,rocks,pareto,iobound,2000000,512,460,0.00,164929.30,40.78,54977.10,512
iobound,1000,rocks,pareto,iobound,2000000,512,470,0.00,165140.93,40.81,55046.71,512
iobound,1000,rocks,pareto,iobound,2000000,512,480,0.00,164866.07,40.86,54955.29,512
iobound,1000,rocks,pareto,iobound,2000000,512,490,0.00,164080.64,40.50,54693.51,512
iobound,1000,rocks,pareto,iobound,2000000,512,500,0.00,163318.47,40.76,54439.89,512
iobound,1000,rocks,pareto,iobound,2000000,512,510,0.00,163480.03,40.65,54493.11,512
iobound,1000,rocks,pareto,iobound,2000000,512,520,0.00,163158.87,40.82,54386.59,512
iobound,1000,rocks,pareto,iobound,2000000,512,530,0.00,163196.11,40.86,54398.40,512
iobound,1000,rocks,pareto,iobound,2000000,512,540,0.00,163210.60,40.90,54403.50,512
iobound,1000,rocks,pareto,iobound,2000000,512,550,0.00,170497.55,40.04,56800.88,512
iobound,1000,rocks,pareto,iobound,2000000,512,560,0.00,171729.05,39.81,57243.02,512
iobound,1000,rocks,pareto,iobound,2000000,512,570,0.00,171338.32,39.92,57112.11,512
iobound,1000,rocks,pareto,iobound,2000000,512,580,0.00,171604.41,40.09,57202.27,512
iobound,1000,rocks,pareto,iobound,2000000,512,590,0.00,171935.16,39.66,57311.52,512
iobound,1000,rocks,pareto,iobound,2000000,507,600,0.00,171616.38,39.84,57205.49,512
iobound,10000,rocks,pareto,iobound,2000000,512,10,0.00,155810.87,40.19,51936.39,512
iobound,10000,rocks,pareto,iobound,2000000,512,20,0.00,160348.58,40.90,53449.43,512
iobound,10000,rocks,pareto,iobound,2000000,512,30,0.00,160622.37,40.74,53540.59,512
iobound,10000,rocks,pareto,iobound,2000000,512,40,0.00,160757.52,40.57,53585.81,512
iobound,10000,rocks,pareto,iobound,2000000,512,50,0.00,160149.57,40.86,53383.16,512
iobound,10000,rocks,pareto,iobound,2000000,512,60,0.00,160304.24,40.89,53434.95,512
iobound,10000,rocks,pareto,iobound,2000000,512,70,0.00,167632.54,40.03,55845.88,512
iobound,10000,rocks,pareto,iobound,2000000,512,80,0.00,168797.42,39.81,56265.71,512
iobound,10000,rocks,pareto,iobound,2000000,512,90,0.00,168712.09,39.94,56237.20,512
iobound,10000,rocks,pareto,iobound,2000000,512,100,0.00,168473.27,40.11,56157.59,512
iobound,10000,rocks,pareto,iobound,2000000,512,110,0.00,168914.81,39.74,56305.30,512
iobound,10000,rocks,pareto,iobound,2000000,512,120,0.00,168403.02,40.13,56134.21,512
iobound,10000,rocks,pareto,iobound,2000000,512,130,0.00,155842.36,42.19,51963.39,512
iobound,10000,rocks,pareto,iobound,2000000,512,140,0.00,152516.87,42.66,50838.59,512
iobound,10000,rocks,pareto,iobound,2000000,512,150,0.00,152536.61,42.62,50845.90,512
iobound,10000,rocks,pareto,iobound,2000000,512,160,0.00,153051.12,42.38,51016.71,512
iobound,10000,rocks,pareto,iobound,2000000,512,170,0.00,153013.92,42.15,51005.11,512
iobound,10000,rocks,pareto,iobound,2000000,512,180,0.00,152503.69,42.46,50834.30,512
iobound,10000,rocks,pareto,iobound,2000000,512,190,0.00,161201.41,41.24,53749.80,512
iobound,10000,rocks,pareto,iobound,2000000,512,200,0.00,162142.93,41.06,54047.51,512
iobound,10000,rocks,pareto,iobound,2000000,512,210,0.00,162983.00,40.59,54327.80,512
iobound,10000,rocks,pareto,iobound,2000000,512,220,0.00,162732.45,40.75,54243.98,512
iobound,10000,rocks,pareto,iobound,2000000,512,230,0.00,163359.22,40.47,54453.41,512
iobound,10000,rocks,pareto,iobound,2000000,512,240,0.00,162577.48,40.92,54192.49,512
iobound,10000,rocks,pareto,iobound,2000000,512,250,0.00,161258.69,40.74,53752.60,512
iobound,10000,rocks,pareto,iobound,2000000,512,260,0.00,160201.42,41.06,53400.77,512
iobound,10000,rocks,pareto,iobound,2000000,512,270,0.00,160347.78,40.92,53448.83,512
iobound,10000,rocks,pareto,iobound,2000000,512,280,0.00,160701.21,40.62,53567.10,512
iobound,10000,rocks,pareto,iobound,2000000,512,290,0.00,160283.21,40.86,53427.87,512
iobound,10000,rocks,pareto,iobound,2000000,512,300,0.00,160613.09,40.70,53537.83,512
iobound,10000,rocks,pareto,iobound,2000000,512,310,0.00,167202.59,40.16,55702.40,512
iobound,10000,rocks,pareto,iobound,2000000,512,320,0.00,168993.65,39.74,56331.48,512
iobound,10000,rocks,pareto,iobound,2000000,512,330,0.00,168781.03,39.84,56259.81,512
iobound,10000,rocks,pareto,iobound,2000000,512,340,0.00,168207.84,40.13,56069.81,512
iobound,10000,rocks,pareto,iobound,2000000,512,350,0.00,168678.39,40.05,56225.60,512
iobound,10000,rocks,pareto,iobound,2000000,512,360,0.00,168665.96,39.82,56222.29,512
