profile_level,workload,size,threads,ts,writes,reads,response_time,tps,user_provided_threads
pl0,oltp,2000000,1,1,1627.65,1629.65,1.88,3257.31,1
pl0,oltp,2000000,1,2,1673.01,1671.01,1.81,3344.01,1
pl0,oltp,2000000,1,3,1704.00,1704.00,1.78,3408.01,1
pl0,oltp,2000000,1,4,1670.98,1671.98,1.82,3342.96,1
pl0,oltp,2000000,1,5,1665.01,1664.01,1.82,3329.03,1
pl0,oltp,2000000,1,6,1653.00,1655.00,1.83,3307.99,1
pl0,oltp,2000000,1,7,1656.00,1655.00,1.83,3311.01,1
pl0,oltp,2000000,1,8,1658.01,1658.01,1.83,3316.01,1
pl0,oltp,2000000,1,9,1695.99,1694.99,1.82,3390.98,1
pl0,oltp,2000000,1,10,1694.96,1695.96,1.81,3390.91,1
pl0,oltp,2000000,1,11,1683.05,1683.05,1.81,3366.10,1
pl0,oltp,2000000,1,12,1709.99,1708.99,1.78,3418.98,1
pl0,oltp,2000000,1,13,1698.00,1701.00,1.81,3398.99,1
pl0,oltp,2000000,1,14,1677.01,1674.01,1.81,3351.02,1
pl0,oltp,2000000,1,15,1640.99,1640.99,1.86,3281.98,1
pl0,oltp,2000000,1,16,1681.00,1683.00,1.87,3364.01,1
pl0,oltp,2000000,1,17,1685.00,1683.00,1.81,3368.00,1
pl0,oltp,2000000,1,18,1566.00,1567.00,2.31,3133.00,1
pl0,oltp,2000000,1,19,1365.00,1364.00,2.31,2729.00,1
pl0,oltp,2000000,1,20,1452.00,1452.00,2.30,2904.01,1
pl0,oltp,2000000,1,21,1661.99,1663.99,1.82,3325.98,1
pl0,oltp,2000000,1,22,1661.99,1660.99,1.83,3322.98,1
pl0,oltp,2000000,1,23,1668.02,1667.02,1.82,3335.04,1
pl0,oltp,2000000,1,24,1662.01,1662.01,1.88,3324.01,1
pl0,oltp,2000000,1,25,1604.99,1604.99,1.90,3209.99,1
pl0,oltp,2000000,1,26,1590.00,1591.00,2.31,3181.00,1
pl0,oltp,2000000,1,27,1308.01,1307.01,2.32,2615.01,1
pl0,oltp,2000000,1,28,1535.99,1535.99,2.25,3071.99,1
pl0,oltp,2000000,1,29,1340.00,1341.00,2.26,2680.99,1
pl0,oltp,2000000,1,30,1339.01,1340.01,2.25,2679.01,1
pl0,oltp,2000000,16,1,21176.73,21189.73,2.49,42366.47,16
pl0,oltp,2000000,16,2,21811.06,21804.06,2.52,43615.11,16
pl0,oltp,2000000,16,3,21614.33,21617.33,2.50,43231.66,16
pl0,oltp,2000000,16,4,21714.67,21713.67,2.46,43428.34,16
pl0,oltp,2000000,16,5,21338.91,21333.91,2.47,42672.82,16
pl0,oltp,2000000,16,6,21580.23,21584.23,2.47,43164.47,16
pl0,oltp,2000000,16,7,21533.97,21533.97,2.55,43067.94,16
pl0,oltp,2000000,16,8,21409.86,21416.86,2.48,42826.71,16
pl0,oltp,2000000,16,9,21516.98,21511.98,2.52,43028.96,16
pl0,oltp,2000000,16,10,21670.00,21666.00,2.50,43335.99,16
pl0,oltp,2000000,16,11,21681.00,21688.00,2.49,43368.99,16
pl0,oltp,2000000,16,12,21279.04,21272.04,2.47,42551.07,16
pl0,oltp,2000000,16,13,21217.15,21220.15,2.46,42437.30,16
pl0,oltp,2000000,16,14,21679.85,21685.85,2.47,43365.69,16
pl0,oltp,2000000,16,15,21604.11,21603.11,2.61,43207.23,16
pl0,oltp,2000000,16,16,21460.71,21452.71,2.61,42913.43,16
pl0,oltp,2000000,16,17,21311.33,21313.33,2.61,42624.65,16
pl0,oltp,2000000,16,18,21079.87,21077.87,2.52,42157.73,16
pl0,oltp,2000000,16,19,20661.12,20667.12,2.57,41328.24,16
pl0,oltp,2000000,16,20,20873.95,20867.95,2.47,41741.91,16
pl0,oltp,2000000,16,21,19851.99,19852.99,2.59,39704.99,16
pl0,oltp,2000000,16,22,20984.87,20989.87,2.51,41974.74,16
pl0,oltp,2000000,16,23,21209.13,21206.13,2.53,42415.26,16
pl0,oltp,2000000,16,24,21374.05,21376.05,2.47,42750.10,16
pl0,oltp,2000000,16,25,21348.94,21342.94,2.46,42691.88,16
pl0,oltp,2000000,16,26,21321.89,21326.89,2.45,42648.77,16
pl0,oltp,2000000,16,27,21587.16,21587.16,2.51,43174.31,16
pl0,oltp,2000000,16,28,21781.01,21785.01,2.48,43566.02,16
pl0,oltp,2000000,16,29,21777.00,21770.00,2.47,43546.99,16
pl0,oltp,2000000,16,30,21569.00,21575.00,2.51,43143.99,16
pl0,oltp,2000000,256,1,27295.61,27532.59,68.75,54828.19,256
pl0,oltp,2000000,256,2,28974.78,28842.78,51.89,57817.56,256
pl0,oltp,2000000,256,3,28364.26,28369.26,52.59,56733.52,256
pl0,oltp,2000000,256,4,28162.00,28211.00,52.28,56372.99,256
pl0,oltp,2000000,256,5,27973.04,27976.04,52.09,55949.08,256
pl0,oltp,2000000,256,6,28533.93,28490.93,52.39,57024.86,256
pl0,oltp,2000000,256,7,28652.03,28652.03,54.33,57304.07,256
pl0,oltp,2000000,256,8,28722.09,28743.09,51.82,57465.18,256
pl0,oltp,2000000,256,9,28632.99,28618.99,52.29,57251.97,256
pl0,oltp,2000000,256,10,28628.94,28633.94,51.93,57262.89,256
pl0,oltp,2000000,256,11,28516.07,28535.07,52.17,57051.14,256
pl0,oltp,2000000,256,12,28548.98,28552.98,52.29,57101.97,256
pl0,oltp,2000000,256,13,28562.93,28557.93,53.78,57120.87,256
pl0,oltp,2000000,256,14,28531.99,28509.99,53.38,57041.99,256
pl0,oltp,2000000,256,15,28343.04,28356.04,52.70,56699.08,256
pl0,oltp,2000000,256,16,28467.01,28480.01,52.62,56947.02,256
pl0,oltp,2000000,256,17,28527.03,28503.03,52.17,57030.05,256
pl0,oltp,2000000,256,18,28749.97,28752.97,51.61,57502.94,256
pl0,oltp,2000000,256,19,28650.97,28656.97,52.09,57307.94,256
pl0,oltp,2000000,256,20,28618.02,28615.02,52.83,57233.03,256
pl0,oltp,2000000,256,21,28611.01,28628.01,52.95,57239.01,256
pl0,oltp,2000000,256,22,28502.95,28469.95,53.82,56972.89,256
pl0,oltp,2000000,256,23,28414.98,28418.98,52.94,56833.96,256
pl0,oltp,2000000,256,24,28606.05,28642.05,52.37,57248.10,256
pl0,oltp,2000000,256,25,28470.99,28449.99,52.59,56920.97,256
pl0,oltp,2000000,256,26,27312.97,27313.97,72.51,54626.95,256
pl0,oltp,2000000,256,27,27140.10,27142.10,53.77,54282.19,256
pl0,oltp,2000000,256,28,26272.10,26291.10,55.58,52563.20,256
pl0,oltp,2000000,256,29,26356.91,26335.91,55.29,52692.82,256
pl0,oltp,2000000,255,30,26296.91,26271.91,55.42,52568.82,256
pl0,oltp,2000000,32,1,33376.37,33385.36,3.82,66761.73,32
pl0,oltp,2000000,32,2,33792.05,33803.05,3.74,67595.11,32
pl0,oltp,2000000,32,3,33248.00,33246.00,3.83,66494.01,32
pl0,oltp,2000000,32,4,33489.46,33480.46,3.79,66969.93,32
pl0,oltp,2000000,32,5,33370.60,33387.60,3.81,66758.20,32
pl0,oltp,2000000,32,6,33368.93,33359.93,3.81,66728.87,32
pl0,oltp,2000000,32,7,33340.30,33349.30,3.80,66689.60,32
pl0,oltp,2000000,32,8,33470.49,33467.49,3.78,66937.98,32
pl0,oltp,2000000,32,9,33495.02,33493.02,3.77,66988.04,32
pl0,oltp,2000000,32,10,33379.01,33376.01,3.85,66755.01,32
pl0,oltp,2000000,32,11,33429.22,33422.22,3.81,66851.43,32
pl0,oltp,2000000,32,12,33223.79,33224.79,3.88,66448.58,32
pl0,oltp,2000000,32,13,33398.21,33402.21,3.79,66800.43,32
pl0,oltp,2000000,32,14,33154.93,33153.93,3.90,66308.85,32
pl0,oltp,2000000,32,15,33158.84,33151.84,3.90,66310.67,32
pl0,oltp,2000000,32,16,33222.27,33242.27,3.85,66464.53,32
pl0,oltp,2000000,32,17,33623.76,33607.76,3.78,67231.52,32
pl0,oltp,2000000,32,18,33434.21,33438.21,3.76,66872.43,32
pl0,oltp,2000000,32,19,33338.50,33346.50,3.88,66685.01,32
pl0,oltp,2000000,32,20,33409.53,33402.53,3.82,66812.05,32
pl0,oltp,2000000,32,21,33488.65,33491.65,3.93,66980.31,32
pl0,oltp,2000000,32,22,33416.37,33417.37,3.80,66833.74,32
pl0,oltp,2000000,32,23,31059.92,31054.92,3.90,62114.85,32
pl0,oltp,2000000,32,24,33410.96,33407.96,3.83,66818.92,32
pl0,oltp,2000000,32,25,33264.01,33266.01,3.92,66530.03,32
pl0,oltp,2000000,32,26,33384.82,33395.82,3.87,66780.63,32
pl0,oltp,2000000,32,27,33321.18,33324.18,3.83,66645.36,32
pl0,oltp,2000000,32,28,33128.83,33114.83,4.02,66243.66,32
pl0,oltp,2000000,32,29,33443.26,33443.26,3.82,66886.51,32
pl0,oltp,2000000,31,30,33336.94,33340.94,3.87,66677.88,32
pl0,oltp,2000000,4,1,6070.04,6075.04,2.18,12145.07,4
pl0,oltp,2000000,4,2,6408.02,6407.02,2.03,12815.04,4
pl0,oltp,2000000,4,3,6495.98,6497.98,1.90,12993.97,4
pl0,oltp,2000000,4,4,6314.99,6311.99,2.31,12626.97,4
pl0,oltp,2000000,4,5,6126.04,6123.04,2.32,12249.07,4
pl0,oltp,2000000,4,6,5730.01,5730.01,2.34,11460.02,4
pl0,oltp,2000000,4,7,5783.91,5783.91,2.32,11567.82,4
pl0,oltp,2000000,4,8,5760.07,5765.07,2.32,11525.14,4
pl0,oltp,2000000,4,9,5836.97,5832.97,2.33,11669.95,4
pl0,oltp,2000000,4,10,6395.96,6395.96,1.93,12791.92,4
pl0,oltp,2000000,4,11,6459.02,6459.02,1.90,12918.03,4
pl0,oltp,2000000,4,12,6388.02,6389.02,1.98,12777.05,4
pl0,oltp,2000000,4,13,6456.95,6458.95,1.90,12915.90,4
pl0,oltp,2000000,4,14,6267.02,6267.02,2.30,12534.04,4
pl0,oltp,2000000,4,15,6147.01,6145.01,2.39,12292.03,4
pl0,oltp,2000000,4,16,6425.04,6423.04,2.03,12848.08,4
pl0,oltp,2000000,4,17,6408.97,6411.97,2.05,12820.94,4
pl0,oltp,2000000,4,18,6374.05,6379.05,2.11,12753.09,4
pl0,oltp,2000000,4,19,6452.94,6449.94,2.04,12902.88,4
pl0,oltp,2000000,4,20,6474.00,6469.00,1.91,12943.00,4
pl0,oltp,2000000,4,21,6093.00,6096.00,2.54,12189.00,4
pl0,oltp,2000000,4,22,6062.99,6059.99,2.36,12122.97,4
pl0,oltp,2000000,4,23,6194.99,6196.99,2.13,12391.97,4
pl0,oltp,2000000,4,24,6393.03,6392.03,1.99,12785.05,4
pl0,oltp,2000000,4,25,6362.98,6362.98,2.04,12725.95,4
pl0,oltp,2000000,4,26,6504.00,6504.00,1.96,13008.01,4
pl0,oltp,2000000,4,27,6258.02,6257.02,2.38,12515.05,4
pl0,oltp,2000000,4,28,5925.99,5927.99,2.38,11853.99,4
pl0,oltp,2000000,4,29,6269.96,6272.96,2.27,12542.93,4
pl0,oltp,2000000,4,30,6383.07,6378.07,2.04,12761.13,4
pl0,oltp,2000000,64,1,29773.60,29801.60,10.30,59575.20,64
pl0,oltp,2000000,64,2,29858.11,29868.11,9.57,59726.23,64
pl0,oltp,2000000,64,3,29963.96,29951.96,9.62,59915.91,64
pl0,oltp,2000000,64,4,30221.95,30242.95,9.62,60464.90,64
pl0,oltp,2000000,64,5,30296.89,30281.89,9.75,60578.78,64
pl0,oltp,2000000,64,6,30326.14,30331.14,9.79,60657.28,64
pl0,oltp,2000000,64,7,30549.78,30547.78,9.54,61097.57,64
pl0,oltp,2000000,64,8,30558.26,30552.26,9.57,61110.52,64
pl0,oltp,2000000,64,9,30561.97,30565.97,9.64,61127.94,64
pl0,oltp,2000000,64,10,30515.00,30524.00,9.68,61039.00,64
pl0,oltp,2000000,64,11,30598.99,30602.99,9.60,61201.98,64
pl0,oltp,2000000,64,12,30469.85,30450.86,9.68,60920.71,64
pl0,oltp,2000000,64,13,30434.17,30442.17,9.83,60876.35,64
pl0,oltp,2000000,64,14,30546.70,30545.70,9.68,61092.40,64
pl0,oltp,2000000,64,15,28146.15,28140.15,10.14,56286.30,64
pl0,oltp,2000000,64,16,28704.93,28717.93,10.38,57422.86,64
pl0,oltp,2000000,64,17,29227.03,29230.03,9.95,58457.06,64
pl0,oltp,2000000,64,18,30383.97,30380.97,9.74,60764.94,64
pl0,oltp,2000000,64,19,30289.02,30281.02,9.74,60570.04,64
pl0,oltp,2000000,64,20,30262.93,30259.93,9.77,60522.85,64
pl0,oltp,2000000,64,21,30380.94,30403.94,9.61,60784.89,64
pl0,oltp,2000000,64,22,30432.12,30417.12,9.66,60849.24,64
pl0,oltp,2000000,64,23,30350.04,30361.04,9.89,60711.09,64
pl0,oltp,2000000,64,24,30577.97,30558.97,9.72,61136.93,64
pl0,oltp,2000000,64,25,30475.96,30491.96,9.66,60967.92,64
pl0,oltp,2000000,64,26,30365.19,30356.19,9.74,60721.38,64
pl0,oltp,2000000,64,27,30266.81,30272.81,9.69,60539.62,64
pl0,oltp,2000000,64,28,30383.07,30373.07,9.63,60756.14,64
pl0,oltp,2000000,64,29,30228.05,30225.05,9.77,60453.09,64
pl0,oltp,2000000,64,30,30276.93,30270.93,9.66,60547.87,64
pl0,oltp,2000000,8,1,11967.01,11970.01,2.33,23937.02,8
pl0,oltp,2000000,8,2,12219.01,12218.01,2.39,24437.03,8
pl0,oltp,2000000,8,3,12400.00,12402.00,2.25,24801.99,8
pl0,oltp,2000000,8,4,12203.63,12207.63,2.41,24411.27,8
pl0,oltp,2000000,8,5,11864.35,11862.35,2.40,23726.69,8
pl0,oltp,2000000,8,6,12041.97,12039.97,2.42,24081.95,8
pl0,oltp,2000000,8,7,11804.03,11803.03,2.42,23607.05,8
pl0,oltp,2000000,8,8,11176.01,11174.01,2.42,22350.02,8
pl0,oltp,2000000,8,9,11163.95,11170.95,2.43,22334.89,8
pl0,oltp,2000000,8,10,11411.00,11406.00,2.43,22817.00,8
pl0,oltp,2000000,8,11,11803.06,11806.06,2.44,23609.12,8
pl0,oltp,2000000,8,12,11805.02,11803.02,2.42,23608.03,8
pl0,oltp,2000000,8,13,12041.92,12048.92,2.33,24090.85,8
pl0,oltp,2000000,8,14,11830.05,11823.05,2.42,23653.10,8
pl0,oltp,2000000,8,15,11949.00,11949.00,2.42,23898.00,8
pl0,oltp,2000000,8,16,11871.03,11873.03,2.41,23744.06,8
pl0,oltp,2000000,8,17,11680.99,11676.99,2.42,23357.99,8
pl0,oltp,2000000,8,18,11426.94,11428.94,2.42,22855.87,8
pl0,oltp,2000000,8,19,11902.01,11899.01,2.43,23801.01,8
pl0,oltp,2000000,8,20,11820.99,11823.99,2.44,23644.97,8
pl0,oltp,2000000,8,21,11749.01,11754.01,2.42,23503.02,8
pl0,oltp,2000000,8,22,11745.08,11741.08,2.37,23486.16,8
pl0,oltp,2000000,8,23,12196.96,12191.96,2.23,24388.91,8
pl0,oltp,2000000,8,24,12045.96,12050.96,2.41,24096.92,8
pl0,oltp,2000000,8,25,12205.98,12207.98,2.33,24413.96,8
pl0,oltp,2000000,8,26,12078.02,12076.02,2.39,24154.04,8
pl0,oltp,2000000,8,27,11844.08,11844.08,2.33,23688.16,8
pl0,oltp,2000000,8,28,11662.96,11672.96,2.37,23335.91,8
pl0,oltp,2000000,8,29,12212.99,12199.99,2.34,24412.99,8
pl0,oltp,2000000,8,30,12075.97,12077.97,2.36,24153.93,8
pl0,oltp_ro,2000000,1,1,0.00,3094.17,0.99,3094.17,1
pl0,oltp_ro,2000000,1,2,0.00,3110.02,0.98,3110.02,1
pl0,oltp_ro,2000000,1,3,0.00,3111.97,0.98,3111.97,1
pl0,oltp_ro,2000000,1,4,0.00,3118.03,0.98,3118.03,1
pl0,oltp_ro,2000000,1,5,0.00,2935.99,1.09,2935.99,1
pl0,oltp_ro,2000000,1,6,0.00,3146.97,0.97,3146.97,1
pl0,oltp_ro,2000000,1,7,0.00,3000.00,1.36,3000.00,1
pl0,oltp_ro,2000000,1,8,0.00,2213.00,1.37,2213.00,1
pl0,oltp_ro,2000000,1,9,0.00,2214.99,1.37,2214.99,1
pl0,oltp_ro,2000000,1,10,0.00,2217.00,1.37,2217.00,1
pl0,oltp_ro,2000000,1,11,0.00,2215.02,1.37,2215.02,1
pl0,oltp_ro,2000000,1,12,0.00,3046.99,0.99,3046.99,1
pl0,oltp_ro,2000000,1,13,0.00,3084.02,0.99,3084.02,1
pl0,oltp_ro,2000000,1,14,0.00,3081.01,0.99,3081.01,1
pl0,oltp_ro,2000000,1,15,0.00,3044.98,1.00,3044.98,1
pl0,oltp_ro,2000000,1,16,0.00,3054.02,1.00,3054.02,1
pl0,oltp_ro,2000000,1,17,0.00,3093.00,0.99,3093.00,1
pl0,oltp_ro,2000000,1,18,0.00,3023.91,1.32,3023.91,1
pl0,oltp_ro,2000000,1,19,0.00,3147.07,0.96,3147.07,1
pl0,oltp_ro,2000000,1,20,0.00,3117.01,0.99,3117.01,1
pl0,oltp_ro,2000000,1,21,0.00,3063.99,1.00,3063.99,1
pl0,oltp_ro,2000000,1,22,0.00,3035.02,1.33,3035.02,1
pl0,oltp_ro,2000000,1,23,0.00,2277.00,1.33,2277.00,1
pl0,oltp_ro,2000000,1,24,0.00,2714.99,1.32,2714.99,1
pl0,oltp_ro,2000000,1,25,0.00,3053.99,0.99,3053.99,1
pl0,oltp_ro,2000000,1,26,0.00,3063.03,1.02,3063.03,1
pl0,oltp_ro,2000000,1,27,0.00,3104.98,0.98,3104.98,1
pl0,oltp_ro,2000000,1,28,0.00,3105.00,1.00,3105.00,1
pl0,oltp_ro,2000000,1,29,0.00,2978.99,1.05,2978.99,1
pl0,oltp_ro,2000000,1,30,0.00,2487.01,1.38,2487.01,1
pl0,oltp_ro,2000000,16,1,0.00,38360.78,1.43,38360.78,16
pl0,oltp_ro,2000000,16,2,0.00,38921.76,1.42,38921.76,16
pl0,oltp_ro,2000000,16,3,0.00,38787.37,1.41,38787.37,16
pl0,oltp_ro,2000000,16,4,0.00,38808.04,1.41,38808.04,16
pl0,oltp_ro,2000000,16,5,0.00,39184.81,1.41,39184.81,16
pl0,oltp_ro,2000000,16,6,0.00,38821.17,1.41,38821.17,16
pl0,oltp_ro,2000000,16,7,0.00,38483.85,1.41,38483.85,16
pl0,oltp_ro,2000000,16,8,0.00,38017.15,1.41,38017.15,16
pl0,oltp_ro,2000000,16,9,0.00,38449.91,1.41,38449.91,16
pl0,oltp_ro,2000000,16,10,0.00,37671.13,1.42,37671.13,16
pl0,oltp_ro,2000000,16,11,0.00,38493.04,1.42,38493.04,16
pl0,oltp_ro,2000000,16,12,0.00,38846.75,1.42,38846.75,16
pl0,oltp_ro,2000000,16,13,0.00,37218.13,1.42,37218.13,16
pl0,oltp_ro,2000000,16,14,0.00,39021.02,1.42,39021.02,16
pl0,oltp_ro,2000000,16,15,0.00,39204.03,1.41,39204.03,16
pl0,oltp_ro,2000000,16,16,0.00,37459.88,1.43,37459.88,16
pl0,oltp_ro,2000000,16,17,0.00,38816.13,1.41,38816.13,16
pl0,oltp_ro,2000000,16,18,0.00,38686.05,1.41,38686.05,16
pl0,oltp_ro,2000000,16,19,0.00,38402.96,1.41,38402.96,16
pl0,oltp_ro,2000000,16,20,0.00,36674.00,1.41,36674.00,16
pl0,oltp_ro,2000000,16,21,0.00,38076.78,1.41,38076.78,16
pl0,oltp_ro,2000000,16,22,0.00,37418.22,1.46,37418.22,16
pl0,oltp_ro,2000000,16,23,0.00,38262.01,1.41,38262.01,16
pl0,oltp_ro,2000000,16,24,0.00,37441.05,1.41,37441.05,16
pl0,oltp_ro,2000000,16,25,0.00,39498.86,1.41,39498.86,16
pl0,oltp_ro,2000000,16,26,0.00,37830.89,1.41,37830.89,16
pl0,oltp_ro,2000000,16,27,0.00,39048.96,1.42,39048.96,16
pl0,oltp_ro,2000000,16,28,0.00,38842.10,1.49,38842.10,16
pl0,oltp_ro,2000000,16,29,0.00,39305.81,1.48,39305.81,16
pl0,oltp_ro,2000000,16,30,0.00,37424.06,1.44,37424.06,16
pl0,oltp_ro,2000000,256,1,0.00,57958.35,29.18,57958.35,256
pl0,oltp_ro,2000000,256,2,0.00,58540.77,34.50,58540.77,256
pl0,oltp_ro,2000000,256,3,0.00,59146.95,34.00,59146.95,256
pl0,oltp_ro,2000000,256,4,0.00,59419.13,34.71,59419.13,256
pl0,oltp_ro,2000000,256,5,0.00,59341.93,34.44,59341.93,256
pl0,oltp_ro,2000000,256,6,0.00,59399.81,34.11,59399.81,256
pl0,oltp_ro,2000000,256,7,0.00,59320.26,34.11,59320.26,256
pl0,oltp_ro,2000000,256,8,0.00,59364.13,34.21,59364.13,256
pl0,oltp_ro,2000000,256,9,0.00,59169.77,33.88,59169.77,256
pl0,oltp_ro,2000000,256,10,0.00,59257.42,34.53,59257.42,256
pl0,oltp_ro,2000000,256,11,0.00,59490.64,33.91,59490.64,256
pl0,oltp_ro,2000000,256,12,0.00,59315.03,34.43,59315.03,256
pl0,oltp_ro,2000000,256,13,0.00,59600.93,33.88,59600.93,256
pl0,oltp_ro,2000000,256,14,0.00,59263.10,34.08,59263.10,256
pl0,oltp_ro,2000000,256,15,0.00,59385.88,34.41,59385.88,256
pl0,oltp_ro,2000000,256,16,0.00,58881.88,34.64,58881.88,256
pl0,oltp_ro,2000000,256,17,0.00,58778.77,34.88,58778.77,256
pl0,oltp_ro,2000000,256,18,0.00,59301.24,33.91,59301.24,256
pl0,oltp_ro,2000000,256,19,0.00,59363.05,34.85,59363.05,256
pl0,oltp_ro,2000000,256,20,0.00,59051.61,34.89,59051.61,256
pl0,oltp_ro,2000000,256,21,0.00,59355.52,34.32,59355.52,256
pl0,oltp_ro,2000000,256,22,0.00,59443.58,34.52,59443.58,256
pl0,oltp_ro,2000000,256,23,0.00,59153.23,33.78,59153.23,256
pl0,oltp_ro,2000000,256,24,0.00,59309.87,34.84,59309.87,256
pl0,oltp_ro,2000000,256,25,0.00,59266.32,34.17,59266.32,256
pl0,oltp_ro,2000000,256,26,0.00,59260.57,35.02,59260.57,256
pl0,oltp_ro,2000000,256,27,0.00,59385.17,34.07,59385.17,256
pl0,oltp_ro,2000000,256,28,0.00,59416.99,33.63,59416.99,256
pl0,oltp_ro,2000000,256,29,0.00,59298.13,34.12,59298.13,256
pl0,oltp_ro,2000000,255,30,0.00,59024.82,35.12,59024.82,256
pl0,oltp_ro,2000000,32,1,0.00,59452.29,2.16,59452.29,32
pl0,oltp_ro,2000000,32,2,0.00,59848.34,2.07,59848.34,32
pl0,oltp_ro,2000000,32,3,0.00,59720.98,2.11,59720.98,32
pl0,oltp_ro,2000000,32,4,0.00,59395.91,2.14,59395.91,32
pl0,oltp_ro,2000000,32,5,0.00,59610.91,2.12,59610.91,32
pl0,oltp_ro,2000000,32,6,0.00,59204.74,2.28,59204.74,32
pl0,oltp_ro,2000000,32,7,0.00,59222.38,2.29,59222.38,32
pl0,oltp_ro,2000000,32,8,0.00,59631.71,2.11,59631.71,32
pl0,oltp_ro,2000000,32,9,0.00,59748.08,2.14,59748.08,32
pl0,oltp_ro,2000000,32,10,0.00,60188.92,1.97,60188.92,32
pl0,oltp_ro,2000000,32,11,0.00,60017.06,2.03,60017.06,32
pl0,oltp_ro,2000000,32,12,0.00,59701.25,2.19,59701.25,32
pl0,oltp_ro,2000000,32,13,0.00,59538.62,2.19,59538.62,32
pl0,oltp_ro,2000000,32,14,0.00,59238.33,2.41,59238.33,32
pl0,oltp_ro,2000000,32,15,0.00,59484.71,2.16,59484.71,32
pl0,oltp_ro,2000000,32,16,0.00,59173.28,2.27,59173.28,32
pl0,oltp_ro,2000000,32,17,0.00,59322.94,2.32,59322.94,32
pl0,oltp_ro,2000000,32,18,0.00,59388.71,2.20,59388.71,32
pl0,oltp_ro,2000000,32,19,0.00,59805.35,2.19,59805.35,32
pl0,oltp_ro,2000000,32,20,0.00,59815.02,2.14,59815.02,32
pl0,oltp_ro,2000000,32,21,0.00,59809.72,2.10,59809.72,32
pl0,oltp_ro,2000000,32,22,0.00,59773.21,2.10,59773.21,32
pl0,oltp_ro,2000000,32,23,0.00,59676.82,2.12,59676.82,32
pl0,oltp_ro,2000000,32,24,0.00,59940.22,2.08,59940.22,32
pl0,oltp_ro,2000000,32,25,0.00,59774.01,2.17,59774.01,32
pl0,oltp_ro,2000000,32,26,0.00,59793.98,2.04,59793.98,32
pl0,oltp_ro,2000000,32,27,0.00,58964.72,2.42,58964.72,32
pl0,oltp_ro,2000000,32,28,0.00,59458.26,2.17,59458.26,32
pl0,oltp_ro,2000000,32,29,0.00,59691.02,2.15,59691.02,32
pl0,oltp_ro,2000000,32,30,0.00,60158.09,1.98,60158.09,32
pl0,oltp_ro,2000000,4,1,0.00,11594.62,1.15,11594.62,4
pl0,oltp_ro,2000000,4,2,0.00,11109.03,1.34,11109.03,4
pl0,oltp_ro,2000000,4,3,0.00,11130.93,1.35,11130.93,4
pl0,oltp_ro,2000000,4,4,0.00,11319.08,1.35,11319.08,4
pl0,oltp_ro,2000000,4,5,0.00,11355.00,1.38,11355.00,4
pl0,oltp_ro,2000000,4,6,0.00,11835.01,1.21,11835.01,4
pl0,oltp_ro,2000000,4,7,0.00,12187.89,1.01,12187.89,4
pl0,oltp_ro,2000000,4,8,0.00,12049.02,1.06,12049.02,4
pl0,oltp_ro,2000000,4,9,0.00,11997.01,1.05,11997.01,4
pl0,oltp_ro,2000000,4,10,0.00,11218.98,1.37,11218.98,4
pl0,oltp_ro,2000000,4,11,0.00,12116.06,1.02,12116.06,4
pl0,oltp_ro,2000000,4,12,0.00,11952.99,1.12,11952.99,4
pl0,oltp_ro,2000000,4,13,0.00,12028.02,1.12,12028.02,4
pl0,oltp_ro,2000000,4,14,0.00,12077.94,1.12,12077.94,4
pl0,oltp_ro,2000000,4,15,0.00,11928.10,1.12,11928.10,4
pl0,oltp_ro,2000000,4,16,0.00,12035.90,1.02,12035.90,4
pl0,oltp_ro,2000000,4,17,0.00,12048.06,1.06,12048.06,4
pl0,oltp_ro,2000000,4,18,0.00,11728.00,1.14,11728.00,4
pl0,oltp_ro,2000000,4,19,0.00,11709.95,1.18,11709.95,4
pl0,oltp_ro,2000000,4,20,0.00,11860.11,1.04,11860.11,4
pl0,oltp_ro,2000000,4,21,0.00,12026.91,1.12,12026.91,4
pl0,oltp_ro,2000000,4,22,0.00,11838.97,1.11,11838.97,4
pl0,oltp_ro,2000000,4,23,0.00,11892.09,1.19,11892.09,4
pl0,oltp_ro,2000000,4,24,0.00,11737.95,1.31,11737.95,4
pl0,oltp_ro,2000000,4,25,0.00,11150.91,1.34,11150.91,4
pl0,oltp_ro,2000000,4,26,0.00,11352.10,1.34,11352.10,4
pl0,oltp_ro,2000000,4,27,0.00,11691.98,1.33,11691.98,4
pl0,oltp_ro,2000000,4,28,0.00,12139.99,1.02,12139.99,4
pl0,oltp_ro,2000000,4,29,0.00,11567.01,1.34,11567.01,4
pl0,oltp_ro,2000000,4,30,0.00,11399.03,1.34,11399.03,4
pl0,oltp_ro,2000000,64,1,0.00,65491.79,5.38,65491.79,64
pl0,oltp_ro,2000000,64,2,0.00,65927.84,5.12,65927.84,64
pl0,oltp_ro,2000000,64,3,0.00,67134.42,4.84,67134.42,64
pl0,oltp_ro,2000000,64,4,0.00,66841.80,4.90,66841.80,64
pl0,oltp_ro,2000000,64,5,0.00,67049.21,4.86,67049.21,64
pl0,oltp_ro,2000000,64,6,0.00,67326.06,4.84,67326.06,64
pl0,oltp_ro,2000000,64,7,0.00,66790.44,4.91,66790.44,64
pl0,oltp_ro,2000000,64,8,0.00,67061.38,4.89,67061.38,64
pl0,oltp_ro,2000000,64,9,0.00,66916.23,4.87,66916.23,64
pl0,oltp_ro,2000000,64,10,0.00,66989.02,4.76,66989.02,64
pl0,oltp_ro,2000000,64,11,0.00,66620.79,4.92,66620.79,64
pl0,oltp_ro,2000000,64,12,0.00,66486.69,4.95,66486.69,64
pl0,oltp_ro,2000000,64,13,0.00,66954.05,4.89,66954.05,64
pl0,oltp_ro,2000000,64,14,0.00,66856.11,4.85,66856.11,64
pl0,oltp_ro,2000000,64,15,0.00,66719.95,4.89,66719.95,64
pl0,oltp_ro,2000000,64,16,0.00,66759.73,4.87,66759.73,64
pl0,oltp_ro,2000000,64,17,0.00,66632.22,4.89,66632.22,64
pl0,oltp_ro,2000000,64,18,0.00,66848.96,4.88,66848.96,64
pl0,oltp_ro,2000000,64,19,0.00,66349.08,4.92,66349.08,64
pl0,oltp_ro,2000000,64,20,0.00,66013.26,4.93,66013.26,64
pl0,oltp_ro,2000000,64,21,0.00,66444.67,4.91,66444.67,64
pl0,oltp_ro,2000000,64,22,0.00,66922.49,4.85,66922.49,64
pl0,oltp_ro,2000000,64,23,0.00,66852.61,4.87,66852.61,64
pl0,oltp_ro,2000000,64,24,0.00,66989.98,4.84,66989.98,64
pl0,oltp_ro,2000000,64,25,0.00,66557.09,4.97,66557.09,64
pl0,oltp_ro,2000000,64,26,0.00,66934.28,4.89,66934.28,64
pl0,oltp_ro,2000000,64,27,0.00,67003.92,4.82,67003.92,64
pl0,oltp_ro,2000000,64,28,0.00,66972.68,4.86,66972.68,64
pl0,oltp_ro,2000000,64,29,0.00,66341.09,4.90,66341.09,64
pl0,oltp_ro,2000000,64,30,0.00,66192.86,5.00,66192.86,64
pl0,oltp_ro,2000000,8,1,0.00,21767.41,1.38,21767.41,8
pl0,oltp_ro,2000000,8,2,0.00,23264.12,1.17,23264.12,8
pl0,oltp_ro,2000000,8,3,0.00,22680.42,1.27,22680.42,8
pl0,oltp_ro,2000000,8,4,0.00,23070.62,1.21,23070.62,8
pl0,oltp_ro,2000000,8,5,0.00,22733.08,1.25,22733.08,8
pl0,oltp_ro,2000000,8,6,0.00,22042.76,1.36,22042.76,8
pl0,oltp_ro,2000000,8,7,0.00,21870.09,1.36,21870.09,8
pl0,oltp_ro,2000000,8,8,0.00,23542.01,1.16,23542.01,8
pl0,oltp_ro,2000000,8,9,0.00,22653.94,1.21,22653.94,8
pl0,oltp_ro,2000000,8,10,0.00,21711.02,1.37,21711.02,8
pl0,oltp_ro,2000000,8,11,0.00,20883.01,1.38,20883.01,8
pl0,oltp_ro,2000000,8,12,0.00,21981.00,1.38,21981.00,8
pl0,oltp_ro,2000000,8,13,0.00,22736.96,1.36,22736.96,8
pl0,oltp_ro,2000000,8,14,0.00,21640.07,1.38,21640.07,8
pl0,oltp_ro,2000000,8,15,0.00,22065.03,1.37,22065.03,8
pl0,oltp_ro,2000000,8,16,0.00,22182.96,1.37,22182.96,8
pl0,oltp_ro,2000000,8,17,0.00,21870.12,1.37,21870.12,8
pl0,oltp_ro,2000000,8,18,0.00,21976.85,1.37,21976.85,8
pl0,oltp_ro,2000000,8,19,0.00,22258.99,1.35,22258.99,8
pl0,oltp_ro,2000000,8,20,0.00,21763.14,1.35,21763.14,8
pl0,oltp_ro,2000000,8,21,0.00,21634.89,1.38,21634.89,8
pl0,oltp_ro,2000000,8,22,0.00,21700.03,1.39,21700.03,8
pl0,oltp_ro,2000000,8,23,0.00,22568.88,1.36,22568.88,8
pl0,oltp_ro,2000000,8,24,0.00,22286.07,1.32,22286.07,8
pl0,oltp_ro,2000000,8,25,0.00,21959.00,1.39,21959.00,8
pl0,oltp_ro,2000000,8,26,0.00,21544.09,1.39,21544.09,8
pl0,oltp_ro,2000000,8,27,0.00,22010.94,1.38,22010.94,8
pl0,oltp_ro,2000000,8,28,0.00,21510.05,1.39,21510.05,8
pl0,oltp_ro,2000000,8,29,0.00,22391.98,1.38,22391.98,8
pl0,oltp_ro,2000000,8,30,0.00,22449.06,1.39,22449.06,8
pl1,oltp,2000000,1,1,1455.54,1455.54,2.14,2911.08,1
pl1,oltp,2000000,1,2,1608.01,1608.01,1.89,3216.02,1
pl1,oltp,2000000,1,3,1572.00,1572.00,1.93,3144.00,1
pl1,oltp,2000000,1,4,1574.96,1574.96,1.92,3149.93,1
pl1,oltp,2000000,1,5,1569.04,1569.04,1.93,3138.08,1
pl1,oltp,2000000,1,6,1572.00,1572.00,1.93,3144.00,1
pl1,oltp,2000000,1,7,1578.00,1578.00,1.93,3156.00,1
pl1,oltp,2000000,1,8,1623.00,1623.00,1.87,3246.00,1
pl1,oltp,2000000,1,9,1627.00,1629.00,1.86,3256.00,1
pl1,oltp,2000000,1,10,1586.00,1584.00,1.92,3169.99,1
pl1,oltp,2000000,1,11,1595.99,1598.99,1.97,3194.98,1
pl1,oltp,2000000,1,12,1590.01,1587.01,1.92,3177.02,1
pl1,oltp,2000000,1,13,1613.99,1613.99,1.92,3227.98,1
pl1,oltp,2000000,1,14,1515.00,1515.00,2.39,3029.99,1
pl1,oltp,2000000,1,15,1254.00,1256.00,2.41,2510.00,1
pl1,oltp,2000000,1,16,1257.01,1256.01,2.40,2513.01,1
pl1,oltp,2000000,1,17,1259.00,1259.00,2.40,2518.00,1
pl1,oltp,2000000,1,18,1255.00,1256.00,2.40,2511.00,1
pl1,oltp,2000000,1,19,1257.01,1255.01,2.41,2512.02,1
pl1,oltp,2000000,1,20,1253.99,1253.99,2.41,2507.99,1
pl1,oltp,2000000,1,21,1569.00,1569.00,1.93,3138.00,1
pl1,oltp,2000000,1,22,1563.01,1565.01,1.94,3128.02,1
pl1,oltp,2000000,1,23,1571.99,1571.99,1.93,3143.97,1
pl1,oltp,2000000,1,24,1575.00,1573.00,1.92,3148.01,1
pl1,oltp,2000000,1,25,1572.01,1573.01,1.93,3145.03,1
pl1,oltp,2000000,1,26,1568.99,1570.99,1.93,3139.97,1
pl1,oltp,2000000,1,27,1566.00,1563.00,1.94,3129.01,1
pl1,oltp,2000000,1,28,1560.00,1560.00,1.95,3120.00,1
pl1,oltp,2000000,1,29,1555.00,1557.00,1.95,3111.99,1
pl1,oltp,2000000,1,30,1556.01,1554.01,1.95,3110.02,1
pl1,oltp,2000000,16,1,20157.07,20160.07,2.56,40317.15,16
pl1,oltp,2000000,16,2,20829.15,20844.15,2.55,41673.30,16
pl1,oltp,2000000,16,3,20878.30,20867.30,2.53,41745.59,16
pl1,oltp,2000000,16,4,20997.85,21005.85,2.53,42003.71,16
pl1,oltp,2000000,16,5,20757.05,20749.05,2.54,41506.10,16
pl1,oltp,2000000,16,6,20809.68,20810.68,2.54,41620.36,16
pl1,oltp,2000000,16,7,20417.19,20422.19,2.58,40839.38,16
pl1,oltp,2000000,16,8,20349.87,20342.87,2.57,40692.74,16
pl1,oltp,2000000,16,9,20732.05,20734.05,2.55,41466.10,16
pl1,oltp,2000000,16,10,20841.91,20853.91,2.54,41695.82,16
pl1,oltp,2000000,16,11,20660.09,20650.09,2.56,41310.18,16
pl1,oltp,2000000,16,12,20583.14,20582.14,2.57,41165.28,16
pl1,oltp,2000000,16,13,20593.97,20587.97,2.56,41181.94,16
pl1,oltp,2000000,16,14,20783.10,20788.10,2.56,41571.19,16
pl1,oltp,2000000,16,15,20791.85,20791.85,2.54,41583.70,16
pl1,oltp,2000000,16,16,20667.17,20675.17,2.55,41342.33,16
pl1,oltp,2000000,16,17,21164.02,21159.02,2.55,42323.04,16
pl1,oltp,2000000,16,18,20949.80,20943.80,2.53,41893.61,16
pl1,oltp,2000000,16,19,20743.17,20752.17,2.54,41495.35,16
pl1,oltp,2000000,16,20,20471.99,20466.99,2.57,40938.97,16
pl1,oltp,2000000,16,21,20528.89,20526.89,2.56,41055.77,16
pl1,oltp,2000000,16,22,20395.02,20394.02,2.55,40789.04,16
pl1,oltp,2000000,16,23,20120.04,20135.04,2.56,40255.08,16
pl1,oltp,2000000,16,24,20126.02,20113.02,2.55,40239.03,16
pl1,oltp,2000000,16,25,20901.86,20898.86,2.54,41800.71,16
pl1,oltp,2000000,16,26,20612.11,20621.11,2.57,41233.22,16
pl1,oltp,2000000,16,27,20589.88,20579.88,2.61,41169.77,16
pl1,oltp,2000000,16,28,20778.06,20783.06,2.57,41561.12,16
pl1,oltp,2000000,16,29,20596.09,20605.09,2.54,41201.17,16
pl1,oltp,2000000,15,30,20768.85,20760.85,2.56,41529.70,16
pl1,oltp,2000000,256,1,26687.77,26918.74,71.26,53606.51,256
pl1,oltp,2000000,256,2,28592.08,28495.08,53.43,57087.16,256
pl1,oltp,2000000,256,3,28381.91,28381.91,53.16,56763.83,256
pl1,oltp,2000000,256,4,28008.08,28003.08,52.64,56011.16,256
pl1,oltp,2000000,256,5,27911.93,27938.93,52.80,55850.86,256
pl1,oltp,2000000,256,6,28232.02,28223.02,53.29,56455.04,256
pl1,oltp,2000000,256,7,28289.95,28259.95,52.64,56549.91,256
pl1,oltp,2000000,256,8,28176.13,28175.13,52.78,56351.26,256
pl1,oltp,2000000,256,9,28167.07,28162.07,53.54,56329.13,256
pl1,oltp,2000000,256,10,28206.89,28230.90,53.29,56437.79,256
pl1,oltp,2000000,256,11,28328.97,28326.97,54.03,56655.93,256
pl1,oltp,2000000,256,12,28229.04,28231.04,53.83,56460.07,256
pl1,oltp,2000000,256,13,28292.98,28309.98,52.48,56602.97,256
pl1,oltp,2000000,256,14,28432.87,28409.87,53.35,56842.73,256
pl1,oltp,2000000,256,15,28224.10,28230.10,53.40,56454.20,256
pl1,oltp,2000000,256,16,28316.94,28319.94,53.66,56636.88,256
pl1,oltp,2000000,256,17,28302.78,28294.78,53.24,56597.55,256
pl1,oltp,2000000,256,18,28172.30,28213.30,52.67,56385.61,256
pl1,oltp,2000000,256,19,28222.00,28171.00,53.51,56393.01,256
pl1,oltp,2000000,256,20,28140.98,28150.98,53.14,56291.96,256
pl1,oltp,2000000,256,21,28034.00,28042.00,53.67,56076.00,256
pl1,oltp,2000000,256,22,28401.96,28402.96,52.76,56804.92,256
pl1,oltp,2000000,256,23,28228.03,28202.03,53.93,56430.06,256
pl1,oltp,2000000,256,24,28183.95,28198.95,53.85,56382.90,256
pl1,oltp,2000000,256,25,28255.12,28270.12,53.30,56525.23,256
pl1,oltp,2000000,256,26,28231.64,28233.64,53.38,56465.28,256
pl1,oltp,2000000,256,27,26245.19,26217.19,73.38,52462.38,256
pl1,oltp,2000000,256,28,26402.92,26405.92,55.72,52808.83,256
pl1,oltp,2000000,256,29,26327.15,26320.15,56.07,52647.30,256
pl1,oltp,2000000,255,30,26321.83,26338.83,56.29,52660.66,256
pl1,oltp,2000000,32,1,32452.51,32472.51,3.89,64925.03,32
pl1,oltp,2000000,32,2,32432.01,32427.01,3.96,64859.02,32
pl1,oltp,2000000,32,3,32342.11,32352.11,4.00,64694.23,32
pl1,oltp,2000000,32,4,32125.33,32118.33,4.04,64243.66,32
pl1,oltp,2000000,32,5,32082.63,32080.63,4.06,64163.25,32
pl1,oltp,2000000,32,6,32454.02,32457.02,3.90,64911.05,32
pl1,oltp,2000000,32,7,32399.68,32406.68,3.94,64806.37,32
pl1,oltp,2000000,32,8,32361.25,32355.25,3.92,64716.50,32
pl1,oltp,2000000,32,9,32335.88,32333.88,3.99,64669.75,32
pl1,oltp,2000000,32,10,32340.19,32340.19,3.98,64680.38,32
pl1,oltp,2000000,32,11,32205.76,32201.76,3.96,64407.53,32
pl1,oltp,2000000,32,12,32151.20,32155.20,4.03,64306.41,32
pl1,oltp,2000000,32,13,32081.01,32080.01,4.06,64161.02,32
pl1,oltp,2000000,32,14,32054.81,32049.81,4.05,64104.62,32
pl1,oltp,2000000,32,15,32039.13,32040.13,4.17,64079.26,32
pl1,oltp,2000000,32,16,32133.99,32138.99,4.05,64272.99,32
pl1,oltp,2000000,32,17,32149.91,32156.91,3.98,64306.81,32
pl1,oltp,2000000,32,18,32297.10,32278.10,4.12,64575.20,32
pl1,oltp,2000000,32,19,32369.01,32381.01,3.93,64750.03,32
pl1,oltp,2000000,32,20,32526.04,32540.04,3.90,65066.07,32
pl1,oltp,2000000,32,21,32241.05,32227.05,4.05,64468.10,32
pl1,oltp,2000000,32,22,32217.73,32215.73,3.91,64433.47,32
pl1,oltp,2000000,32,23,30602.21,30615.21,3.96,61217.42,32
pl1,oltp,2000000,32,24,31943.99,31934.99,4.07,63878.97,32
pl1,oltp,2000000,32,25,32277.08,32280.08,3.99,64557.15,32
pl1,oltp,2000000,32,26,32465.88,32453.88,3.92,64919.77,32
pl1,oltp,2000000,32,27,32235.78,32242.78,3.95,64478.56,32
pl1,oltp,2000000,32,28,31972.19,31967.19,4.14,63939.38,32
pl1,oltp,2000000,32,29,32093.10,32101.10,4.13,64194.21,32
pl1,oltp,2000000,29,30,32508.00,32510.00,3.95,65018.00,32
pl1,oltp,2000000,4,1,7208.20,7209.20,1.77,14417.40,4
pl1,oltp,2000000,4,2,7377.01,7376.01,1.69,14753.02,4
pl1,oltp,2000000,4,3,7130.96,7132.96,2.08,14263.92,4
pl1,oltp,2000000,4,4,7072.04,7075.04,2.08,14147.07,4
pl1,oltp,2000000,4,5,6990.98,6989.98,2.10,13980.96,4
pl1,oltp,2000000,4,6,7032.80,7028.80,2.07,14061.61,4
pl1,oltp,2000000,4,7,6970.25,6972.25,2.09,13942.50,4
pl1,oltp,2000000,4,8,7006.96,7006.96,2.08,14013.91,4
pl1,oltp,2000000,4,9,7094.99,7094.99,2.08,14189.97,4
pl1,oltp,2000000,4,10,7347.06,7348.06,1.77,14695.13,4
pl1,oltp,2000000,4,11,7360.99,7361.99,1.68,14722.97,4
pl1,oltp,2000000,4,12,7398.92,7394.92,1.70,14793.83,4
pl1,oltp,2000000,4,13,7396.04,7403.04,1.69,14799.08,4
pl1,oltp,2000000,4,14,7400.00,7399.00,1.68,14798.99,4
pl1,oltp,2000000,4,15,7265.99,7261.99,1.69,14527.98,4
pl1,oltp,2000000,4,16,7401.96,7401.96,1.68,14803.92,4
pl1,oltp,2000000,4,17,7331.05,7332.05,1.69,14663.09,4
pl1,oltp,2000000,4,18,7244.97,7244.97,1.87,14489.94,4
pl1,oltp,2000000,4,19,6995.06,6996.06,2.26,13991.13,4
pl1,oltp,2000000,4,20,7251.95,7248.95,1.80,14500.90,4
pl1,oltp,2000000,4,21,7226.09,7231.09,1.81,14457.19,4
pl1,oltp,2000000,4,22,7110.91,7109.91,2.24,14220.83,4
pl1,oltp,2000000,4,23,7059.04,7057.04,2.23,14116.08,4
pl1,oltp,2000000,4,24,6728.98,6726.98,1.77,13455.95,4
pl1,oltp,2000000,4,25,7110.97,7112.97,2.07,14223.94,4
pl1,oltp,2000000,4,26,6860.02,6860.02,2.10,13720.05,4
pl1,oltp,2000000,4,27,7044.00,7042.00,2.04,14086.00,4
pl1,oltp,2000000,4,28,7342.01,7345.01,1.70,14687.02,4
pl1,oltp,2000000,4,29,7259.01,7256.01,2.05,14515.02,4
pl1,oltp,2000000,4,30,7380.02,7381.02,1.82,14761.04,4
pl1,oltp,2000000,64,1,29192.55,29238.55,10.49,58431.10,64
pl1,oltp,2000000,64,2,29532.08,29511.08,9.75,59043.17,64
pl1,oltp,2000000,64,3,29510.02,29506.02,9.91,59016.03,64
pl1,oltp,2000000,64,4,29829.02,29838.02,9.82,59667.04,64
pl1,oltp,2000000,64,5,30115.01,30104.01,9.77,60219.01,64
pl1,oltp,2000000,64,6,29845.02,29854.02,9.88,59699.03,64
pl1,oltp,2000000,64,7,29772.00,29795.00,9.95,59567.00,64
pl1,oltp,2000000,64,8,30048.97,30032.97,9.89,60081.94,64
pl1,oltp,2000000,64,9,29891.00,29900.00,9.89,59790.99,64
pl1,oltp,2000000,64,10,30188.80,30167.80,9.75,60356.60,64
pl1,oltp,2000000,64,11,30292.70,30304.70,9.71,60597.40,64
pl1,oltp,2000000,64,12,30085.44,30090.44,9.89,60175.88,64
pl1,oltp,2000000,64,13,29763.87,29765.87,9.98,59529.74,64
pl1,oltp,2000000,64,14,30045.77,30039.77,9.74,60085.53,64
pl1,oltp,2000000,64,15,30051.27,30050.27,9.88,60101.55,64
pl1,oltp,2000000,64,16,30079.03,30063.03,9.84,60142.05,64
pl1,oltp,2000000,64,17,29940.96,29957.96,9.78,59898.91,64
pl1,oltp,2000000,64,18,30143.07,30139.07,9.69,60282.15,64
pl1,oltp,2000000,64,19,30102.97,30103.97,9.82,60206.93,64
pl1,oltp,2000000,64,20,30001.97,30005.97,9.90,60007.95,64
pl1,oltp,2000000,64,21,29903.00,29902.00,9.95,59805.00,64
pl1,oltp,2000000,64,22,29845.02,29859.02,9.82,59704.03,64
pl1,oltp,2000000,64,23,30027.04,30017.04,9.71,60044.08,64
pl1,oltp,2000000,64,24,29972.94,29959.94,9.77,59932.88,64
pl1,oltp,2000000,64,25,28905.01,28908.01,10.21,57813.02,64
pl1,oltp,2000000,64,26,28189.01,28204.01,10.35,56393.01,64
pl1,oltp,2000000,64,27,28084.99,28067.99,10.34,56152.99,64
pl1,oltp,2000000,64,28,28971.71,28981.71,10.06,57953.41,64
pl1,oltp,2000000,64,29,29476.30,29472.30,9.89,58948.59,64
pl1,oltp,2000000,63,30,29616.99,29620.99,10.00,59237.97,64
pl1,oltp,2000000,8,1,11339.28,11343.28,2.43,22682.56,8
pl1,oltp,2000000,8,2,11659.02,11656.02,2.43,23315.04,8
pl1,oltp,2000000,8,3,11387.74,11389.74,2.46,22777.48,8
pl1,oltp,2000000,8,4,11386.27,11385.27,2.47,22771.54,8
pl1,oltp,2000000,8,5,11365.00,11365.00,2.46,22730.00,8
pl1,oltp,2000000,8,6,11180.00,11181.00,2.49,22360.99,8
pl1,oltp,2000000,8,7,11431.92,11429.92,2.46,22861.84,8
pl1,oltp,2000000,8,8,11312.01,11320.01,2.46,22632.02,8
pl1,oltp,2000000,8,9,11224.93,11221.93,2.47,22446.86,8
pl1,oltp,2000000,8,10,11148.04,11149.04,2.46,22297.07,8
pl1,oltp,2000000,8,11,11063.04,11058.04,2.51,22121.07,8
pl1,oltp,2000000,8,12,11470.07,11468.07,2.47,22938.15,8
pl1,oltp,2000000,8,13,11573.90,11575.90,2.42,23149.81,8
pl1,oltp,2000000,8,14,11700.10,11707.10,2.42,23407.19,8
pl1,oltp,2000000,8,15,11432.88,11428.88,2.43,22861.76,8
pl1,oltp,2000000,8,16,11788.10,11785.10,2.20,23573.20,8
pl1,oltp,2000000,8,17,11586.02,11589.02,2.48,23175.04,8
pl1,oltp,2000000,8,18,11719.87,11715.87,2.38,23435.74,8
pl1,oltp,2000000,8,19,11427.11,11429.11,2.47,22856.22,8
pl1,oltp,2000000,8,20,11551.99,11549.99,2.46,23101.98,8
pl1,oltp,2000000,8,21,11792.97,11792.97,2.28,23585.93,8
pl1,oltp,2000000,8,22,11880.03,11883.03,2.20,23763.06,8
pl1,oltp,2000000,8,23,11371.98,11371.98,2.50,22743.96,8
pl1,oltp,2000000,8,24,11340.05,11341.05,2.49,22681.09,8
pl1,oltp,2000000,8,25,11575.94,11573.94,2.50,23149.88,8
pl1,oltp,2000000,8,26,11380.00,11380.00,2.54,22760.00,8
pl1,oltp,2000000,8,27,11399.04,11402.04,2.52,22801.07,8
pl1,oltp,2000000,8,28,11574.94,11570.94,2.48,23145.88,8
pl1,oltp,2000000,8,29,11146.99,11144.99,2.48,22291.97,8
pl1,oltp,2000000,6,30,11384.97,11391.97,2.45,22776.94,8
pl1,oltp_ro,2000000,1,1,0.00,3040.17,1.00,3040.17,1
pl1,oltp_ro,2000000,1,2,0.00,2853.01,1.11,2853.01,1
pl1,oltp_ro,2000000,1,3,0.00,3065.98,0.99,3065.98,1
pl1,oltp_ro,2000000,1,4,0.00,3063.02,0.99,3063.02,1
pl1,oltp_ro,2000000,1,5,0.00,3044.98,1.00,3044.98,1
pl1,oltp_ro,2000000,1,6,0.00,2298.02,1.34,2298.02,1
pl1,oltp_ro,2000000,1,7,0.00,2253.00,1.34,2253.00,1
pl1,oltp_ro,2000000,1,8,0.00,2882.98,1.33,2882.98,1
pl1,oltp_ro,2000000,1,9,0.00,3051.02,1.03,3051.02,1
pl1,oltp_ro,2000000,1,10,0.00,3017.98,1.04,3017.98,1
pl1,oltp_ro,2000000,1,11,0.00,3081.02,0.99,3081.02,1
pl1,oltp_ro,2000000,1,12,0.00,3136.98,0.97,3136.98,1
pl1,oltp_ro,2000000,1,13,0.00,3088.00,0.99,3088.00,1
pl1,oltp_ro,2000000,1,14,0.00,3102.01,0.98,3102.01,1
pl1,oltp_ro,2000000,1,15,0.00,3066.01,0.99,3066.01,1
pl1,oltp_ro,2000000,1,16,0.00,3068.98,0.99,3068.98,1
pl1,oltp_ro,2000000,1,17,0.00,3072.00,1.00,3072.00,1
pl1,oltp_ro,2000000,1,18,0.00,3117.00,0.97,3117.00,1
pl1,oltp_ro,2000000,1,19,0.00,3063.01,1.03,3063.01,1
pl1,oltp_ro,2000000,1,20,0.00,3006.00,1.03,3006.00,1
pl1,oltp_ro,2000000,1,21,0.00,3003.01,1.01,3003.01,1
pl1,oltp_ro,2000000,1,22,0.00,3005.98,1.01,3005.98,1
pl1,oltp_ro,2000000,1,23,0.00,3096.02,0.99,3096.02,1
pl1,oltp_ro,2000000,1,24,0.00,3122.98,0.97,3122.98,1
pl1,oltp_ro,2000000,1,25,0.00,3120.00,0.97,3120.00,1
pl1,oltp_ro,2000000,1,26,0.00,3132.00,0.97,3132.00,1
pl1,oltp_ro,2000000,1,27,0.00,3132.01,0.97,3132.01,1
pl1,oltp_ro,2000000,1,28,0.00,3131.98,0.97,3131.98,1
pl1,oltp_ro,2000000,1,29,0.00,3132.00,0.97,3132.00,1
pl1,oltp_ro,2000000,1,30,0.00,2982.02,1.05,2982.02,1
pl1,oltp_ro,2000000,16,1,0.00,36875.66,1.47,36875.66,16
pl1,oltp_ro,2000000,16,2,0.00,37234.25,1.47,37234.25,16
pl1,oltp_ro,2000000,16,3,0.00,36561.88,1.47,36561.88,16
pl1,oltp_ro,2000000,16,4,0.00,35482.06,1.46,35482.06,16
pl1,oltp_ro,2000000,16,5,0.00,35874.94,1.46,35874.94,16
pl1,oltp_ro,2000000,16,6,0.00,36202.86,1.46,36202.86,16
pl1,oltp_ro,2000000,16,7,0.00,35930.23,1.46,35930.23,16
pl1,oltp_ro,2000000,16,8,0.00,36459.87,1.47,36459.87,16
pl1,oltp_ro,2000000,16,9,0.00,36973.99,1.48,36973.99,16
pl1,oltp_ro,2000000,16,10,0.00,36481.04,1.46,36481.04,16
pl1,oltp_ro,2000000,16,11,0.00,35263.00,1.55,35263.00,16
pl1,oltp_ro,2000000,16,12,0.00,35597.04,1.46,35597.04,16
pl1,oltp_ro,2000000,16,13,0.00,36437.92,1.46,36437.92,16
pl1,oltp_ro,2000000,16,14,0.00,36797.94,1.47,36797.94,16
pl1,oltp_ro,2000000,16,15,0.00,35807.21,1.46,35807.21,16
pl1,oltp_ro,2000000,16,16,0.00,35786.80,1.48,35786.80,16
pl1,oltp_ro,2000000,16,17,0.00,36636.23,1.46,36636.23,16
pl1,oltp_ro,2000000,16,18,0.00,36699.69,1.48,36698.69,16
pl1,oltp_ro,2000000,16,19,0.00,36862.09,1.57,36863.09,16
pl1,oltp_ro,2000000,16,20,0.00,35795.03,1.67,35795.03,16
pl1,oltp_ro,2000000,16,21,0.00,34699.94,1.70,34699.94,16
pl1,oltp_ro,2000000,16,22,0.00,35449.22,1.68,35449.22,16
pl1,oltp_ro,2000000,16,23,0.00,34859.85,1.68,34859.85,16
pl1,oltp_ro,2000000,16,24,0.00,36693.16,1.46,36693.16,16
pl1,oltp_ro,2000000,16,25,0.00,36809.82,1.47,36809.82,16
pl1,oltp_ro,2000000,16,26,0.00,36790.08,1.47,36790.08,16
pl1,oltp_ro,2000000,16,27,0.00,36794.19,1.46,36794.19,16
pl1,oltp_ro,2000000,16,28,0.00,36228.72,1.61,36228.72,16
pl1,oltp_ro,2000000,16,29,0.00,36070.01,1.47,36070.01,16
pl1,oltp_ro,2000000,14,30,0.00,34927.75,1.50,34927.75,16
pl1,oltp_ro,2000000,256,1,0.00,58189.87,30.25,58189.87,256
pl1,oltp_ro,2000000,256,2,0.00,58958.27,36.27,58958.27,256
pl1,oltp_ro,2000000,256,3,0.00,59224.93,35.11,59224.93,256
pl1,oltp_ro,2000000,256,4,0.00,58990.96,35.42,58990.96,256
pl1,oltp_ro,2000000,256,5,0.00,58964.04,34.86,58964.04,256
pl1,oltp_ro,2000000,256,6,0.00,58760.93,35.37,58760.93,256
pl1,oltp_ro,2000000,256,7,0.00,59056.01,35.36,59056.01,256
pl1,oltp_ro,2000000,256,8,0.00,58823.74,35.27,58823.74,256
pl1,oltp_ro,2000000,256,9,0.00,58988.22,35.46,58988.22,256
pl1,oltp_ro,2000000,256,10,0.00,59354.82,35.18,59354.82,256
pl1,oltp_ro,2000000,256,11,0.00,59135.17,35.31,59135.17,256
pl1,oltp_ro,2000000,256,12,0.00,58794.00,34.87,58794.00,256
pl1,oltp_ro,2000000,256,13,0.00,59038.99,35.04,59038.99,256
pl1,oltp_ro,2000000,256,14,0.00,58911.16,35.70,58911.16,256
pl1,oltp_ro,2000000,256,15,0.00,58747.88,35.19,58747.88,256
pl1,oltp_ro,2000000,256,16,0.00,58948.91,35.71,58948.91,256
pl1,oltp_ro,2000000,256,17,0.00,59529.38,36.52,59529.38,256
pl1,oltp_ro,2000000,256,18,0.00,59078.64,35.31,59078.64,256
pl1,oltp_ro,2000000,256,19,0.00,58725.45,35.85,58725.45,256
pl1,oltp_ro,2000000,256,20,0.00,59194.83,34.96,59194.83,256
pl1,oltp_ro,2000000,256,21,0.00,59192.80,35.00,59192.80,256
pl1,oltp_ro,2000000,256,22,0.00,59257.19,35.35,59257.19,256
pl1,oltp_ro,2000000,256,23,0.00,59076.56,35.09,59076.56,256
pl1,oltp_ro,2000000,256,24,0.00,58796.28,35.26,58796.28,256
pl1,oltp_ro,2000000,256,25,0.00,59352.68,36.03,59352.68,256
pl1,oltp_ro,2000000,256,26,0.00,59115.26,35.03,59115.26,256
pl1,oltp_ro,2000000,256,27,0.00,59059.89,35.46,59059.89,256
pl1,oltp_ro,2000000,256,28,0.00,59144.13,35.45,59144.13,256
pl1,oltp_ro,2000000,256,29,0.00,59459.75,35.79,59459.75,256
pl1,oltp_ro,2000000,255,30,0.00,59412.29,35.75,59412.29,256
pl1,oltp_ro,2000000,32,1,0.00,58075.42,2.22,58075.42,32
pl1,oltp_ro,2000000,32,2,0.00,58882.17,2.03,58882.17,32
pl1,oltp_ro,2000000,32,3,0.00,59046.69,1.96,59046.69,32
pl1,oltp_ro,2000000,32,4,0.00,58601.33,2.17,58601.33,32
pl1,oltp_ro,2000000,32,5,0.00,58701.13,2.14,58701.13,32
pl1,oltp_ro,2000000,32,6,0.00,58593.59,2.16,58593.59,32
pl1,oltp_ro,2000000,32,7,0.00,58770.37,2.04,58770.37,32
pl1,oltp_ro,2000000,32,8,0.00,58621.64,2.10,58621.64,32
pl1,oltp_ro,2000000,32,9,0.00,58305.33,2.12,58305.33,32
pl1,oltp_ro,2000000,32,10,0.00,58856.73,2.07,58856.73,32
pl1,oltp_ro,2000000,32,11,0.00,58984.19,1.99,58984.19,32
pl1,oltp_ro,2000000,32,12,0.00,58876.64,2.06,58876.64,32
pl1,oltp_ro,2000000,32,13,0.00,58746.46,2.08,58746.46,32
pl1,oltp_ro,2000000,32,14,0.00,58649.89,2.13,58649.89,32
pl1,oltp_ro,2000000,32,15,0.00,58620.70,2.14,58620.70,32
pl1,oltp_ro,2000000,32,16,0.00,58674.36,2.13,58674.36,32
pl1,oltp_ro,2000000,32,17,0.00,58124.01,2.32,58124.01,32
pl1,oltp_ro,2000000,32,18,0.00,58449.02,2.16,58449.02,32
pl1,oltp_ro,2000000,32,19,0.00,58823.60,2.05,58823.60,32
pl1,oltp_ro,2000000,32,20,0.00,58546.32,2.17,58546.32,32
pl1,oltp_ro,2000000,32,21,0.00,58507.94,2.20,58507.94,32
pl1,oltp_ro,2000000,32,22,0.00,58884.04,2.03,58884.04,32
pl1,oltp_ro,2000000,32,23,0.00,59045.02,1.98,59045.02,32
pl1,oltp_ro,2000000,32,24,0.00,58796.71,2.09,58796.71,32
pl1,oltp_ro,2000000,32,25,0.00,58805.96,2.05,58805.96,32
pl1,oltp_ro,2000000,32,26,0.00,58782.99,2.08,58782.99,32
pl1,oltp_ro,2000000,32,27,0.00,58781.32,2.12,58781.32,32
pl1,oltp_ro,2000000,32,28,0.00,58331.85,2.26,58331.85,32
pl1,oltp_ro,2000000,32,29,0.00,58798.13,2.06,58798.13,32
pl1,oltp_ro,2000000,29,30,0.00,58631.79,2.12,58631.79,32
pl1,oltp_ro,2000000,4,1,0.00,11424.91,1.17,11424.91,4
pl1,oltp_ro,2000000,4,2,0.00,11212.02,1.18,11212.02,4
pl1,oltp_ro,2000000,4,3,0.00,11584.88,1.17,11584.88,4
pl1,oltp_ro,2000000,4,4,0.00,11781.12,1.06,11781.12,4
pl1,oltp_ro,2000000,4,5,0.00,10578.00,1.44,10578.00,4
pl1,oltp_ro,2000000,4,6,0.00,11303.86,1.44,11303.86,4
pl1,oltp_ro,2000000,4,7,0.00,11765.10,1.06,11765.10,4
pl1,oltp_ro,2000000,4,8,0.00,11577.89,1.11,11577.89,4
pl1,oltp_ro,2000000,4,9,0.00,11701.03,1.07,11701.03,4
pl1,oltp_ro,2000000,4,10,0.00,11462.05,1.14,11462.05,4
pl1,oltp_ro,2000000,4,11,0.00,11684.92,1.11,11684.92,4
pl1,oltp_ro,2000000,4,12,0.00,11538.08,1.09,11538.08,4
pl1,oltp_ro,2000000,4,13,0.00,11559.94,1.15,11559.94,4
pl1,oltp_ro,2000000,4,14,0.00,11516.09,1.11,11516.09,4
pl1,oltp_ro,2000000,4,15,0.00,11552.99,1.11,11552.99,4
pl1,oltp_ro,2000000,4,16,0.00,11343.91,1.20,11343.91,4
pl1,oltp_ro,2000000,4,17,0.00,11009.14,1.43,11009.14,4
pl1,oltp_ro,2000000,4,18,0.00,10886.97,1.44,10886.97,4
pl1,oltp_ro,2000000,4,19,0.00,11616.63,1.07,11616.63,4
pl1,oltp_ro,2000000,4,20,0.00,11175.37,1.45,11175.37,4
pl1,oltp_ro,2000000,4,21,0.00,11486.01,1.42,11486.01,4
pl1,oltp_ro,2000000,4,22,0.00,11653.99,1.08,11653.99,4
pl1,oltp_ro,2000000,4,23,0.00,11280.97,1.36,11280.97,4
pl1,oltp_ro,2000000,4,24,0.00,11543.99,1.17,11543.99,4
pl1,oltp_ro,2000000,4,25,0.00,11670.06,1.14,11670.06,4
pl1,oltp_ro,2000000,4,26,0.00,11678.99,1.07,11678.99,4
pl1,oltp_ro,2000000,4,27,0.00,11577.00,1.18,11577.00,4
pl1,oltp_ro,2000000,4,28,0.00,11311.90,1.19,11311.90,4
pl1,oltp_ro,2000000,4,29,0.00,11397.11,1.16,11397.11,4
pl1,oltp_ro,2000000,4,30,0.00,11397.96,1.18,11397.96,4
pl1,oltp_ro,2000000,64,1,0.00,64813.00,5.35,64813.00,64
pl1,oltp_ro,2000000,64,2,0.00,65389.14,4.98,65389.14,64
pl1,oltp_ro,2000000,64,3,0.00,64669.84,5.03,64669.84,64
pl1,oltp_ro,2000000,64,4,0.00,64927.34,5.05,64927.34,64
pl1,oltp_ro,2000000,64,5,0.00,64953.73,5.05,64953.73,64
pl1,oltp_ro,2000000,64,6,0.00,64685.73,5.06,64685.73,64
pl1,oltp_ro,2000000,64,7,0.00,64219.92,5.07,64219.92,64
pl1,oltp_ro,2000000,64,8,0.00,64820.49,5.02,64820.49,64
pl1,oltp_ro,2000000,64,9,0.00,65291.58,4.91,65291.58,64
pl1,oltp_ro,2000000,64,10,0.00,64393.34,5.08,64393.34,64
pl1,oltp_ro,2000000,64,11,0.00,65480.63,4.99,65480.63,64
pl1,oltp_ro,2000000,64,12,0.00,65480.35,4.97,65480.35,64
pl1,oltp_ro,2000000,64,13,0.00,64010.93,5.10,64010.93,64
pl1,oltp_ro,2000000,64,14,0.00,64845.87,4.97,64845.87,64
pl1,oltp_ro,2000000,64,15,0.00,64630.16,5.01,64630.16,64
pl1,oltp_ro,2000000,64,16,0.00,64540.13,4.97,64540.13,64
pl1,oltp_ro,2000000,64,17,0.00,65558.00,4.99,65558.00,64
pl1,oltp_ro,2000000,64,18,0.00,64741.66,5.12,64741.66,64
pl1,oltp_ro,2000000,64,19,0.00,64940.01,4.97,64940.01,64
pl1,oltp_ro,2000000,64,20,0.00,64751.81,5.08,64751.81,64
pl1,oltp_ro,2000000,64,21,0.00,65203.56,4.99,65203.56,64
pl1,oltp_ro,2000000,64,22,0.00,65508.93,4.97,65508.93,64
pl1,oltp_ro,2000000,64,23,0.00,65572.66,4.90,65572.66,64
pl1,oltp_ro,2000000,64,24,0.00,65492.28,4.97,65492.28,64
pl1,oltp_ro,2000000,64,25,0.00,64939.04,4.97,64939.04,64
pl1,oltp_ro,2000000,64,26,0.00,64587.99,5.03,64587.99,64
pl1,oltp_ro,2000000,64,27,0.00,65452.96,4.98,65452.96,64
pl1,oltp_ro,2000000,64,28,0.00,64166.07,5.03,64166.07,64
pl1,oltp_ro,2000000,64,29,0.00,65512.00,4.96,65512.00,64
pl1,oltp_ro,2000000,62,30,0.00,65067.61,4.97,65067.61,64
pl1,oltp_ro,2000000,8,1,0.00,22452.76,1.38,22452.76,8
pl1,oltp_ro,2000000,8,2,0.00,21821.04,1.40,21821.04,8
pl1,oltp_ro,2000000,8,3,0.00,21865.89,1.40,21865.89,8
pl1,oltp_ro,2000000,8,4,0.00,22261.10,1.43,22261.10,8
pl1,oltp_ro,2000000,8,5,0.00,22858.04,1.35,22858.04,8
pl1,oltp_ro,2000000,8,6,0.00,22415.82,1.22,22415.82,8
pl1,oltp_ro,2000000,8,7,0.00,22848.21,1.39,22848.21,8
pl1,oltp_ro,2000000,8,8,0.00,22249.01,1.41,22249.01,8
pl1,oltp_ro,2000000,8,9,0.00,21445.97,1.42,21445.97,8
pl1,oltp_ro,2000000,8,10,0.00,21701.82,1.42,21701.82,8
pl1,oltp_ro,2000000,8,11,0.00,21697.98,1.42,21697.98,8
pl1,oltp_ro,2000000,8,12,0.00,21840.04,1.42,21840.04,8
pl1,oltp_ro,2000000,8,13,0.00,21491.99,1.43,21491.99,8
pl1,oltp_ro,2000000,8,14,0.00,21605.03,1.42,21605.03,8
pl1,oltp_ro,2000000,8,15,0.00,21847.11,1.42,21847.11,8
pl1,oltp_ro,2000000,8,16,0.00,21396.05,1.44,21396.05,8
pl1,oltp_ro,2000000,8,17,0.00,21715.82,1.41,21715.82,8
pl1,oltp_ro,2000000,8,18,0.00,21247.19,1.41,21247.19,8
pl1,oltp_ro,2000000,8,19,0.00,22263.84,1.40,22263.84,8
pl1,oltp_ro,2000000,8,20,0.00,22224.14,1.37,22224.14,8
pl1,oltp_ro,2000000,8,21,0.00,21136.97,1.41,21136.97,8
pl1,oltp_ro,2000000,8,22,0.00,21828.02,1.40,21828.02,8
pl1,oltp_ro,2000000,8,23,0.00,21997.83,1.39,21997.83,8
pl1,oltp_ro,2000000,8,24,0.00,22372.17,1.40,22372.17,8
pl1,oltp_ro,2000000,8,25,0.00,22100.01,1.40,22100.01,8
pl1,oltp_ro,2000000,8,26,0.00,23231.95,1.22,23231.95,8
pl1,oltp_ro,2000000,8,27,0.00,22298.88,1.39,22298.88,8
pl1,oltp_ro,2000000,8,28,0.00,22686.21,1.36,22686.21,8
pl1,oltp_ro,2000000,8,29,0.00,22975.94,1.36,22975.94,8
pl1,oltp_ro,2000000,7,30,0.00,22800.02,1.38,22800.02,8
pl2,oltp,2000000,1,1,1032.39,1032.39,3.23,2064.79,1
pl2,oltp,2000000,1,2,1119.00,1119.00,2.77,2238.01,1
pl2,oltp,2000000,1,3,1116.00,1116.00,2.78,2232.00,1
pl2,oltp,2000000,1,4,1113.00,1113.00,2.80,2226.00,1
pl2,oltp,2000000,1,5,1112.97,1112.97,2.79,2225.95,1
pl2,oltp,2000000,1,6,1107.03,1107.03,2.83,2214.06,1
pl2,oltp,2000000,1,7,1110.00,1112.00,2.82,2222.00,1
pl2,oltp,2000000,1,8,1097.99,1095.99,2.89,2193.99,1
pl2,oltp,2000000,1,9,1110.01,1110.01,2.82,2220.01,1
pl2,oltp,2000000,1,10,1106.00,1107.00,2.84,2212.99,1
pl2,oltp,2000000,1,11,1062.99,1061.99,3.17,2124.99,1
pl2,oltp,2000000,1,12,948.01,948.01,3.25,1896.01,1
pl2,oltp,2000000,1,13,948.00,948.00,3.25,1896.00,1
pl2,oltp,2000000,1,14,1106.99,1106.99,2.99,2213.98,1
pl2,oltp,2000000,1,15,1113.01,1113.01,2.79,2226.01,1
pl2,oltp,2000000,1,16,1119.00,1122.00,2.78,2241.00,1
pl2,oltp,2000000,1,17,1105.99,1103.99,2.81,2209.99,1
pl2,oltp,2000000,1,18,1111.00,1110.00,2.79,2221.00,1
pl2,oltp,2000000,1,19,1098.01,1098.01,2.84,2196.02,1
pl2,oltp,2000000,1,20,1149.00,1149.00,2.71,2298.00,1
pl2,oltp,2000000,1,21,1101.00,1101.00,2.84,2202.00,1
pl2,oltp,2000000,1,22,1095.00,1095.00,2.83,2190.00,1
pl2,oltp,2000000,1,23,1113.00,1115.00,2.78,2228.00,1
pl2,oltp,2000000,1,24,1106.99,1107.99,2.81,2214.99,1
pl2,oltp,2000000,1,25,1062.01,1059.01,3.18,2121.02,1
pl2,oltp,2000000,1,26,943.99,944.99,3.27,1888.98,1
pl2,oltp,2000000,1,27,982.01,981.01,3.27,1963.01,1
pl2,oltp,2000000,1,28,1075.00,1077.00,3.18,2152.01,1
pl2,oltp,2000000,1,29,942.99,941.99,3.27,1884.98,1
pl2,oltp,2000000,0,30,979.01,978.01,3.26,1957.02,1
pl2,oltp,2000000,16,1,3742.39,3744.39,14.93,7486.77,16
pl2,oltp,2000000,16,2,3794.00,3792.00,13.36,7585.99,16
pl2,oltp,2000000,16,3,3792.00,3793.00,13.20,7585.00,16
pl2,oltp,2000000,16,4,3884.00,3887.00,12.78,7771.00,16
pl2,oltp,2000000,16,5,3804.00,3801.00,13.15,7605.00,16
pl2,oltp,2000000,16,6,3790.00,3792.00,13.25,7582.00,16
pl2,oltp,2000000,16,7,3775.01,3786.01,13.19,7561.02,16
pl2,oltp,2000000,16,8,3812.00,3801.00,13.05,7612.99,16
pl2,oltp,2000000,16,9,3791.99,3788.99,13.16,7580.99,16
pl2,oltp,2000000,16,10,3795.01,3795.01,13.19,7590.02,16
pl2,oltp,2000000,16,11,3792.00,3792.00,13.16,7584.00,16
pl2,oltp,2000000,16,12,3836.99,3843.99,13.03,7680.99,16
pl2,oltp,2000000,16,13,3801.00,3794.00,13.17,7595.00,16
pl2,oltp,2000000,16,14,3776.00,3792.00,13.27,7568.00,16
pl2,oltp,2000000,16,15,3805.00,3792.00,13.22,7597.00,16
pl2,oltp,2000000,16,16,3831.00,3840.00,13.01,7670.99,16
pl2,oltp,2000000,16,17,3757.91,3782.91,13.15,7540.81,16
pl2,oltp,2000000,16,18,3787.10,3752.10,13.14,7539.20,16
pl2,oltp,2000000,16,19,3836.00,3844.00,13.00,7679.99,16
pl2,oltp,2000000,16,20,3847.00,3840.00,12.86,7687.00,16
pl2,oltp,2000000,16,21,3845.00,3854.00,12.89,7699.00,16
pl2,oltp,2000000,16,22,3838.00,3829.00,12.93,7666.99,16
pl2,oltp,2000000,16,23,3822.01,3834.01,12.95,7656.01,16
pl2,oltp,2000000,16,24,3765.01,3751.01,13.16,7516.01,16
pl2,oltp,2000000,16,25,3812.99,3832.99,13.07,7645.98,16
pl2,oltp,2000000,16,26,3819.00,3799.00,13.05,7618.00,16
pl2,oltp,2000000,16,27,3794.00,3799.00,13.11,7592.99,16
pl2,oltp,2000000,16,28,3802.00,3820.00,13.05,7622.00,16
pl2,oltp,2000000,16,29,3822.00,3803.00,13.06,7625.00,16
pl2,oltp,2000000,16,30,3801.01,3800.01,12.97,7601.01,16
pl2,oltp,2000000,256,1,2296.80,2365.79,354.12,4662.59,256
pl2,oltp,2000000,256,2,2793.00,2954.00,346.36,5747.00,256
pl2,oltp,2000000,256,3,2625.00,2477.00,345.84,5102.01,256
pl2,oltp,2000000,256,4,2985.00,3018.00,299.46,6003.01,256
pl2,oltp,2000000,256,5,3110.99,3129.99,279.29,6240.98,256
pl2,oltp,2000000,256,6,2937.00,2944.00,293.34,5881.01,256
pl2,oltp,2000000,256,7,2495.00,2476.00,393.82,4971.00,256
pl2,oltp,2000000,256,8,3194.00,3256.00,273.01,6449.99,256
pl2,oltp,2000000,256,9,3215.01,3195.01,269.76,6410.02,256
pl2,oltp,2000000,256,10,2884.00,2893.00,317.08,5777.00,256
pl2,oltp,2000000,256,11,2845.01,2843.01,325.74,5688.02,256
pl2,oltp,2000000,256,12,3242.98,3216.98,267.35,6459.97,256
pl2,oltp,2000000,256,13,3284.01,3281.01,258.84,6565.02,256
pl2,oltp,2000000,256,14,3295.00,3341.00,262.98,6636.00,256
pl2,oltp,2000000,256,15,3098.99,3060.99,284.44,6159.97,256
pl2,oltp,2000000,256,16,3229.02,3254.02,264.96,6483.03,256
pl2,oltp,2000000,256,17,3237.99,3216.99,268.39,6454.98,256
pl2,oltp,2000000,256,18,3326.99,3364.99,257.14,6691.98,256
pl2,oltp,2000000,256,19,3274.02,3258.02,259.15,6532.03,256
pl2,oltp,2000000,256,20,3223.00,3207.00,271.46,6430.00,256
pl2,oltp,2000000,256,21,3232.00,3216.00,263.30,6448.00,256
pl2,oltp,2000000,256,22,3296.99,3343.99,257.84,6640.97,256
pl2,oltp,2000000,256,23,3097.01,3100.01,277.46,6197.01,256
pl2,oltp,2000000,256,24,3280.00,3251.00,265.99,6531.01,256
pl2,oltp,2000000,256,25,3270.99,3254.99,262.59,6525.97,256
pl2,oltp,2000000,256,26,3273.00,3278.00,259.07,6551.01,256
pl2,oltp,2000000,256,27,3264.00,3260.00,269.03,6524.01,256
pl2,oltp,2000000,256,28,3203.01,3224.01,265.67,6427.01,256
pl2,oltp,2000000,256,29,3162.99,3143.99,271.05,6306.98,256
pl2,oltp,2000000,255,30,3282.00,3304.00,263.53,6585.99,256
pl2,oltp,2000000,32,1,3529.72,3536.72,30.54,7066.43,32
pl2,oltp,2000000,32,2,3570.01,3578.01,30.48,7148.02,32
pl2,oltp,2000000,32,3,3647.00,3647.00,27.97,7294.01,32
pl2,oltp,2000000,32,4,3644.00,3637.00,29.13,7281.01,32
pl2,oltp,2000000,32,5,3651.00,3661.00,27.70,7312.00,32
pl2,oltp,2000000,32,6,3646.99,3643.99,27.41,7290.98,32
pl2,oltp,2000000,32,7,3668.01,3702.01,27.02,7370.01,32
pl2,oltp,2000000,32,8,3702.00,3669.00,26.91,7371.00,32
pl2,oltp,2000000,32,9,3665.01,3650.01,27.16,7315.02,32
pl2,oltp,2000000,32,10,3732.97,3742.97,27.53,7475.94,32
pl2,oltp,2000000,32,11,3649.02,3647.02,27.91,7296.03,32
pl2,oltp,2000000,32,12,3562.00,3557.00,28.07,7119.00,32
pl2,oltp,2000000,32,13,3648.00,3644.00,27.43,7292.00,32
pl2,oltp,2000000,32,14,3626.00,3644.00,27.66,7269.99,32
pl2,oltp,2000000,32,15,3670.00,3652.00,27.66,7322.00,32
pl2,oltp,2000000,32,16,3648.02,3650.02,26.95,7298.03,32
pl2,oltp,2000000,32,17,3689.99,3728.99,26.70,7418.97,32
pl2,oltp,2000000,32,18,3683.00,3659.00,27.06,7342.00,32
pl2,oltp,2000000,32,19,3662.99,3649.99,26.95,7312.98,32
pl2,oltp,2000000,32,20,3652.01,3668.01,26.83,7320.01,32
pl2,oltp,2000000,32,21,3704.00,3718.00,27.19,7422.01,32
pl2,oltp,2000000,32,22,3688.00,3654.00,26.80,7342.00,32
pl2,oltp,2000000,32,23,3648.00,3648.00,27.04,7295.99,32
pl2,oltp,2000000,32,24,3734.00,3744.00,26.69,7477.99,32
pl2,oltp,2000000,32,25,3740.01,3744.01,26.47,7484.01,32
pl2,oltp,2000000,32,26,3660.00,3648.00,27.32,7308.00,32
pl2,oltp,2000000,32,27,3745.99,3743.99,26.62,7489.99,32
pl2,oltp,2000000,32,28,3734.00,3744.00,26.69,7478.01,32
pl2,oltp,2000000,32,29,3649.98,3647.98,26.91,7297.96,32
pl2,oltp,2000000,32,30,3656.00,3666.00,26.62,7322.00,32
pl2,oltp,2000000,4,1,3529.29,3532.29,3.72,7061.57,4
pl2,oltp,2000000,4,2,3738.01,3735.01,3.38,7473.02,4
pl2,oltp,2000000,4,3,3731.99,3731.99,3.37,7463.97,4
pl2,oltp,2000000,4,4,3662.98,3671.98,3.45,7334.96,4
pl2,oltp,2000000,4,5,3702.02,3693.02,3.41,7395.03,4
pl2,oltp,2000000,4,6,3692.99,3692.99,3.44,7385.98,4
pl2,oltp,2000000,4,7,3678.03,3678.03,3.43,7356.05,4
pl2,oltp,2000000,4,8,3704.98,3704.98,3.43,7409.95,4
pl2,oltp,2000000,4,9,3652.01,3658.01,3.46,7310.02,4
pl2,oltp,2000000,4,10,3647.96,3647.96,3.46,7295.92,4
pl2,oltp,2000000,4,11,3767.06,3764.06,3.35,7531.11,4
pl2,oltp,2000000,4,12,3723.98,3725.98,3.39,7449.95,4
pl2,oltp,2000000,4,13,3746.02,3741.02,3.37,7487.04,4
pl2,oltp,2000000,4,14,3713.96,3717.96,3.41,7431.92,4
pl2,oltp,2000000,4,15,3633.05,3629.05,3.63,7262.09,4
pl2,oltp,2000000,4,16,3563.98,3569.98,4.09,7133.96,4
pl2,oltp,2000000,4,17,3438.02,3432.02,4.11,6870.04,4
pl2,oltp,2000000,4,18,3602.96,3602.96,3.58,7205.92,4
pl2,oltp,2000000,4,19,3645.02,3645.02,3.53,7290.04,4
pl2,oltp,2000000,4,20,3594.01,3596.01,3.65,7190.02,4
pl2,oltp,2000000,4,21,3671.98,3669.98,3.48,7341.95,4
pl2,oltp,2000000,4,22,3630.03,3636.03,3.51,7266.07,4
pl2,oltp,2000000,4,23,3675.99,3674.99,3.46,7350.98,4
pl2,oltp,2000000,4,24,3687.99,3689.99,3.44,7377.98,4
pl2,oltp,2000000,4,25,3579.98,3584.98,3.61,7164.96,4
pl2,oltp,2000000,4,26,3624.01,3612.01,3.63,7236.02,4
pl2,oltp,2000000,4,27,3698.99,3698.99,3.38,7397.99,4
pl2,oltp,2000000,4,28,3693.02,3698.02,3.38,7391.04,4
pl2,oltp,2000000,4,29,3728.91,3732.91,3.38,7461.82,4
pl2,oltp,2000000,4,30,3633.07,3626.07,3.47,7259.13,4
pl2,oltp,2000000,64,1,3039.75,3100.75,70.88,6140.50,64
pl2,oltp,2000000,64,2,3066.01,3069.01,82.40,6135.02,64
pl2,oltp,2000000,64,3,3205.00,3157.00,73.30,6361.99,64
pl2,oltp,2000000,64,4,3436.99,3438.99,59.37,6875.99,64
pl2,oltp,2000000,64,5,3462.99,3458.99,58.49,6921.98,64
pl2,oltp,2000000,64,6,3324.02,3381.02,65.28,6705.03,64
pl2,oltp,2000000,64,7,3405.99,3349.99,58.57,6755.97,64
pl2,oltp,2000000,64,8,3428.02,3435.02,60.63,6863.03,64
pl2,oltp,2000000,64,9,3430.00,3434.00,59.76,6864.01,64
pl2,oltp,2000000,64,10,3416.98,3436.98,58.64,6853.96,64
pl2,oltp,2000000,64,11,3508.00,3486.00,56.32,6994.00,64
pl2,oltp,2000000,64,12,3437.01,3440.01,60.39,6877.01,64
pl2,oltp,2000000,64,13,3508.99,3492.99,56.10,7001.99,64
pl2,oltp,2000000,64,14,3477.00,3519.00,56.95,6996.00,64
pl2,oltp,2000000,64,15,3576.00,3551.00,56.07,7127.01,64
pl2,oltp,2000000,64,16,3479.00,3475.00,57.26,6954.00,64
pl2,oltp,2000000,64,17,3493.99,3492.99,55.99,6986.98,64
pl2,oltp,2000000,64,18,3478.00,3514.00,57.02,6992.01,64
pl2,oltp,2000000,64,19,3512.98,3511.98,57.38,7024.96,64
pl2,oltp,2000000,64,20,3430.02,3441.02,58.50,6871.04,64
pl2,oltp,2000000,64,21,3561.99,3512.99,56.56,7074.97,64
pl2,oltp,2000000,64,22,3311.02,3348.02,60.61,6659.03,64
pl2,oltp,2000000,64,23,3609.98,3568.98,56.76,7178.97,64
pl2,oltp,2000000,64,24,3466.02,3465.02,58.21,6931.03,64
pl2,oltp,2000000,64,25,3469.98,3476.98,59.12,6946.96,64
pl2,oltp,2000000,64,26,3577.00,3590.00,55.79,7167.00,64
pl2,oltp,2000000,64,27,3508.02,3487.02,55.79,6995.04,64
pl2,oltp,2000000,64,28,3452.00,3454.00,57.95,6906.01,64
pl2,oltp,2000000,64,29,3482.00,3501.00,57.26,6983.00,64
pl2,oltp,2000000,64,30,3594.99,3580.99,55.87,7175.99,64
pl2,oltp,2000000,8,1,4212.10,4220.10,6.21,8432.21,8
pl2,oltp,2000000,8,2,4168.01,4172.01,6.04,8340.02,8
pl2,oltp,2000000,8,3,4092.01,4080.01,6.09,8172.01,8
pl2,oltp,2000000,8,4,4103.97,4103.97,6.09,8207.95,8
pl2,oltp,2000000,8,5,4083.00,4097.00,6.10,8179.99,8
pl2,oltp,2000000,8,6,4110.01,4102.01,6.13,8212.02,8
pl2,oltp,2000000,8,7,4095.01,4089.01,6.10,8184.02,8
pl2,oltp,2000000,8,8,4082.99,4082.99,6.11,8165.99,8
pl2,oltp,2000000,8,9,4084.00,4087.00,6.12,8171.00,8
pl2,oltp,2000000,8,10,4036.90,4040.90,6.23,8077.81,8
pl2,oltp,2000000,8,11,4053.12,4046.12,6.20,8099.24,8
pl2,oltp,2000000,8,12,4160.98,4160.98,6.03,8321.95,8
pl2,oltp,2000000,8,13,4152.02,4152.02,5.99,8304.03,8
pl2,oltp,2000000,8,14,4103.98,4118.98,6.12,8222.95,8
pl2,oltp,2000000,8,15,4100.03,4095.03,6.11,8195.06,8
pl2,oltp,2000000,8,16,4074.98,4064.98,6.10,8139.97,8
pl2,oltp,2000000,8,17,4062.00,4077.00,6.14,8139.00,8
pl2,oltp,2000000,8,18,4091.99,4076.99,6.08,8168.99,8
pl2,oltp,2000000,8,19,4102.99,4109.99,6.14,8212.99,8
pl2,oltp,2000000,8,20,4021.99,4024.99,6.19,8046.98,8
pl2,oltp,2000000,8,21,4082.02,4080.02,6.18,8162.03,8
pl2,oltp,2000000,8,22,4151.99,4151.99,6.10,8303.97,8
pl2,oltp,2000000,8,23,4077.02,4088.02,6.08,8165.05,8
pl2,oltp,2000000,8,24,4090.99,4084.99,6.10,8175.98,8
pl2,oltp,2000000,8,25,4027.97,4016.97,6.31,8044.95,8
pl2,oltp,2000000,8,26,4020.03,4027.03,6.24,8047.06,8
pl2,oltp,2000000,8,27,4136.02,4133.02,6.08,8269.04,8
pl2,oltp,2000000,8,28,4053.99,4055.99,6.20,8109.98,8
pl2,oltp,2000000,8,29,4075.01,4074.01,6.16,8149.01,8
pl2,oltp,2000000,8,30,4032.95,4025.95,6.23,8058.90,8
pl2,oltp_ro,2000000,1,1,0.00,3045.14,1.00,3045.14,1
pl2,oltp_ro,2000000,1,2,0.00,3079.01,0.99,3079.01,1
pl2,oltp_ro,2000000,1,3,0.00,3077.98,0.99,3077.98,1
pl2,oltp_ro,2000000,1,4,0.00,3093.01,0.98,3093.01,1
pl2,oltp_ro,2000000,1,5,0.00,3108.00,0.98,3108.00,1
pl2,oltp_ro,2000000,1,6,0.00,3108.00,0.98,3108.00,1
pl2,oltp_ro,2000000,1,7,0.00,3100.96,0.98,3100.96,1
pl2,oltp_ro,2000000,1,8,0.00,3082.03,0.99,3082.03,1
pl2,oltp_ro,2000000,1,9,0.00,3062.98,0.99,3062.98,1
pl2,oltp_ro,2000000,1,10,0.00,3063.03,0.99,3063.03,1
pl2,oltp_ro,2000000,1,11,0.00,3063.97,1.00,3063.97,1
pl2,oltp_ro,2000000,1,12,0.00,3056.01,1.00,3056.01,1
pl2,oltp_ro,2000000,1,13,0.00,3050.97,1.00,3050.97,1
pl2,oltp_ro,2000000,1,14,0.00,3054.02,1.00,3054.02,1
pl2,oltp_ro,2000000,1,15,0.00,3035.99,1.03,3035.99,1
pl2,oltp_ro,2000000,1,16,0.00,3030.02,1.03,3030.02,1
pl2,oltp_ro,2000000,1,17,0.00,3041.99,1.02,3041.99,1
pl2,oltp_ro,2000000,1,18,0.00,3061.01,0.99,3061.01,1
pl2,oltp_ro,2000000,1,19,0.00,3056.00,1.00,3056.00,1
pl2,oltp_ro,2000000,1,20,0.00,3047.98,1.00,3047.98,1
pl2,oltp_ro,2000000,1,21,0.00,3126.04,0.99,3126.04,1
pl2,oltp_ro,2000000,1,22,0.00,3167.98,0.98,3167.98,1
pl2,oltp_ro,2000000,1,23,0.00,3050.98,1.02,3050.98,1
pl2,oltp_ro,2000000,1,24,0.00,3072.02,0.99,3072.02,1
pl2,oltp_ro,2000000,1,25,0.00,3069.00,0.99,3069.00,1
pl2,oltp_ro,2000000,1,26,0.00,3042.97,1.03,3042.97,1
pl2,oltp_ro,2000000,1,27,0.00,3065.02,1.01,3065.02,1
pl2,oltp_ro,2000000,1,28,0.00,3081.00,0.99,3081.00,1
pl2,oltp_ro,2000000,1,29,0.00,3072.00,0.99,3072.00,1
pl2,oltp_ro,2000000,1,30,0.00,3066.97,0.99,3066.97,1
pl2,oltp_ro,2000000,16,1,0.00,37234.52,1.46,37234.52,16
pl2,oltp_ro,2000000,16,2,0.00,37988.90,1.45,37988.90,16
pl2,oltp_ro,2000000,16,3,0.00,38122.83,1.45,38122.83,16
pl2,oltp_ro,2000000,16,4,0.00,38071.29,1.45,38070.29,16
pl2,oltp_ro,2000000,16,5,0.00,38517.77,1.45,38518.77,16
pl2,oltp_ro,2000000,16,6,0.00,38436.27,1.44,38436.27,16
pl2,oltp_ro,2000000,16,7,0.00,37142.14,1.45,37142.14,16
pl2,oltp_ro,2000000,16,8,0.00,37996.68,1.44,37996.68,16
pl2,oltp_ro,2000000,16,9,0.00,37408.08,1.49,37408.08,16
pl2,oltp_ro,2000000,16,10,0.00,37641.95,1.46,37641.95,16
pl2,oltp_ro,2000000,16,11,0.00,37048.12,1.44,37048.12,16
pl2,oltp_ro,2000000,16,12,0.00,38090.24,1.45,38090.24,16
pl2,oltp_ro,2000000,16,13,0.00,37344.80,1.45,37344.80,16
pl2,oltp_ro,2000000,16,14,0.00,38231.18,1.50,38231.18,16
pl2,oltp_ro,2000000,16,15,0.00,38178.73,1.46,38178.73,16
pl2,oltp_ro,2000000,16,16,0.00,38375.25,1.45,38375.25,16
pl2,oltp_ro,2000000,16,17,0.00,38431.99,1.45,38431.99,16
pl2,oltp_ro,2000000,16,18,0.00,37353.80,1.45,37353.80,16
pl2,oltp_ro,2000000,16,19,0.00,38338.20,1.45,38338.20,16
pl2,oltp_ro,2000000,16,20,0.00,38141.02,1.44,38141.02,16
pl2,oltp_ro,2000000,16,21,0.00,36372.76,1.45,36372.76,16
pl2,oltp_ro,2000000,16,22,0.00,36188.30,1.45,36188.30,16
pl2,oltp_ro,2000000,16,23,0.00,36688.64,1.47,36687.64,16
pl2,oltp_ro,2000000,16,24,0.00,37361.30,1.51,37362.30,16
pl2,oltp_ro,2000000,16,25,0.00,36040.85,1.49,36040.85,16
pl2,oltp_ro,2000000,16,26,0.00,37964.13,1.45,37964.13,16
pl2,oltp_ro,2000000,16,27,0.00,37707.94,1.45,37707.94,16
pl2,oltp_ro,2000000,16,28,0.00,38621.98,1.44,38621.98,16
pl2,oltp_ro,2000000,16,29,0.00,37058.93,1.44,37058.93,16
pl2,oltp_ro,2000000,16,30,0.00,36972.11,1.44,36972.11,16
pl2,oltp_ro,2000000,256,1,0.00,58997.85,27.43,58997.85,256
pl2,oltp_ro,2000000,256,2,0.00,58776.20,35.39,58776.20,256
pl2,oltp_ro,2000000,256,3,0.00,59232.36,34.94,59232.36,256
pl2,oltp_ro,2000000,256,4,0.00,59390.71,35.09,59390.71,256
pl2,oltp_ro,2000000,256,5,0.00,59281.34,35.32,59281.34,256
pl2,oltp_ro,2000000,256,6,0.00,59213.58,34.67,59213.58,256
pl2,oltp_ro,2000000,256,7,0.00,59299.93,34.72,59299.93,256
pl2,oltp_ro,2000000,256,8,0.00,59769.04,35.13,59769.04,256
pl2,oltp_ro,2000000,256,9,0.00,59415.97,35.97,59415.97,256
pl2,oltp_ro,2000000,256,10,0.00,59536.12,35.57,59536.12,256
pl2,oltp_ro,2000000,256,11,0.00,59292.93,35.40,59292.93,256
pl2,oltp_ro,2000000,256,12,0.00,59082.09,35.06,59082.09,256
pl2,oltp_ro,2000000,256,13,0.00,59174.93,35.03,59174.93,256
pl2,oltp_ro,2000000,256,14,0.00,59033.02,36.49,59033.02,256
pl2,oltp_ro,2000000,256,15,0.00,59689.11,35.02,59689.11,256
pl2,oltp_ro,2000000,256,16,0.00,59522.84,35.89,59522.84,256
pl2,oltp_ro,2000000,256,17,0.00,59166.68,35.09,59166.68,256
pl2,oltp_ro,2000000,256,18,0.00,59470.39,34.64,59470.39,256
pl2,oltp_ro,2000000,256,19,0.00,59102.96,34.95,59102.96,256
pl2,oltp_ro,2000000,256,20,0.00,59034.74,35.46,59034.74,256
pl2,oltp_ro,2000000,256,21,0.00,59492.18,34.90,59492.18,256
pl2,oltp_ro,2000000,256,22,0.00,59194.17,34.98,59194.17,256
pl2,oltp_ro,2000000,256,23,0.00,59164.88,35.47,59164.88,256
pl2,oltp_ro,2000000,256,24,0.00,59210.56,34.61,59210.56,256
pl2,oltp_ro,2000000,256,25,0.00,59293.38,35.22,59293.38,256
pl2,oltp_ro,2000000,256,26,0.00,59267.93,34.83,59267.93,256
pl2,oltp_ro,2000000,256,27,0.00,59219.17,35.32,59219.17,256
pl2,oltp_ro,2000000,256,28,0.00,59160.59,35.74,59160.59,256
pl2,oltp_ro,2000000,256,29,0.00,59630.38,34.51,59630.38,256
pl2,oltp_ro,2000000,256,30,0.00,59316.70,35.22,59316.70,256
pl2,oltp_ro,2000000,32,1,0.00,57366.49,2.42,57366.49,32
pl2,oltp_ro,2000000,32,2,0.00,58539.10,2.10,58539.10,32
pl2,oltp_ro,2000000,32,3,0.00,58462.69,2.14,58462.69,32
pl2,oltp_ro,2000000,32,4,0.00,58006.36,2.33,58006.36,32
pl2,oltp_ro,2000000,32,5,0.00,58524.07,2.15,58524.07,32
pl2,oltp_ro,2000000,32,6,0.00,58152.53,2.33,58152.53,32
pl2,oltp_ro,2000000,32,7,0.00,58016.32,2.30,58016.32,32
pl2,oltp_ro,2000000,32,8,0.00,58436.83,2.16,58436.83,32
pl2,oltp_ro,2000000,32,9,0.00,58162.24,2.22,58162.24,32
pl2,oltp_ro,2000000,32,10,0.00,58207.72,2.27,58207.72,32
pl2,oltp_ro,2000000,32,11,0.00,58389.92,2.15,58389.92,32
pl2,oltp_ro,2000000,32,12,0.00,58286.00,2.24,58286.00,32
pl2,oltp_ro,2000000,32,13,0.00,57880.44,2.31,57880.44,32
pl2,oltp_ro,2000000,32,14,0.00,58420.57,2.19,58420.57,32
pl2,oltp_ro,2000000,32,15,0.00,57999.31,2.31,57999.31,32
pl2,oltp_ro,2000000,32,16,0.00,57962.81,2.31,57962.81,32
pl2,oltp_ro,2000000,32,17,0.00,58868.18,2.04,58868.18,32
pl2,oltp_ro,2000000,32,18,0.00,57928.81,2.32,57928.81,32
pl2,oltp_ro,2000000,32,19,0.00,58259.15,2.22,58259.15,32
pl2,oltp_ro,2000000,32,20,0.00,58298.12,2.19,58298.12,32
pl2,oltp_ro,2000000,32,21,0.00,58076.63,2.27,58076.63,32
pl2,oltp_ro,2000000,32,22,0.00,58033.38,2.26,58033.38,32
pl2,oltp_ro,2000000,32,23,0.00,57523.96,2.43,57523.96,32
pl2,oltp_ro,2000000,32,24,0.00,58732.99,2.09,58732.99,32
pl2,oltp_ro,2000000,32,25,0.00,58455.58,2.17,58455.58,32
pl2,oltp_ro,2000000,32,26,0.00,57947.15,2.25,57947.15,32
pl2,oltp_ro,2000000,32,27,0.00,58251.20,2.18,58251.20,32
pl2,oltp_ro,2000000,32,28,0.00,58752.09,2.11,58752.09,32
pl2,oltp_ro,2000000,32,29,0.00,58509.98,2.15,58509.98,32
pl2,oltp_ro,2000000,32,30,0.00,58884.95,2.02,58884.95,32
pl2,oltp_ro,2000000,4,1,0.00,11055.47,1.41,11055.47,4
pl2,oltp_ro,2000000,4,2,0.00,11161.05,1.41,11161.05,4
pl2,oltp_ro,2000000,4,3,0.00,10910.89,1.41,10910.89,4
pl2,oltp_ro,2000000,4,4,0.00,10736.14,1.41,10736.14,4
pl2,oltp_ro,2000000,4,5,0.00,10786.02,1.42,10786.02,4
pl2,oltp_ro,2000000,4,6,0.00,10786.92,1.41,10786.92,4
pl2,oltp_ro,2000000,4,7,0.00,10286.90,1.41,10286.90,4
pl2,oltp_ro,2000000,4,8,0.00,10494.17,1.41,10494.17,4
pl2,oltp_ro,2000000,4,9,0.00,10250.67,1.41,10250.67,4
pl2,oltp_ro,2000000,4,10,0.00,10058.25,1.42,10058.25,4
pl2,oltp_ro,2000000,4,11,0.00,10135.02,1.42,10135.02,4
pl2,oltp_ro,2000000,4,12,0.00,10778.97,1.41,10778.97,4
pl2,oltp_ro,2000000,4,13,0.00,10987.08,1.40,10987.08,4
pl2,oltp_ro,2000000,4,14,0.00,11784.98,1.06,11784.98,4
pl2,oltp_ro,2000000,4,15,0.00,10570.03,1.41,10570.03,4
pl2,oltp_ro,2000000,4,16,0.00,10027.97,1.41,10027.97,4
pl2,oltp_ro,2000000,4,17,0.00,10641.99,1.41,10641.99,4
pl2,oltp_ro,2000000,4,18,0.00,11211.00,1.28,11211.00,4
pl2,oltp_ro,2000000,4,19,0.00,11660.02,1.13,11660.02,4
pl2,oltp_ro,2000000,4,20,0.00,11772.02,1.07,11772.02,4
pl2,oltp_ro,2000000,4,21,0.00,11765.97,1.06,11765.97,4
pl2,oltp_ro,2000000,4,22,0.00,10964.97,1.40,10964.97,4
pl2,oltp_ro,2000000,4,23,0.00,10948.99,1.41,10948.99,4
pl2,oltp_ro,2000000,4,24,0.00,10958.04,1.41,10958.04,4
pl2,oltp_ro,2000000,4,25,0.00,11113.06,1.39,11113.06,4
pl2,oltp_ro,2000000,4,26,0.00,11731.94,1.08,11731.94,4
pl2,oltp_ro,2000000,4,27,0.00,11724.02,1.08,11724.02,4
pl2,oltp_ro,2000000,4,28,0.00,10365.95,1.52,10365.95,4
pl2,oltp_ro,2000000,4,29,0.00,10149.06,1.54,10149.06,4
pl2,oltp_ro,2000000,4,30,0.00,10576.95,1.52,10576.95,4
pl2,oltp_ro,2000000,64,1,0.00,65510.75,5.31,65510.75,64
pl2,oltp_ro,2000000,64,2,0.00,64393.11,5.13,64393.11,64
pl2,oltp_ro,2000000,64,3,0.00,65796.18,4.96,65796.18,64
pl2,oltp_ro,2000000,64,4,0.00,65089.52,5.03,65089.52,64
pl2,oltp_ro,2000000,64,5,0.00,65458.58,4.93,65458.58,64
pl2,oltp_ro,2000000,64,6,0.00,65039.69,5.00,65039.69,64
pl2,oltp_ro,2000000,64,7,0.00,64786.18,4.98,64786.18,64
pl2,oltp_ro,2000000,64,8,0.00,65332.74,4.99,65332.74,64
pl2,oltp_ro,2000000,64,9,0.00,65013.21,5.00,65013.21,64
pl2,oltp_ro,2000000,64,10,0.00,65971.86,4.87,65971.86,64
pl2,oltp_ro,2000000,64,11,0.00,65478.00,4.92,65478.00,64
pl2,oltp_ro,2000000,64,12,0.00,65083.15,4.98,65083.15,64
pl2,oltp_ro,2000000,64,13,0.00,65209.34,4.98,65209.34,64
pl2,oltp_ro,2000000,64,14,0.00,65064.00,5.03,65064.00,64
pl2,oltp_ro,2000000,64,15,0.00,65880.83,4.94,65880.83,64
pl2,oltp_ro,2000000,64,16,0.00,65017.65,4.99,65017.65,64
pl2,oltp_ro,2000000,64,17,0.00,65397.36,4.94,65397.36,64
pl2,oltp_ro,2000000,64,18,0.00,64929.65,5.04,64929.65,64
pl2,oltp_ro,2000000,64,19,0.00,64979.72,4.97,64979.72,64
pl2,oltp_ro,2000000,64,20,0.00,64938.35,4.94,64938.35,64
pl2,oltp_ro,2000000,64,21,0.00,65077.47,4.97,65077.47,64
pl2,oltp_ro,2000000,64,22,0.00,65653.99,4.99,65653.99,64
pl2,oltp_ro,2000000,64,23,0.00,64670.62,5.03,64670.62,64
pl2,oltp_ro,2000000,64,24,0.00,65492.27,4.93,65492.27,64
pl2,oltp_ro,2000000,64,25,0.00,65556.80,4.94,65556.80,64
pl2,oltp_ro,2000000,64,26,0.00,65684.71,4.97,65684.71,64
pl2,oltp_ro,2000000,64,27,0.00,65509.48,4.93,65509.48,64
pl2,oltp_ro,2000000,64,28,0.00,64820.61,5.02,64820.61,64
pl2,oltp_ro,2000000,64,29,0.00,64553.99,5.04,64553.99,64
pl2,oltp_ro,2000000,59,30,0.00,65317.95,4.92,65317.95,64
pl2,oltp_ro,2000000,8,1,0.00,21820.72,1.42,21820.72,8
pl2,oltp_ro,2000000,8,2,0.00,22638.10,1.39,22638.10,8
pl2,oltp_ro,2000000,8,3,0.00,22711.29,1.39,22711.29,8
pl2,oltp_ro,2000000,8,4,0.00,22988.64,1.39,22988.64,8
pl2,oltp_ro,2000000,8,5,0.00,22125.02,1.41,22125.02,8
pl2,oltp_ro,2000000,8,6,0.00,22923.93,1.21,22923.93,8
pl2,oltp_ro,2000000,8,7,0.00,23112.15,1.19,23112.15,8
pl2,oltp_ro,2000000,8,8,0.00,22358.86,1.32,22358.86,8
pl2,oltp_ro,2000000,8,9,0.00,21913.93,1.37,21913.93,8
pl2,oltp_ro,2000000,8,10,0.00,22190.09,1.38,22190.09,8
pl2,oltp_ro,2000000,8,11,0.00,22039.04,1.39,22039.04,8
pl2,oltp_ro,2000000,8,12,0.00,22542.98,1.39,22542.98,8
pl2,oltp_ro,2000000,8,13,0.00,21339.95,1.40,21339.95,8
pl2,oltp_ro,2000000,8,14,0.00,22209.05,1.38,22209.05,8
pl2,oltp_ro,2000000,8,15,0.00,22885.00,1.24,22885.00,8
pl2,oltp_ro,2000000,8,16,0.00,22137.97,1.38,22137.97,8
pl2,oltp_ro,2000000,8,17,0.00,22412.01,1.38,22412.01,8
pl2,oltp_ro,2000000,8,18,0.00,21777.99,1.41,21777.99,8
pl2,oltp_ro,2000000,8,19,0.00,22706.04,1.26,22706.04,8
pl2,oltp_ro,2000000,8,20,0.00,22974.97,1.20,22974.97,8
pl2,oltp_ro,2000000,8,21,0.00,19959.83,1.40,19959.83,8
pl2,oltp_ro,2000000,8,22,0.00,21689.27,1.40,21689.27,8
pl2,oltp_ro,2000000,8,23,0.00,21781.98,1.40,21781.98,8
pl2,oltp_ro,2000000,8,24,0.00,20982.92,1.40,20982.92,8
pl2,oltp_ro,2000000,8,25,0.00,22867.94,1.22,22867.94,8
pl2,oltp_ro,2000000,8,26,0.00,23084.06,1.19,23084.06,8
pl2,oltp_ro,2000000,8,27,0.00,22602.10,1.39,22602.10,8
pl2,oltp_ro,2000000,8,28,0.00,21888.96,1.38,21888.96,8
pl2,oltp_ro,2000000,8,29,0.00,22551.08,1.23,22551.08,8
pl2,oltp_ro,2000000,8,30,0.00,22806.90,1.20,22806.90,8
