engine,workload,size,threads,ts,writes,reads,response_time,tps,user_provided_threads
wt,oltp,2000000,1,10,850.23,3968.95,4.03,283.41,1
wt,oltp,2000000,1,20,904.20,4218.71,3.57,301.40,1
wt,oltp,2000000,1,30,911.40,4252.90,3.52,303.80,1
wt,oltp,2000000,1,40,857.10,4001.00,3.90,285.70,1
wt,oltp,2000000,1,50,872.40,4070.30,3.84,290.80,1
wt,oltp,2000000,1,60,924.90,4317.10,3.43,308.30,1
wt,oltp,2000000,1,70,919.20,4289.00,3.44,306.40,1
wt,oltp,2000000,1,80,919.20,4290.40,3.65,306.40,1
wt,oltp,2000000,1,90,864.60,4033.79,3.84,288.20,1
wt,oltp,2000000,1,100,797.70,3723.21,3.89,265.90,1
wt,oltp,2000000,1,110,840.00,3919.40,3.86,280.00,1
wt,oltp,2000000,1,120,936.70,4371.80,3.33,312.20,1
wt,oltp,2000000,1,130,923.90,4312.00,3.38,308.00,1
wt,oltp,2000000,1,140,936.00,4367.40,3.35,312.00,1
wt,oltp,2000000,1,150,925.40,4318.20,3.38,308.40,1
wt,oltp,2000000,1,160,920.80,4297.50,3.39,307.00,1
wt,oltp,2000000,1,170,911.10,4252.10,3.38,303.70,1
wt,oltp,2000000,1,180,904.70,4221.21,3.37,301.50,1
wt,oltp,2000000,1,190,900.10,4200.60,3.39,300.10,1
wt,oltp,2000000,1,200,904.30,4220.40,3.47,301.40,1
wt,oltp,2000000,1,210,903.20,4215.00,3.38,301.10,1
wt,oltp,2000000,1,220,917.40,4281.20,3.34,305.80,1
wt,oltp,2000000,1,230,912.60,4258.70,3.35,304.20,1
wt,oltp,2000000,1,240,914.70,4269.00,3.35,304.90,1
wt,oltp,2000000,1,250,916.80,4277.40,3.34,305.60,1
wt,oltp,2000000,1,260,833.70,3890.70,3.77,277.90,1
wt,oltp,2000000,1,270,812.70,3793.50,3.78,270.90,1
wt,oltp,2000000,1,280,912.70,4258.91,3.36,304.20,1
wt,oltp,2000000,1,290,902.60,4212.38,3.76,300.90,1
wt,oltp,2000000,1,300,919.80,4292.42,3.32,306.60,1
wt,oltp,2000000,1,310,924.90,4315.99,3.32,308.30,1
wt,oltp,2000000,1,320,913.20,4261.61,3.36,304.40,1
wt,oltp,2000000,1,330,921.90,4302.00,3.34,307.30,1
wt,oltp,2000000,1,340,911.40,4252.90,3.35,303.80,1
wt,oltp,2000000,1,350,924.30,4314.20,3.32,308.10,1
wt,oltp,2000000,1,360,914.70,4268.10,3.35,304.90,1
wt,oltp,2000000,1,370,866.40,4043.49,3.78,288.80,1
wt,oltp,2000000,1,380,905.40,4225.21,3.74,301.80,1
wt,oltp,2000000,1,390,909.90,4246.19,3.37,303.30,1
wt,oltp,2000000,1,400,932.10,4349.81,3.30,310.70,1
wt,oltp,2000000,1,410,910.80,4250.39,3.35,303.60,1
wt,oltp,2000000,1,420,928.50,4332.31,3.30,309.50,1
wt,oltp,2000000,1,430,884.10,4126.40,3.77,294.70,1
wt,oltp,2000000,1,440,910.80,4250.50,3.65,303.60,1
wt,oltp,2000000,1,450,932.40,4350.80,3.30,310.80,1
wt,oltp,2000000,1,460,914.70,4269.20,3.34,304.90,1
wt,oltp,2000000,1,470,930.60,4342.10,3.29,310.20,1
wt,oltp,2000000,1,480,914.70,4268.70,3.38,304.90,1
wt,oltp,2000000,1,490,915.00,4270.40,3.64,305.00,1
wt,oltp,2000000,1,500,911.10,4252.00,3.69,303.70,1
wt,oltp,2000000,1,510,921.60,4300.50,3.34,307.20,1
wt,oltp,2000000,1,520,923.70,4309.70,3.30,307.90,1
wt,oltp,2000000,1,530,920.10,4295.00,3.33,306.70,1
wt,oltp,2000000,1,540,918.00,4283.10,3.35,306.00,1
wt,oltp,2000000,1,550,917.40,4281.40,3.67,305.80,1
wt,oltp,2000000,1,560,927.90,4330.90,3.30,309.30,1
wt,oltp,2000000,1,570,924.60,4314.80,3.32,308.20,1
wt,oltp,2000000,1,580,917.70,4282.70,3.32,305.90,1
wt,oltp,2000000,1,590,927.60,4328.60,3.31,309.20,1
wt,oltp,2000000,1,600,921.30,4299.40,3.32,307.10,1
wt,oltp,2000000,128,10,15955.26,74561.27,36.96,5317.85,128
wt,oltp,2000000,128,20,15823.59,73848.48,35.53,5274.60,128
wt,oltp,2000000,128,30,15617.47,72879.75,35.91,5205.19,128
wt,oltp,2000000,128,40,15153.93,70726.03,36.93,5052.01,128
wt,oltp,2000000,128,50,15081.70,70378.72,36.97,5027.10,128
wt,oltp,2000000,128,60,15359.40,71674.80,35.65,5119.60,128
wt,oltp,2000000,128,70,14218.30,66355.89,39.70,4739.70,128
wt,oltp,2000000,128,80,14895.40,69503.91,37.49,4965.20,128
wt,oltp,2000000,128,90,15828.09,73871.15,34.23,5275.90,128
wt,oltp,2000000,128,100,15783.61,73648.16,34.30,5261.10,128
wt,oltp,2000000,128,110,15487.69,72267.37,34.64,5162.50,128
wt,oltp,2000000,128,120,15586.20,72755.38,34.39,5195.20,128
wt,oltp,2000000,128,130,14074.41,65673.23,41.96,4691.70,128
wt,oltp,2000000,128,140,15203.40,70951.41,36.58,5068.00,128
wt,oltp,2000000,128,150,15271.00,71263.18,36.17,5090.30,128
wt,oltp,2000000,128,160,15252.60,71167.91,35.63,5084.20,128
wt,oltp,2000000,128,170,15308.90,71459.58,35.85,5102.90,128
wt,oltp,2000000,128,180,15166.20,70768.41,35.94,5055.10,128
wt,oltp,2000000,128,190,15586.80,72737.39,34.71,5195.90,128
wt,oltp,2000000,128,200,15562.98,72624.32,34.32,5187.29,128
wt,oltp,2000000,128,210,14452.72,67445.78,40.30,4817.81,128
wt,oltp,2000000,128,220,15796.30,73721.98,33.84,5265.30,128
wt,oltp,2000000,128,230,15807.70,73765.82,33.94,5269.50,128
wt,oltp,2000000,128,240,15880.40,74116.59,34.14,5292.70,128
wt,oltp,2000000,128,250,14597.80,68113.02,39.07,4866.50,128
wt,oltp,2000000,128,260,14475.89,67567.37,39.66,4825.60,128
wt,oltp,2000000,128,270,15007.50,70021.72,36.58,5002.40,128
wt,oltp,2000000,128,280,14594.90,68108.49,38.88,4865.20,128
wt,oltp,2000000,128,290,14954.30,69787.10,36.15,4984.40,128
wt,oltp,2000000,128,300,14378.30,67102.62,41.12,4793.10,128
wt,oltp,2000000,128,310,15791.10,73687.50,33.99,5263.40,128
wt,oltp,2000000,128,320,15845.40,73945.69,33.80,5281.80,128
wt,oltp,2000000,128,330,15799.49,73733.44,33.90,5266.60,128
wt,oltp,2000000,128,340,15758.91,73531.06,34.22,5252.80,128
wt,oltp,2000000,128,350,15615.30,72883.59,34.70,5205.30,128
wt,oltp,2000000,128,360,15640.90,72988.19,34.02,5213.70,128
wt,oltp,2000000,128,370,15202.40,70941.22,36.16,5067.00,128
wt,oltp,2000000,128,380,15149.20,70701.59,36.00,5050.00,128
wt,oltp,2000000,128,390,15149.50,70706.30,36.28,5049.60,128
wt,oltp,2000000,128,400,14324.00,66845.09,40.17,4774.70,128
wt,oltp,2000000,128,410,15170.51,70791.03,36.11,5056.80,128
wt,oltp,2000000,128,420,14946.60,69748.78,36.68,4982.50,128
wt,oltp,2000000,128,430,15542.80,72543.20,34.77,5181.10,128
wt,oltp,2000000,128,440,15559.40,72599.51,34.43,5186.10,128
wt,oltp,2000000,128,450,14525.50,67789.19,41.27,4842.20,128
wt,oltp,2000000,128,460,15379.14,71761.43,35.73,5126.48,128
wt,oltp,2000000,128,470,15762.06,73562.08,33.78,5253.62,128
wt,oltp,2000000,128,480,15761.50,73555.12,34.08,5253.80,128
wt,oltp,2000000,128,490,15245.40,71132.29,35.98,5081.90,128
wt,oltp,2000000,128,500,15113.70,70543.19,36.42,5037.80,128
wt,oltp,2000000,128,510,15002.80,70006.31,36.68,5001.10,128
wt,oltp,2000000,128,520,14963.30,69828.00,36.27,4987.80,128
wt,oltp,2000000,128,530,15188.40,70893.21,36.12,5062.90,128
wt,oltp,2000000,128,540,14188.60,66211.01,42.66,4729.10,128
wt,oltp,2000000,128,550,15620.30,72883.38,34.08,5206.80,128
wt,oltp,2000000,128,560,15737.36,73455.42,33.92,5245.99,128
wt,oltp,2000000,128,570,15754.14,73510.40,33.98,5251.51,128
wt,oltp,2000000,128,580,14264.69,66561.86,41.66,4754.70,128
wt,oltp,2000000,128,590,15497.40,72330.41,34.62,5165.90,128
wt,oltp,2000000,125,600,15564.37,72627.64,34.52,5188.19,128
wt,oltp,2000000,16,10,11955.01,55805.82,4.45,3984.90,16
wt,oltp,2000000,16,20,12054.82,56254.31,4.20,4018.31,16
wt,oltp,2000000,16,30,12186.02,56868.20,4.43,4062.01,16
wt,oltp,2000000,16,40,11935.20,55690.72,4.51,3977.40,16
wt,oltp,2000000,16,50,12042.19,56205.58,4.48,4015.10,16
wt,oltp,2000000,16,60,12113.30,56527.90,4.44,4037.80,16
wt,oltp,2000000,16,70,12262.20,57223.09,4.19,4087.40,16
wt,oltp,2000000,16,80,12270.10,57260.40,4.18,4090.00,16
wt,oltp,2000000,16,90,12192.90,56897.99,4.30,4064.20,16
wt,oltp,2000000,16,100,12173.11,56810.17,4.11,4057.80,16
wt,oltp,2000000,16,110,12207.39,56970.34,4.17,4069.10,16
wt,oltp,2000000,16,120,12189.71,56882.75,4.27,4063.20,16
wt,oltp,2000000,16,130,12399.00,57862.50,4.15,4133.00,16
wt,oltp,2000000,16,140,12223.79,57041.86,4.46,4074.50,16
wt,oltp,2000000,16,150,12164.60,56769.61,4.44,4055.00,16
wt,oltp,2000000,16,160,12100.30,56469.38,4.48,4033.50,16
wt,oltp,2000000,16,170,12075.90,56354.42,4.44,4025.30,16
wt,oltp,2000000,16,180,12072.20,56334.51,4.51,4024.00,16
wt,oltp,2000000,16,190,12131.79,56615.77,4.46,4044.00,16
wt,oltp,2000000,16,200,12146.60,56683.50,4.48,4048.70,16
wt,oltp,2000000,16,210,12231.90,57082.02,4.42,4077.40,16
wt,oltp,2000000,16,220,12111.70,56525.31,4.50,4037.30,16
wt,oltp,2000000,16,230,12260.60,57213.09,4.38,4086.80,16
wt,oltp,2000000,16,240,12095.50,56444.81,4.49,4031.70,16
wt,oltp,2000000,16,250,11981.10,55911.70,4.56,3993.90,16
wt,oltp,2000000,16,260,11983.30,55924.10,4.54,3994.30,16
wt,oltp,2000000,16,270,12090.10,56416.99,4.51,4030.00,16
wt,oltp,2000000,16,280,12051.30,56241.09,4.52,4017.10,16
wt,oltp,2000000,16,290,12245.20,57146.10,4.34,4081.90,16
wt,oltp,2000000,16,300,12075.30,56349.52,4.52,4025.10,16
wt,oltp,2000000,16,310,12065.50,56306.59,4.51,4021.80,16
wt,oltp,2000000,16,320,12113.10,56527.51,4.48,4037.70,16
wt,oltp,2000000,16,330,11998.00,55987.99,4.51,3999.30,16
wt,oltp,2000000,16,340,12093.80,56436.58,4.48,4031.30,16
wt,oltp,2000000,16,350,12131.65,56618.06,4.50,4043.88,16
wt,oltp,2000000,16,360,12087.23,56406.83,4.51,4029.11,16
wt,oltp,2000000,16,370,12250.30,57168.51,4.41,4083.40,16
wt,oltp,2000000,16,380,12036.42,56169.20,4.54,4012.11,16
wt,oltp,2000000,16,390,12081.40,56382.09,4.52,4027.20,16
wt,oltp,2000000,16,400,12117.71,56548.92,4.52,4039.20,16
wt,oltp,2000000,16,410,11948.30,55757.50,4.56,3982.70,16
wt,oltp,2000000,16,420,11914.20,55597.99,4.55,3971.40,16
wt,oltp,2000000,16,430,12201.90,56945.21,4.24,4067.40,16
wt,oltp,2000000,16,440,12178.90,56836.09,4.45,4059.50,16
wt,oltp,2000000,16,450,12211.80,56985.11,4.47,4070.60,16
wt,oltp,2000000,16,460,12038.50,56180.69,4.53,4012.90,16
wt,oltp,2000000,16,470,11994.40,55973.02,4.54,3998.10,16
wt,oltp,2000000,16,480,12254.90,57190.40,4.39,4085.00,16
wt,oltp,2000000,16,490,12040.60,56188.39,4.47,4013.60,16
wt,oltp,2000000,16,500,12059.70,56279.30,4.50,4019.90,16
wt,oltp,2000000,16,510,12060.80,56283.90,4.54,4020.20,16
wt,oltp,2000000,16,520,12174.50,56817.12,4.50,4058.20,16
wt,oltp,2000000,16,530,12048.79,56223.57,4.55,4016.20,16
wt,oltp,2000000,16,540,11995.10,55980.92,4.57,3998.40,16
wt,oltp,2000000,16,550,11839.10,55243.88,4.59,3946.40,16
wt,oltp,2000000,16,560,12092.40,56435.28,4.50,4030.70,16
wt,oltp,2000000,16,570,11912.50,55590.52,4.57,3970.90,16
wt,oltp,2000000,16,580,12065.10,56305.82,4.48,4021.70,16
wt,oltp,2000000,16,590,12024.09,56111.47,4.55,4008.10,16
wt,oltp,2000000,15,600,11947.50,55753.60,4.58,3982.50,16
wt,oltp,2000000,2,10,1668.66,7789.57,4.09,556.22,2
wt,oltp,2000000,2,20,1703.60,7948.59,3.92,567.80,2
wt,oltp,2000000,2,30,1800.50,8402.31,3.60,600.20,2
wt,oltp,2000000,2,40,1822.10,8503.40,3.48,607.40,2
wt,oltp,2000000,2,50,1801.50,8408.20,3.56,600.50,2
wt,oltp,2000000,2,60,1766.50,8242.20,3.83,588.70,2
wt,oltp,2000000,2,70,1672.10,7804.40,3.82,557.50,2
wt,oltp,2000000,2,80,1712.90,7992.00,3.76,570.90,2
wt,oltp,2000000,2,90,1661.80,7756.00,3.87,554.00,2
wt,oltp,2000000,2,100,1750.80,8171.10,3.49,583.60,2
wt,oltp,2000000,2,110,1741.20,8125.70,3.48,580.40,2
wt,oltp,2000000,2,120,1758.90,8207.40,3.48,586.30,2
wt,oltp,2000000,2,130,1753.20,8181.00,3.70,584.40,2
wt,oltp,2000000,2,140,1766.90,8246.00,3.51,588.90,2
wt,oltp,2000000,2,150,1785.40,8332.60,3.44,595.20,2
wt,oltp,2000000,2,160,1782.60,8318.80,3.45,594.20,2
wt,oltp,2000000,2,170,1778.20,8298.20,3.50,592.70,2
wt,oltp,2000000,2,180,1792.10,8363.50,3.44,597.40,2
wt,oltp,2000000,2,190,1776.00,8287.90,3.77,592.00,2
wt,oltp,2000000,2,200,1787.70,8342.40,3.44,595.90,2
wt,oltp,2000000,2,210,1743.00,8134.00,3.82,581.00,2
wt,oltp,2000000,2,220,1752.60,8177.90,3.81,584.20,2
wt,oltp,2000000,2,230,1690.50,7889.80,3.83,563.50,2
wt,oltp,2000000,2,240,1757.40,8201.20,3.80,585.80,2
wt,oltp,2000000,2,250,1790.70,8356.80,3.45,596.90,2
wt,oltp,2000000,2,260,1783.60,8323.20,3.77,594.50,2
wt,oltp,2000000,2,270,1768.30,8251.20,3.75,589.40,2
wt,oltp,2000000,2,280,1797.80,8390.70,3.45,599.30,2
wt,oltp,2000000,2,290,1805.20,8423.71,3.52,601.70,2
wt,oltp,2000000,2,300,1804.60,8422.30,3.39,601.60,2
wt,oltp,2000000,2,310,1801.50,8404.90,3.41,600.50,2
wt,oltp,2000000,2,320,1806.00,8430.30,3.44,602.00,2
wt,oltp,2000000,2,330,1665.60,7771.80,3.85,555.20,2
wt,oltp,2000000,2,340,1807.20,8433.70,3.44,602.40,2
wt,oltp,2000000,2,350,1798.20,8392.10,3.74,599.40,2
wt,oltp,2000000,2,360,1805.70,8426.70,3.50,601.90,2
wt,oltp,2000000,2,370,1810.10,8446.50,3.41,603.30,2
wt,oltp,2000000,2,380,1807.50,8435.10,3.42,602.50,2
wt,oltp,2000000,2,390,1768.90,8255.50,3.74,589.70,2
wt,oltp,2000000,2,400,1803.60,8416.10,3.41,601.20,2
wt,oltp,2000000,2,410,1729.80,8073.00,3.83,576.60,2
wt,oltp,2000000,2,420,1758.50,8205.90,3.85,586.10,2
wt,oltp,2000000,2,430,1773.10,8275.20,3.44,591.10,2
wt,oltp,2000000,2,440,1806.60,8429.60,3.40,602.20,2
wt,oltp,2000000,2,450,1817.70,8482.70,3.40,605.90,2
wt,oltp,2000000,2,460,1817.60,8482.40,3.37,605.80,2
wt,oltp,2000000,2,470,1792.60,8365.00,3.71,597.60,2
wt,oltp,2000000,2,480,1790.70,8357.20,3.70,596.90,2
wt,oltp,2000000,2,490,1800.80,8403.50,3.75,600.20,2
wt,oltp,2000000,2,500,1833.10,8555.30,3.34,611.10,2
wt,oltp,2000000,2,510,1810.40,8447.20,3.42,603.40,2
wt,oltp,2000000,2,520,1819.90,8493.90,3.38,606.70,2
wt,oltp,2000000,2,530,1747.50,8154.10,3.82,582.50,2
wt,oltp,2000000,2,540,1733.40,8090.00,3.82,577.80,2
wt,oltp,2000000,2,550,1759.20,8209.30,3.82,586.40,2
wt,oltp,2000000,2,560,1758.60,8206.70,3.73,586.20,2
wt,oltp,2000000,2,570,1689.60,7884.40,3.82,563.20,2
wt,oltp,2000000,2,580,1781.10,8312.10,3.81,593.70,2
wt,oltp,2000000,2,590,1776.30,8289.20,3.48,592.10,2
wt,oltp,2000000,2,600,1790.70,8356.80,3.48,596.90,2
wt,oltp,2000000,24,10,16919.69,78981.94,4.82,5639.73,24
wt,oltp,2000000,24,20,17364.06,81029.00,4.60,5788.12,24
wt,oltp,2000000,24,30,17341.20,80927.59,4.60,5780.40,24
wt,oltp,2000000,24,40,17014.21,79401.93,4.78,5671.40,24
wt,oltp,2000000,24,50,16843.80,78603.30,4.67,5614.50,24
wt,oltp,2000000,24,60,17157.89,80064.36,4.61,5719.30,24
wt,oltp,2000000,24,70,17050.21,79569.04,4.70,5683.50,24
wt,oltp,2000000,24,80,17012.30,79393.09,4.61,5670.70,24
wt,oltp,2000000,24,90,17152.60,80043.78,4.65,5717.50,24
wt,oltp,2000000,24,100,17285.30,80668.11,4.60,5761.80,24
wt,oltp,2000000,24,110,16875.01,78747.57,4.69,5624.90,24
wt,oltp,2000000,24,120,16963.28,79163.73,4.79,5654.59,24
wt,oltp,2000000,24,130,17255.80,80524.50,4.61,5751.80,24
wt,oltp,2000000,24,140,17058.61,79609.66,4.60,5686.30,24
wt,oltp,2000000,24,150,17104.28,79817.82,4.62,5701.39,24
wt,oltp,2000000,24,160,17276.90,80627.62,4.61,5759.00,24
wt,oltp,2000000,24,170,17252.79,80512.67,4.63,5750.90,24
wt,oltp,2000000,24,180,17267.67,80578.60,4.61,5755.86,24
wt,oltp,2000000,24,190,16805.73,78430.62,4.73,5601.94,24
wt,oltp,2000000,24,200,17041.91,79527.16,4.75,5680.70,24
wt,oltp,2000000,24,210,17284.60,80659.11,4.60,5761.40,24
wt,oltp,2000000,24,220,17258.30,80538.28,4.64,5752.80,24
wt,oltp,2000000,24,230,17216.21,80347.59,4.63,5738.87,24
wt,oltp,2000000,24,240,17011.79,79387.52,4.63,5670.53,24
wt,oltp,2000000,24,250,17269.10,80586.79,4.62,5756.40,24
wt,oltp,2000000,24,260,17138.50,79977.70,4.63,5712.50,24
wt,oltp,2000000,24,270,17019.59,79429.03,4.74,5673.50,24
wt,oltp,2000000,24,280,16865.51,78705.56,4.72,5621.80,24
wt,oltp,2000000,24,290,17276.60,80621.21,4.62,5759.00,24
wt,oltp,2000000,24,300,17306.60,80768.20,4.61,5768.80,24
wt,oltp,2000000,24,310,17264.59,80563.16,4.61,5754.60,24
wt,oltp,2000000,24,320,17213.89,80331.56,4.70,5738.20,24
wt,oltp,2000000,24,330,16974.01,79217.75,4.79,5658.10,24
wt,oltp,2000000,24,340,17224.99,80381.06,4.68,5741.60,24
wt,oltp,2000000,24,350,17004.90,79357.70,4.81,5668.30,24
wt,oltp,2000000,24,360,16919.10,78956.20,4.82,5639.70,24
wt,oltp,2000000,24,370,17222.90,80373.30,4.65,5741.00,24
wt,oltp,2000000,24,380,17222.20,80368.90,4.63,5740.70,24
wt,oltp,2000000,24,390,17084.30,79729.22,4.65,5694.70,24
wt,oltp,2000000,24,400,17251.41,80508.04,4.62,5750.50,24
wt,oltp,2000000,24,410,17244.79,80472.44,4.63,5748.30,24
wt,oltp,2000000,24,420,17300.51,80733.56,4.62,5766.70,24
wt,oltp,2000000,24,430,17070.31,79664.52,4.74,5690.30,24
wt,oltp,2000000,24,440,17041.69,79525.14,4.79,5680.40,24
wt,oltp,2000000,24,450,17018.92,79420.98,4.67,5673.11,24
wt,oltp,2000000,24,460,17111.38,79853.92,4.67,5703.79,24
wt,oltp,2000000,24,470,17164.20,80101.80,4.70,5721.40,24
wt,oltp,2000000,24,480,17142.30,79997.48,4.70,5714.10,24
wt,oltp,2000000,24,490,17202.41,80273.53,4.66,5733.90,24
wt,oltp,2000000,24,500,17267.59,80585.86,4.62,5756.00,24
wt,oltp,2000000,24,510,17106.90,79831.71,4.74,5702.30,24
wt,oltp,2000000,24,520,16872.21,78732.97,4.73,5624.00,24
wt,oltp,2000000,24,530,17047.08,79560.40,4.77,5682.49,24
wt,oltp,2000000,24,540,17279.31,80631.44,4.62,5759.80,24
wt,oltp,2000000,24,550,17258.11,80542.76,4.62,5752.60,24
wt,oltp,2000000,24,560,17075.70,79683.91,4.62,5691.90,24
wt,oltp,2000000,24,570,17278.19,80631.34,4.62,5759.30,24
wt,oltp,2000000,24,580,17306.11,80761.95,4.61,5768.80,24
wt,oltp,2000000,24,590,16985.99,79266.14,4.76,5662.10,24
wt,oltp,2000000,24,600,17003.22,79351.17,4.74,5667.71,24
wt,oltp,2000000,256,10,15134.07,70815.88,89.36,5043.76,256
wt,oltp,2000000,256,20,14711.00,68658.82,91.77,4903.40,256
wt,oltp,2000000,256,30,14460.30,67470.42,92.41,4819.90,256
wt,oltp,2000000,256,40,14176.20,66157.39,95.59,4725.50,256
wt,oltp,2000000,256,50,13767.00,64242.08,98.96,4589.20,256
wt,oltp,2000000,256,60,14297.29,66714.66,92.38,4765.60,256
wt,oltp,2000000,256,70,14536.70,67862.22,82.42,4845.60,256
wt,oltp,2000000,256,80,11957.99,55799.47,93.04,3985.70,256
wt,oltp,2000000,256,90,14590.60,68090.98,84.34,4863.60,256
wt,oltp,2000000,256,100,14494.11,67637.26,83.97,4831.10,256
wt,oltp,2000000,256,110,14496.70,67664.61,85.49,4832.80,256
wt,oltp,2000000,256,120,14368.49,67053.56,85.23,4789.00,256
wt,oltp,2000000,256,130,14311.93,66769.32,92.13,4770.94,256
wt,oltp,2000000,256,140,13387.06,62465.27,101.36,4462.65,256
wt,oltp,2000000,256,150,14186.70,66218.59,92.54,4728.70,256
wt,oltp,2000000,256,160,14200.70,66261.31,92.07,4733.50,256
wt,oltp,2000000,256,170,14142.00,66005.50,93.86,4714.00,256
wt,oltp,2000000,256,180,14103.79,65811.76,94.84,4701.00,256
wt,oltp,2000000,256,190,14457.77,67470.14,86.46,4819.69,256
wt,oltp,2000000,256,200,14570.84,68016.97,85.95,4856.71,256
wt,oltp,2000000,256,210,14538.21,67835.23,82.08,4845.60,256
wt,oltp,2000000,256,220,14520.39,67771.87,82.20,4840.80,256
wt,oltp,2000000,256,230,14514.01,67720.12,82.99,4837.30,256
wt,oltp,2000000,256,240,14589.40,68076.60,85.00,4863.10,256
wt,oltp,2000000,256,250,14238.40,66444.60,92.71,4746.60,256
wt,oltp,2000000,256,260,14117.65,65886.56,93.32,4706.18,256
wt,oltp,2000000,256,270,11835.84,55215.17,111.78,3945.61,256
wt,oltp,2000000,256,280,13082.01,61061.54,102.06,4360.30,256
wt,oltp,2000000,256,290,14176.80,66156.98,92.05,4725.60,256
wt,oltp,2000000,256,300,13378.80,62440.22,97.55,4459.70,256
wt,oltp,2000000,256,310,14491.69,67632.47,83.14,4830.70,256
wt,oltp,2000000,256,320,14539.80,67856.90,83.76,4845.80,256
wt,oltp,2000000,256,330,14522.31,67763.83,82.77,4841.30,256
wt,oltp,2000000,256,340,14413.80,67265.68,83.44,4803.70,256
wt,oltp,2000000,256,350,14342.61,66943.83,85.56,4781.50,256
wt,oltp,2000000,256,360,13883.90,64777.78,85.44,4627.90,256
wt,oltp,2000000,256,370,13170.00,61464.60,100.61,4390.60,256
wt,oltp,2000000,256,380,14049.20,65565.29,92.93,4682.90,256
wt,oltp,2000000,256,390,14138.60,65969.38,92.66,4713.20,256
wt,oltp,2000000,256,400,14045.50,65547.70,92.24,4681.70,256
wt,oltp,2000000,256,410,14137.56,65964.75,92.49,4712.65,256
wt,oltp,2000000,256,420,13941.74,65075.56,95.76,4647.15,256
wt,oltp,2000000,256,430,13527.54,63118.43,91.66,4508.38,256
wt,oltp,2000000,256,440,14466.63,67523.43,84.87,4821.91,256
wt,oltp,2000000,256,450,14505.13,67695.55,84.12,4835.51,256
wt,oltp,2000000,256,460,13301.50,62069.39,89.87,4433.70,256
wt,oltp,2000000,256,470,14493.40,67635.99,84.37,4831.30,256
wt,oltp,2000000,256,480,14554.10,67914.81,83.02,4851.10,256
wt,oltp,2000000,256,490,14102.20,65794.69,92.54,4701.70,256
wt,oltp,2000000,256,500,14021.00,65447.90,94.05,4673.50,256
wt,oltp,2000000,256,510,13998.30,65319.40,93.46,4666.00,256
wt,oltp,2000000,256,520,13972.80,65214.59,93.18,4657.40,256
wt,oltp,2000000,256,530,14111.61,65837.74,92.74,4703.70,256
wt,oltp,2000000,256,540,14141.19,66006.16,92.57,4714.10,256
wt,oltp,2000000,256,550,14294.60,66715.22,87.77,4764.80,256
wt,oltp,2000000,256,560,14065.50,65623.82,85.28,4687.80,256
wt,oltp,2000000,256,570,14504.60,67687.98,81.37,4834.70,256
wt,oltp,2000000,256,580,14522.20,67788.21,86.26,4841.10,256
wt,oltp,2000000,256,590,14381.20,67101.39,85.31,4793.10,256
wt,oltp,2000000,256,600,14369.11,67042.53,84.14,4789.90,256
wt,oltp,2000000,32,10,19997.06,93345.98,6.14,6665.52,32
wt,oltp,2000000,32,20,20357.17,95005.92,5.94,6785.82,32
wt,oltp,2000000,32,30,20331.11,94876.15,5.82,6777.10,32
wt,oltp,2000000,32,40,19613.10,91525.98,5.97,6537.70,32
wt,oltp,2000000,32,50,19533.51,91154.77,5.88,6511.00,32
wt,oltp,2000000,32,60,20023.09,93440.46,5.92,6674.40,32
wt,oltp,2000000,32,70,20246.19,94487.67,5.92,6748.70,32
wt,oltp,2000000,32,80,19819.52,92487.60,5.90,6606.61,32
wt,oltp,2000000,32,90,20362.20,95022.79,5.82,6787.40,32
wt,oltp,2000000,32,100,20225.18,94384.92,5.85,6741.69,32
wt,oltp,2000000,32,110,19802.61,92410.85,5.95,6600.70,32
wt,oltp,2000000,32,120,20030.40,93478.01,5.95,6677.00,32
wt,oltp,2000000,32,130,19938.68,93050.80,5.92,6646.09,32
wt,oltp,2000000,32,140,20346.53,94945.62,5.89,6782.31,32
wt,oltp,2000000,32,150,20313.10,94793.69,5.81,6770.90,32
wt,oltp,2000000,32,160,20217.60,94347.22,5.91,6739.30,32
wt,oltp,2000000,32,170,20303.69,94754.06,5.80,6767.80,32
wt,oltp,2000000,32,180,20294.61,94710.33,5.83,6765.00,32
wt,oltp,2000000,32,190,20070.38,93658.79,5.96,6689.99,32
wt,oltp,2000000,32,200,19350.52,90304.01,6.01,6450.21,32
wt,oltp,2000000,32,210,20284.09,94657.77,5.85,6761.30,32
wt,oltp,2000000,32,220,20343.80,94939.82,5.82,6781.40,32
wt,oltp,2000000,32,230,20263.30,94559.40,5.80,6754.50,32
wt,oltp,2000000,32,240,20320.70,94829.78,5.86,6773.40,32
wt,oltp,2000000,32,250,19994.99,93309.93,5.86,6665.20,32
wt,oltp,2000000,32,260,20300.52,94737.50,5.84,6766.71,32
wt,oltp,2000000,32,270,20039.50,93518.78,5.94,6679.90,32
wt,oltp,2000000,32,280,20028.29,93462.17,6.01,6676.00,32
wt,oltp,2000000,32,290,20261.21,94550.97,5.84,6753.60,32
wt,oltp,2000000,32,300,20312.79,94792.65,5.76,6771.10,32
wt,oltp,2000000,32,310,20277.19,94631.27,5.81,6759.10,32
wt,oltp,2000000,32,320,20298.71,94726.35,5.87,6766.30,32
wt,oltp,2000000,32,330,20273.20,94609.00,5.79,6757.70,32
wt,oltp,2000000,32,340,20292.50,94693.01,5.79,6764.00,32
wt,oltp,2000000,32,350,19644.10,91674.90,5.88,6548.10,32
wt,oltp,2000000,32,360,20003.10,93348.71,5.96,6667.80,32
wt,oltp,2000000,32,370,20024.28,93444.70,5.88,6674.69,32
wt,oltp,2000000,32,380,20300.92,94740.58,5.79,6766.81,32
wt,oltp,2000000,32,390,20319.50,94827.88,5.75,6773.40,32
wt,oltp,2000000,32,400,20352.61,94972.93,5.82,6783.90,32
wt,oltp,2000000,32,410,20233.10,94425.30,5.79,6744.60,32
wt,oltp,2000000,32,420,20343.10,94932.31,5.77,6781.10,32
wt,oltp,2000000,32,430,20204.58,94288.62,5.91,6734.79,32
wt,oltp,2000000,32,440,19966.51,93178.26,5.97,6655.60,32
wt,oltp,2000000,32,450,20072.50,93670.21,5.94,6690.80,32
wt,oltp,2000000,32,460,20304.20,94752.52,5.80,6768.00,32
wt,oltp,2000000,32,470,20335.79,94899.75,5.82,6778.60,32
wt,oltp,2000000,32,480,20030.91,93479.54,5.87,6676.80,32
wt,oltp,2000000,32,490,20371.28,95064.03,5.78,6790.59,32
wt,oltp,2000000,32,500,20322.51,94837.25,5.82,6774.30,32
wt,oltp,2000000,32,510,20272.41,94609.34,5.81,6757.40,32
wt,oltp,2000000,32,520,20018.40,93418.38,5.95,6672.70,32
wt,oltp,2000000,32,530,20063.20,93626.51,5.90,6687.80,32
wt,oltp,2000000,32,540,20210.70,94319.49,5.87,6736.90,32
wt,oltp,2000000,32,550,20313.29,94793.14,5.83,6771.10,32
wt,oltp,2000000,32,560,20260.19,94547.07,5.79,6753.30,32
wt,oltp,2000000,32,570,19966.40,93176.11,5.85,6655.50,32
wt,oltp,2000000,32,580,20269.20,94590.29,5.85,6756.50,32
wt,oltp,2000000,32,590,20280.50,94638.00,5.83,6760.20,32
wt,oltp,2000000,31,600,20210.29,94316.54,5.84,6736.70,32
wt,oltp,2000000,4,10,3360.42,15686.25,4.15,1120.14,4
wt,oltp,2000000,4,20,3512.71,16391.54,3.81,1170.90,4
wt,oltp,2000000,4,30,3563.10,16626.40,3.60,1187.70,4
wt,oltp,2000000,4,40,3486.00,16269.20,3.89,1162.00,4
wt,oltp,2000000,4,50,3315.00,15471.90,3.90,1105.00,4
wt,oltp,2000000,4,60,3408.90,15907.60,3.85,1136.30,4
wt,oltp,2000000,4,70,3431.70,16014.00,3.85,1143.90,4
wt,oltp,2000000,4,80,3417.90,15950.21,3.87,1139.30,4
wt,oltp,2000000,4,90,3459.90,16146.19,3.80,1153.30,4
wt,oltp,2000000,4,100,3496.30,16315.79,3.59,1165.30,4
wt,oltp,2000000,4,110,3466.10,16174.41,3.86,1155.50,4
wt,oltp,2000000,4,120,3493.90,16306.40,3.85,1164.60,4
wt,oltp,2000000,4,130,3451.40,16105.60,3.83,1150.50,4
wt,oltp,2000000,4,140,3485.10,16263.80,3.75,1161.70,4
wt,oltp,2000000,4,150,3471.30,16199.90,3.84,1157.10,4
wt,oltp,2000000,4,160,3520.30,16427.70,3.83,1173.40,4
wt,oltp,2000000,4,170,3553.10,16581.19,3.51,1184.40,4
wt,oltp,2000000,4,180,3522.60,16438.71,3.62,1174.20,4
wt,oltp,2000000,4,190,3529.20,16469.70,3.76,1176.40,4
wt,oltp,2000000,4,200,3529.90,16473.19,3.54,1176.60,4
wt,oltp,2000000,4,210,3499.70,16332.60,3.70,1166.60,4
wt,oltp,2000000,4,220,3471.30,16199.39,3.88,1157.10,4
wt,oltp,2000000,4,230,3507.90,16369.00,3.84,1169.30,4
wt,oltp,2000000,4,240,3482.70,16252.40,3.75,1160.90,4
wt,oltp,2000000,4,250,3537.90,16511.50,3.73,1179.30,4
wt,oltp,2000000,4,260,3531.90,16481.21,3.76,1177.30,4
wt,oltp,2000000,4,270,3491.20,16291.89,3.84,1163.70,4
wt,oltp,2000000,4,280,3487.50,16275.50,3.81,1162.40,4
wt,oltp,2000000,4,290,3493.20,16302.00,3.85,1164.50,4
wt,oltp,2000000,4,300,3390.40,15820.10,3.93,1130.10,4
wt,oltp,2000000,4,310,3362.10,15691.10,3.93,1120.70,4
wt,oltp,2000000,4,320,3504.40,16352.20,3.80,1168.20,4
wt,oltp,2000000,4,330,3487.80,16278.90,3.86,1162.60,4
wt,oltp,2000000,4,340,3506.10,16362.20,3.85,1168.70,4
wt,oltp,2000000,4,350,3514.40,16398.89,3.82,1171.40,4
wt,oltp,2000000,4,360,3543.70,16536.51,3.50,1181.30,4
wt,oltp,2000000,4,370,3480.60,16244.60,3.88,1160.20,4
wt,oltp,2000000,4,380,3464.40,16165.70,3.82,1154.80,4
wt,oltp,2000000,4,390,3522.50,16439.70,3.81,1174.10,4
wt,oltp,2000000,4,400,3512.80,16393.80,3.86,1171.00,4
wt,oltp,2000000,4,410,3505.10,16356.00,3.81,1168.30,4
wt,oltp,2000000,4,420,3510.10,16380.20,3.79,1170.10,4
wt,oltp,2000000,4,430,3512.80,16392.40,3.78,1170.90,4
wt,oltp,2000000,4,440,3558.80,16609.39,3.52,1186.30,4
wt,oltp,2000000,4,450,3538.90,16514.10,3.51,1179.60,4
wt,oltp,2000000,4,460,3549.00,16562.50,3.48,1183.00,4
wt,oltp,2000000,4,470,3555.60,16592.40,3.48,1185.20,4
wt,oltp,2000000,4,480,3551.90,16574.30,3.56,1184.00,4
wt,oltp,2000000,4,490,3548.20,16560.40,3.49,1182.70,4
wt,oltp,2000000,4,500,3507.50,16367.10,3.81,1169.20,4
wt,oltp,2000000,4,510,3494.40,16306.70,3.91,1164.70,4
wt,oltp,2000000,4,520,3512.10,16389.80,3.86,1170.80,4
wt,oltp,2000000,4,530,3531.00,16479.30,3.55,1177.00,4
wt,oltp,2000000,4,540,3499.50,16330.50,3.65,1166.50,4
wt,oltp,2000000,4,550,3539.40,16518.00,3.55,1179.80,4
wt,oltp,2000000,4,560,3539.60,16515.90,3.69,1179.80,4
wt,oltp,2000000,4,570,3501.40,16341.11,3.72,1167.20,4
wt,oltp,2000000,4,580,3482.40,16251.79,3.82,1160.80,4
wt,oltp,2000000,4,590,3552.30,16578.11,3.78,1184.10,4
wt,oltp,2000000,3,600,3519.40,16421.90,3.82,1173.10,4
wt,oltp,2000000,40,10,21313.42,99496.38,7.55,7104.31,40
wt,oltp,2000000,40,20,21595.79,100779.81,7.47,7198.53,40
wt,oltp,2000000,40,30,21222.62,99037.67,7.35,7074.21,40
wt,oltp,2000000,40,40,21228.90,99070.18,7.69,7076.40,40
wt,oltp,2000000,40,50,21099.69,98466.67,7.53,7033.20,40
wt,oltp,2000000,40,60,21008.12,98037.57,7.56,7002.71,40
wt,oltp,2000000,40,70,21612.09,100860.37,7.29,7204.10,40
wt,oltp,2000000,40,80,21485.30,100260.24,7.39,7161.67,40
wt,oltp,2000000,40,90,21611.91,100856.41,7.32,7204.14,40
wt,oltp,2000000,40,100,21530.69,100479.94,7.31,7176.70,40
wt,oltp,2000000,40,110,21031.96,98147.01,7.51,7010.79,40
wt,oltp,2000000,40,120,21311.85,99454.82,7.65,7103.82,40
wt,oltp,2000000,40,130,21455.40,100128.00,7.52,7151.90,40
wt,oltp,2000000,40,140,21226.20,99054.00,7.41,7075.40,40
wt,oltp,2000000,40,150,21644.99,101008.27,7.43,7215.00,40
wt,oltp,2000000,40,160,21625.50,100918.40,7.38,7208.40,40
wt,oltp,2000000,40,170,21617.26,100880.81,7.38,7205.99,40
wt,oltp,2000000,40,180,21261.15,99219.82,7.47,7086.82,40
wt,oltp,2000000,40,190,21165.80,98776.11,7.71,7055.30,40
wt,oltp,2000000,40,200,21245.10,99136.88,7.70,7081.80,40
wt,oltp,2000000,40,210,21135.80,98638.22,7.58,7045.20,40
wt,oltp,2000000,40,220,21584.20,100726.30,7.42,7194.70,40
wt,oltp,2000000,40,230,21545.19,100542.05,7.41,7181.80,40
wt,oltp,2000000,40,240,21316.31,99476.15,7.60,7105.40,40
wt,oltp,2000000,40,250,21504.20,100358.68,7.62,7168.20,40
wt,oltp,2000000,40,260,21613.30,100856.21,7.44,7204.30,40
wt,oltp,2000000,40,270,21323.15,99507.88,7.65,7107.78,40
wt,oltp,2000000,40,280,21313.86,99467.79,7.63,7104.39,40
wt,oltp,2000000,40,290,21402.19,99873.61,7.60,7134.23,40
wt,oltp,2000000,40,300,21264.04,99234.80,7.48,7088.18,40
wt,oltp,2000000,40,310,21367.07,99713.94,7.54,7122.22,40
wt,oltp,2000000,40,320,21665.40,101106.99,7.39,7221.80,40
wt,oltp,2000000,40,330,21585.10,100729.78,7.59,7194.90,40
wt,oltp,2000000,40,340,21662.20,101086.50,7.48,7220.60,40
wt,oltp,2000000,40,350,21656.17,101063.22,7.54,7218.96,40
wt,oltp,2000000,40,360,20938.52,97715.07,7.78,6979.54,40
wt,oltp,2000000,40,370,21335.08,99565.81,7.91,7111.69,40
wt,oltp,2000000,40,380,21667.62,101113.48,7.52,7222.61,40
wt,oltp,2000000,40,390,21510.90,100382.70,7.66,7170.10,40
wt,oltp,2000000,40,400,21550.70,100564.92,7.83,7183.60,40
wt,oltp,2000000,40,410,21481.60,100253.20,7.92,7160.60,40
wt,oltp,2000000,40,420,21105.70,98488.60,8.27,7035.30,40
wt,oltp,2000000,40,430,21343.70,99606.68,8.16,7114.40,40
wt,oltp,2000000,40,440,20887.01,97470.84,8.23,6962.50,40
wt,oltp,2000000,40,450,21245.90,99147.09,8.14,7082.00,40
wt,oltp,2000000,40,460,21268.59,99256.87,8.23,7089.50,40
wt,oltp,2000000,40,470,20211.20,94319.42,8.91,6737.10,40
wt,oltp,2000000,40,480,21121.21,98570.52,8.43,7040.40,40
wt,oltp,2000000,40,490,21343.31,99594.22,8.23,7114.30,40
wt,oltp,2000000,40,500,21337.19,99573.27,8.20,7112.30,40
wt,oltp,2000000,40,510,21325.70,99524.70,8.38,7108.60,40
wt,oltp,2000000,40,520,20598.40,96123.40,8.73,6866.30,40
wt,oltp,2000000,40,530,20750.80,96834.40,8.71,6916.90,40
wt,oltp,2000000,40,540,21119.49,98557.13,8.63,7039.80,40
wt,oltp,2000000,40,550,21255.41,99194.65,8.41,7085.30,40
wt,oltp,2000000,40,560,21444.51,100073.23,8.11,7148.00,40
wt,oltp,2000000,40,570,21311.90,99457.29,8.46,7103.80,40
wt,oltp,2000000,40,580,21378.69,99764.97,8.19,7126.40,40
wt,oltp,2000000,40,590,21102.30,98480.82,8.34,7034.20,40
wt,oltp,2000000,39,600,21260.39,99211.83,8.40,7086.80,40
wt,oltp,2000000,48,10,16942.69,79105.52,10.51,5647.33,48
wt,oltp,2000000,48,20,16848.06,78635.58,10.51,5616.12,48
wt,oltp,2000000,48,30,16569.01,77314.43,10.65,5522.90,48
wt,oltp,2000000,48,40,16416.60,76609.08,10.95,5472.30,48
wt,oltp,2000000,48,50,15929.20,74342.40,11.64,5309.70,48
wt,oltp,2000000,48,60,16471.00,76863.81,10.69,5490.30,48
wt,oltp,2000000,48,70,14364.30,67026.98,13.41,4788.10,48
wt,oltp,2000000,48,80,16800.30,78402.50,10.52,5600.10,48
wt,oltp,2000000,48,90,16253.20,75849.91,12.08,5417.70,48
wt,oltp,2000000,48,100,16942.60,79065.89,10.45,5647.70,48
wt,oltp,2000000,48,110,16719.50,78025.71,10.70,5572.90,48
wt,oltp,2000000,48,120,16573.40,77340.98,10.75,5524.70,48
wt,oltp,2000000,48,130,16363.30,76360.20,10.77,5454.40,48
wt,oltp,2000000,48,140,16315.58,76140.13,10.82,5438.39,48
wt,oltp,2000000,48,150,16302.22,76076.48,10.77,5434.01,48
wt,oltp,2000000,48,160,14970.53,69863.39,14.47,4990.28,48
wt,oltp,2000000,48,170,16409.08,76578.36,10.75,5469.53,48
wt,oltp,2000000,48,180,16255.90,75853.90,10.83,5418.70,48
wt,oltp,2000000,48,190,16734.40,78101.79,10.72,5578.20,48
wt,oltp,2000000,48,200,16702.40,77943.82,10.66,5567.60,48
wt,oltp,2000000,48,210,16942.49,79060.27,10.44,5647.40,48
wt,oltp,2000000,48,220,17001.90,79341.41,10.40,5667.20,48
wt,oltp,2000000,48,230,16891.31,78829.02,10.48,5630.30,48
wt,oltp,2000000,48,240,14889.40,69485.09,14.26,4963.30,48
wt,oltp,2000000,48,250,16319.30,76159.39,10.82,5439.90,48
wt,oltp,2000000,48,260,16268.20,75912.49,10.89,5422.60,48
wt,oltp,2000000,48,270,16080.90,75047.51,11.12,5360.50,48
wt,oltp,2000000,48,280,15553.81,72584.53,12.49,5184.40,48
wt,oltp,2000000,48,290,16354.99,76319.76,10.81,5451.80,48
wt,oltp,2000000,48,300,14735.00,68768.11,15.63,4911.60,48
wt,oltp,2000000,48,310,16747.00,78154.10,10.78,5582.40,48
wt,oltp,2000000,48,320,16973.10,79203.80,10.46,5657.60,48
wt,oltp,2000000,48,330,16970.00,79192.49,10.45,5656.50,48
wt,oltp,2000000,48,340,16788.30,78345.30,10.68,5596.00,48
wt,oltp,2000000,48,350,16718.90,78025.91,10.73,5573.30,48
wt,oltp,2000000,48,360,16642.40,77664.50,10.71,5547.30,48
wt,oltp,2000000,48,370,14493.40,67632.89,15.82,4831.40,48
wt,oltp,2000000,48,380,16282.52,75984.72,10.86,5427.47,48
wt,oltp,2000000,48,390,16265.08,75904.86,10.89,5421.53,48
wt,oltp,2000000,48,400,16298.21,76059.13,10.79,5432.90,48
wt,oltp,2000000,48,410,15456.20,72128.01,13.33,5151.90,48
wt,oltp,2000000,48,420,16201.65,75603.95,10.96,5400.68,48
wt,oltp,2000000,48,430,16716.05,78011.75,10.72,5571.92,48
wt,oltp,2000000,48,440,16708.80,77976.99,10.68,5569.70,48
wt,oltp,2000000,48,450,17000.07,79329.47,10.43,5666.69,48
wt,oltp,2000000,48,460,17022.23,79439.34,10.37,5674.01,48
wt,oltp,2000000,48,470,16957.09,79132.26,10.44,5652.50,48
wt,oltp,2000000,48,480,15110.11,70513.94,15.32,5036.70,48
wt,oltp,2000000,48,490,16325.53,76189.89,10.82,5441.88,48
wt,oltp,2000000,48,500,16215.83,75668.26,10.97,5405.21,48
wt,oltp,2000000,48,510,15259.23,71213.32,13.70,5086.31,48
wt,oltp,2000000,48,520,16013.80,74729.61,11.15,5337.70,48
wt,oltp,2000000,48,530,16263.09,75890.27,10.89,5421.40,48
wt,oltp,2000000,48,540,16304.21,76087.95,10.84,5434.70,48
wt,oltp,2000000,48,550,10947.80,51090.38,17.95,3649.10,48
wt,oltp,2000000,48,560,17004.00,79353.61,10.43,5668.10,48
wt,oltp,2000000,48,570,16935.30,79028.60,10.51,5645.10,48
wt,oltp,2000000,48,580,16870.30,78730.61,10.63,5623.30,48
wt,oltp,2000000,48,590,16679.10,77833.18,10.76,5559.80,48
wt,oltp,2000000,48,600,16648.20,77694.62,10.82,5549.40,48
wt,oltp,2000000,512,10,14166.86,66476.94,190.56,4720.55,512
wt,oltp,2000000,512,20,14409.91,67230.34,191.94,4803.30,512
wt,oltp,2000000,512,30,14019.90,65451.50,199.44,4673.00,512
wt,oltp,2000000,512,40,13761.25,64225.36,200.03,4587.18,512
wt,oltp,2000000,512,50,13335.46,62218.06,214.10,4445.45,512
wt,oltp,2000000,512,60,13626.69,63609.99,200.81,4541.66,512
wt,oltp,2000000,512,70,13845.70,64610.22,194.31,4613.40,512
wt,oltp,2000000,512,80,11855.00,55339.28,217.00,3953.20,512
wt,oltp,2000000,512,90,13314.60,62119.22,197.42,4437.30,512
wt,oltp,2000000,512,100,13820.46,64488.61,194.19,4606.09,512
wt,oltp,2000000,512,110,13020.78,60768.51,200.75,4340.89,512
wt,oltp,2000000,512,120,13704.05,63950.94,195.89,4567.72,512
wt,oltp,2000000,512,130,13636.33,63625.68,200.15,4547.08,512
wt,oltp,2000000,512,140,13547.97,63221.51,200.93,4516.22,512
wt,oltp,2000000,512,150,12881.70,60109.71,225.55,4293.60,512
wt,oltp,2000000,512,160,13545.10,63206.51,201.48,4515.50,512
wt,oltp,2000000,512,170,13610.00,63546.49,200.99,4536.40,512
wt,oltp,2000000,512,180,13546.49,63196.28,201.54,4515.70,512
wt,oltp,2000000,512,190,13695.51,63928.43,197.30,4563.80,512
wt,oltp,2000000,512,200,13676.20,63819.39,193.96,4559.00,512
wt,oltp,2000000,512,210,13855.41,64666.06,193.26,4618.60,512
wt,oltp,2000000,512,220,13819.89,64481.96,193.73,4606.50,512
wt,oltp,2000000,512,230,13767.70,64258.59,194.77,4589.20,512
wt,oltp,2000000,512,240,13125.90,61233.51,203.23,4374.10,512
wt,oltp,2000000,512,250,13740.10,64114.28,199.14,4582.00,512
wt,oltp,2000000,512,260,13499.30,62995.61,202.50,4499.70,512
wt,oltp,2000000,512,270,13522.30,63117.19,202.81,4507.70,512
wt,oltp,2000000,512,280,12845.60,59947.81,229.50,4282.00,512
wt,oltp,2000000,512,290,12085.49,56409.57,236.68,4027.70,512
wt,oltp,2000000,512,300,13390.58,62474.56,203.29,4463.76,512
wt,oltp,2000000,512,310,13825.60,64531.49,196.00,4607.63,512
wt,oltp,2000000,512,320,13829.22,64531.37,193.55,4609.71,512
wt,oltp,2000000,512,330,13894.81,64853.33,193.32,4631.30,512
wt,oltp,2000000,512,340,13719.00,64018.88,197.53,4572.90,512
wt,oltp,2000000,512,350,13261.52,61893.07,199.38,4421.14,512
wt,oltp,2000000,512,360,13555.69,63237.37,194.54,4517.56,512
wt,oltp,2000000,512,370,13561.00,63293.99,201.42,4522.50,512
wt,oltp,2000000,512,380,13500.80,62986.59,201.90,4500.50,512
wt,oltp,2000000,512,390,12623.50,58921.62,240.25,4208.00,512
wt,oltp,2000000,512,400,13421.80,62628.80,202.93,4473.40,512
wt,oltp,2000000,512,410,13481.79,62923.17,202.87,4494.30,512
wt,oltp,2000000,512,420,13337.00,62242.01,204.88,4445.50,512
wt,oltp,2000000,512,430,13612.70,63541.20,197.65,4535.90,512
wt,oltp,2000000,512,440,13747.64,64143.42,193.73,4582.38,512
wt,oltp,2000000,512,450,12885.65,60112.63,194.43,4294.82,512
wt,oltp,2000000,512,460,13809.61,64458.55,193.26,4603.60,512
wt,oltp,2000000,512,470,13828.70,64541.61,193.79,4610.00,512
wt,oltp,2000000,512,480,12266.60,57253.99,205.68,4089.80,512
wt,oltp,2000000,512,490,13384.50,62432.38,201.66,4461.60,512
wt,oltp,2000000,512,500,13474.80,62886.02,203.66,4492.20,512
wt,oltp,2000000,512,510,13305.49,62098.27,204.94,4435.00,512
wt,oltp,2000000,512,520,13414.70,62588.61,202.93,4471.60,512
wt,oltp,2000000,512,530,13465.70,62861.42,202.32,4488.20,512
wt,oltp,2000000,512,540,13505.30,63025.19,202.75,4502.30,512
wt,oltp,2000000,512,550,13740.75,64126.95,196.53,4577.48,512
wt,oltp,2000000,512,560,13898.35,64852.65,192.98,4633.42,512
wt,oltp,2000000,512,570,13884.70,64795.31,193.73,4628.40,512
wt,oltp,2000000,512,580,12852.00,59993.91,203.72,4284.30,512
wt,oltp,2000000,512,590,13704.58,63940.73,197.59,4567.59,512
wt,oltp,2000000,512,600,13626.52,63600.48,194.83,4542.21,512
wt,oltp,2000000,64,10,16835.77,78621.19,15.00,5611.76,64
wt,oltp,2000000,64,20,16694.64,77908.91,15.13,5564.58,64
wt,oltp,2000000,64,30,16491.95,76962.33,15.28,5497.72,64
wt,oltp,2000000,64,40,16125.41,75256.12,15.75,5374.90,64
wt,oltp,2000000,64,50,15741.20,73458.41,16.42,5246.80,64
wt,oltp,2000000,64,60,16375.50,76421.90,15.40,5458.80,64
wt,oltp,2000000,64,70,14184.40,66185.70,18.97,4728.00,64
wt,oltp,2000000,64,80,16739.20,78123.99,15.08,5580.00,64
wt,oltp,2000000,64,90,16183.60,75513.72,16.79,5394.50,64
wt,oltp,2000000,64,100,16688.60,77885.08,15.00,5562.80,64
wt,oltp,2000000,64,110,16657.20,77733.29,15.23,5552.50,64
wt,oltp,2000000,64,120,16454.20,76786.11,15.25,5484.60,64
wt,oltp,2000000,64,130,16219.20,75688.71,15.50,5406.40,64
wt,oltp,2000000,64,140,16254.80,75855.50,15.40,5418.30,64
wt,oltp,2000000,64,150,16214.00,75673.30,15.48,5404.60,64
wt,oltp,2000000,64,160,16097.40,75116.89,15.56,5365.80,64
wt,oltp,2000000,64,170,16223.80,75707.11,15.47,5408.00,64
wt,oltp,2000000,64,180,16164.20,75437.38,15.59,5388.20,64
wt,oltp,2000000,64,190,16544.90,77206.02,15.44,5515.00,64
wt,oltp,2000000,64,200,16633.41,77619.74,15.13,5544.20,64
wt,oltp,2000000,64,210,16819.29,78494.96,14.86,5606.40,64
wt,oltp,2000000,64,220,16807.09,78427.87,14.94,5602.56,64
wt,oltp,2000000,64,230,16759.21,78216.22,14.93,5586.14,64
wt,oltp,2000000,64,240,14587.30,68071.70,20.11,4862.50,64
wt,oltp,2000000,64,250,16119.48,75215.92,15.62,5373.09,64
wt,oltp,2000000,64,260,15330.31,71552.55,18.13,5110.30,64
wt,oltp,2000000,64,270,15929.91,74339.03,15.95,5310.00,64
wt,oltp,2000000,64,280,14385.10,67120.41,20.90,4794.90,64
wt,oltp,2000000,64,290,16160.40,75426.50,15.52,5386.90,64
wt,oltp,2000000,64,300,15905.39,74225.47,16.24,5301.90,64
wt,oltp,2000000,64,310,15533.51,72477.34,18.86,5177.70,64
wt,oltp,2000000,64,320,16873.99,78755.97,14.87,5624.60,64
wt,oltp,2000000,64,330,16796.70,78380.20,14.98,5599.00,64
wt,oltp,2000000,64,340,16713.60,78004.10,15.08,5571.20,64
wt,oltp,2000000,64,350,16550.40,77229.40,15.30,5516.90,64
wt,oltp,2000000,64,360,16645.31,77681.62,15.07,5548.30,64
wt,oltp,2000000,64,370,15952.19,74445.86,15.87,5317.20,64
wt,oltp,2000000,64,380,15253.21,71171.43,18.90,5084.60,64
wt,oltp,2000000,64,390,16124.23,75249.95,15.54,5374.48,64
wt,oltp,2000000,64,400,16010.50,74716.42,15.64,5337.00,64
wt,oltp,2000000,64,410,14454.06,67452.99,20.52,4818.12,64
wt,oltp,2000000,64,420,16072.80,75012.59,15.62,5357.70,64
wt,oltp,2000000,64,430,16526.00,77115.61,15.29,5508.60,64
wt,oltp,2000000,64,440,16557.40,77268.30,15.28,5519.00,64
wt,oltp,2000000,64,450,16863.20,78691.49,14.87,5621.10,64
wt,oltp,2000000,64,460,16776.81,78289.13,15.01,5592.50,64
wt,oltp,2000000,64,470,16779.20,78308.78,14.95,5593.00,64
wt,oltp,2000000,64,480,16763.80,78229.01,14.96,5588.00,64
wt,oltp,2000000,64,490,15151.40,70708.79,18.81,5050.30,64
wt,oltp,2000000,64,500,16041.70,74863.28,15.67,5347.30,64
wt,oltp,2000000,64,510,15868.10,74042.01,15.95,5289.20,64
wt,oltp,2000000,64,520,15926.30,74332.69,15.86,5308.90,64
wt,oltp,2000000,64,530,16033.00,74812.32,15.58,5344.00,64
wt,oltp,2000000,64,540,16048.70,74897.20,15.65,5349.70,64
wt,oltp,2000000,64,550,15953.19,74452.38,17.60,5317.90,64
wt,oltp,2000000,64,560,16769.20,78258.32,14.92,5589.80,64
wt,oltp,2000000,64,570,16783.20,78313.60,14.89,5594.30,64
wt,oltp,2000000,64,580,16740.60,78125.19,14.94,5580.50,64
wt,oltp,2000000,64,590,16461.40,76822.40,15.36,5486.80,64
wt,oltp,2000000,62,600,16543.70,77205.60,15.28,5514.70,64
wt,oltp,2000000,8,10,6556.33,30604.31,4.17,2185.44,8
wt,oltp,2000000,8,20,6759.34,31542.47,3.99,2253.11,8
wt,oltp,2000000,8,30,6289.78,29351.79,4.01,2096.59,8
wt,oltp,2000000,8,40,6447.30,30089.01,4.02,2149.10,8
wt,oltp,2000000,8,50,6624.40,30913.99,3.92,2208.10,8
wt,oltp,2000000,8,60,6610.00,30845.69,3.98,2203.30,8
wt,oltp,2000000,8,70,6709.50,31311.00,3.92,2236.50,8
wt,oltp,2000000,8,80,6728.11,31395.03,3.93,2242.70,8
wt,oltp,2000000,8,90,6620.49,30896.35,3.95,2206.90,8
wt,oltp,2000000,8,100,6659.01,31078.23,3.94,2219.60,8
wt,oltp,2000000,8,110,6609.10,30841.22,3.96,2203.10,8
wt,oltp,2000000,8,120,6633.29,30953.97,3.98,2211.10,8
wt,oltp,2000000,8,130,6728.00,31399.72,3.92,2242.60,8
wt,oltp,2000000,8,140,6691.29,31225.97,3.97,2230.50,8
wt,oltp,2000000,8,150,6705.31,31291.33,3.94,2235.10,8
wt,oltp,2000000,8,160,6638.50,30981.19,3.95,2212.80,8
wt,oltp,2000000,8,170,6683.70,31189.31,3.98,2227.90,8
wt,oltp,2000000,8,180,6629.50,30938.78,3.95,2209.80,8
wt,oltp,2000000,8,190,6740.30,31452.70,3.96,2246.70,8
wt,oltp,2000000,8,200,6768.20,31586.40,3.90,2256.20,8
wt,oltp,2000000,8,210,6739.70,31451.11,3.93,2246.50,8
wt,oltp,2000000,8,220,6711.10,31318.39,3.96,2237.00,8
wt,oltp,2000000,8,230,6703.80,31283.52,3.94,2234.70,8
wt,oltp,2000000,8,240,6772.70,31606.52,3.89,2257.50,8
wt,oltp,2000000,8,250,6675.99,31157.07,3.96,2225.40,8
wt,oltp,2000000,8,260,6786.40,31666.30,3.91,2262.00,8
wt,oltp,2000000,8,270,6746.30,31481.79,3.94,2248.90,8
wt,oltp,2000000,8,280,6742.50,31466.69,3.96,2247.50,8
wt,oltp,2000000,8,290,6678.70,31167.20,3.96,2226.20,8
wt,oltp,2000000,8,300,6762.40,31559.62,3.89,2254.10,8
wt,oltp,2000000,8,310,6752.82,31512.41,3.94,2251.01,8
wt,oltp,2000000,8,320,6651.28,31039.18,3.97,2217.09,8
wt,oltp,2000000,8,330,6742.80,31467.20,3.96,2247.60,8
wt,oltp,2000000,8,340,6778.70,31630.71,3.92,2259.50,8
wt,oltp,2000000,8,350,6757.90,31538.49,3.93,2252.70,8
wt,oltp,2000000,8,360,6716.10,31342.60,3.95,2238.70,8
wt,oltp,2000000,8,370,6794.70,31709.90,3.95,2264.90,8
wt,oltp,2000000,8,380,6735.50,31429.89,3.95,2245.10,8
wt,oltp,2000000,8,390,6695.50,31247.10,3.99,2231.90,8
wt,oltp,2000000,8,400,6795.00,31710.20,3.92,2264.90,8
wt,oltp,2000000,8,410,6758.10,31534.50,3.96,2252.70,8
wt,oltp,2000000,8,420,6667.50,31115.51,3.96,2222.60,8
wt,oltp,2000000,8,430,6741.00,31459.69,3.94,2247.00,8
wt,oltp,2000000,8,440,6758.20,31539.71,3.94,2252.70,8
wt,oltp,2000000,8,450,6739.20,31446.69,3.94,2246.30,8
wt,oltp,2000000,8,460,6784.40,31660.71,3.90,2261.50,8
wt,oltp,2000000,8,470,6662.60,31093.20,3.97,2220.90,8
wt,oltp,2000000,8,480,6793.50,31703.50,3.94,2264.50,8
wt,oltp,2000000,8,490,6844.90,31942.20,3.87,2281.60,8
wt,oltp,2000000,8,500,6781.00,31644.59,3.94,2260.40,8
wt,oltp,2000000,8,510,6673.90,31145.90,3.96,2224.60,8
wt,oltp,2000000,8,520,6754.50,31520.60,3.95,2251.50,8
wt,oltp,2000000,8,530,6752.70,31511.20,3.95,2250.90,8
wt,oltp,2000000,8,540,6715.00,31338.70,3.98,2238.40,8
wt,oltp,2000000,8,550,6757.20,31533.50,3.95,2252.40,8
wt,oltp,2000000,8,560,6785.40,31663.50,3.91,2261.80,8
wt,oltp,2000000,8,570,6738.60,31447.41,3.93,2246.20,8
wt,oltp,2000000,8,580,6715.20,31338.39,3.96,2238.40,8
wt,oltp,2000000,8,590,6752.40,31511.30,3.92,2250.80,8
wt,oltp,2000000,8,600,6740.70,31456.79,3.97,2246.90,8
wt,oltp_ro,2000000,1,10,0.00,4659.27,3.44,332.71,1
wt,oltp_ro,2000000,1,20,0.00,5035.70,2.99,359.70,1
wt,oltp_ro,2000000,1,30,0.00,4991.80,3.00,356.60,1
wt,oltp_ro,2000000,1,40,0.00,4992.40,3.02,356.60,1
wt,oltp_ro,2000000,1,50,0.00,4858.60,3.20,347.00,1
wt,oltp_ro,2000000,1,60,0.00,5065.20,2.91,361.80,1
wt,oltp_ro,2000000,1,70,0.00,5090.50,2.90,363.60,1
wt,oltp_ro,2000000,1,80,0.00,5157.90,2.86,368.50,1
wt,oltp_ro,2000000,1,90,0.00,5122.50,2.87,365.90,1
wt,oltp_ro,2000000,1,100,0.00,5023.60,3.15,358.80,1
wt,oltp_ro,2000000,1,110,0.00,5130.70,2.87,366.50,1
wt,oltp_ro,2000000,1,120,0.00,5137.60,2.89,366.90,1
wt,oltp_ro,2000000,1,130,0.00,5129.40,2.85,366.40,1
wt,oltp_ro,2000000,1,140,0.00,4999.50,3.10,357.10,1
wt,oltp_ro,2000000,1,150,0.00,4925.20,3.18,351.80,1
wt,oltp_ro,2000000,1,160,0.00,4957.30,3.18,354.10,1
wt,oltp_ro,2000000,1,170,0.00,5091.90,2.85,363.70,1
wt,oltp_ro,2000000,1,180,0.00,5101.60,2.85,364.40,1
wt,oltp_ro,2000000,1,190,0.00,5148.00,2.83,367.70,1
wt,oltp_ro,2000000,1,200,0.00,5027.80,3.10,359.20,1
wt,oltp_ro,2000000,1,210,0.00,5103.70,2.84,364.50,1
wt,oltp_ro,2000000,1,220,0.00,5103.20,2.84,364.50,1
wt,oltp_ro,2000000,1,230,0.00,5132.40,2.83,366.60,1
wt,oltp_ro,2000000,1,240,0.00,5205.00,2.79,371.80,1
wt,oltp_ro,2000000,1,250,0.00,5131.10,2.84,366.50,1
wt,oltp_ro,2000000,1,260,0.00,5113.20,2.83,365.30,1
wt,oltp_ro,2000000,1,270,0.00,5112.20,2.84,365.10,1
wt,oltp_ro,2000000,1,280,0.00,5175.50,2.80,369.70,1
wt,oltp_ro,2000000,1,290,0.00,5134.20,2.83,366.70,1
wt,oltp_ro,2000000,1,300,0.00,5142.20,2.82,367.30,1
wt,oltp_ro,2000000,1,310,0.00,5108.90,2.83,364.90,1
wt,oltp_ro,2000000,1,320,0.00,5130.00,2.82,366.50,1
wt,oltp_ro,2000000,1,330,0.00,5101.00,2.84,364.30,1
wt,oltp_ro,2000000,1,340,0.00,5117.80,2.83,365.60,1
wt,oltp_ro,2000000,1,350,0.00,5112.10,2.83,365.10,1
wt,oltp_ro,2000000,1,360,0.00,5123.00,2.82,366.00,1
wt,oltp_ro,2000000,1,370,0.00,5124.90,2.82,366.00,1
wt,oltp_ro,2000000,1,380,0.00,5059.60,3.11,361.40,1
wt,oltp_ro,2000000,1,390,0.00,5197.20,2.77,371.30,1
wt,oltp_ro,2000000,1,400,0.00,5185.40,2.78,370.30,1
wt,oltp_ro,2000000,1,410,0.00,5126.70,2.83,366.20,1
wt,oltp_ro,2000000,1,420,0.00,5135.10,2.80,366.80,1
wt,oltp_ro,2000000,1,430,0.00,5146.50,2.80,367.60,1
wt,oltp_ro,2000000,1,440,0.00,5110.70,2.82,365.10,1
wt,oltp_ro,2000000,1,450,0.00,5117.60,2.81,365.50,1
wt,oltp_ro,2000000,1,460,0.00,5157.40,2.78,368.40,1
wt,oltp_ro,2000000,1,470,0.00,5139.80,2.80,367.10,1
wt,oltp_ro,2000000,1,480,0.00,5141.90,2.81,367.30,1
wt,oltp_ro,2000000,1,490,0.00,5155.00,2.79,368.20,1
wt,oltp_ro,2000000,1,500,0.00,5158.00,2.79,368.50,1
wt,oltp_ro,2000000,1,510,0.00,4780.50,3.12,341.40,1
wt,oltp_ro,2000000,1,520,0.00,4963.10,3.11,354.50,1
wt,oltp_ro,2000000,1,530,0.00,5175.70,2.79,369.70,1
wt,oltp_ro,2000000,1,540,0.00,5161.80,2.77,368.70,1
wt,oltp_ro,2000000,1,550,0.00,5045.90,3.17,360.50,1
wt,oltp_ro,2000000,1,560,0.00,5111.00,2.82,365.00,1
wt,oltp_ro,2000000,1,570,0.00,5121.50,2.83,365.80,1
wt,oltp_ro,2000000,1,580,0.00,5156.10,2.77,368.30,1
wt,oltp_ro,2000000,1,590,0.00,5124.00,2.79,366.00,1
wt,oltp_ro,2000000,1,600,0.00,5130.70,2.79,366.50,1
wt,oltp_ro,2000000,128,10,0.00,88288.76,29.79,6298.15,128
wt,oltp_ro,2000000,128,20,0.00,89683.21,28.66,6406.50,128
wt,oltp_ro,2000000,128,30,0.00,89473.57,28.74,6391.57,128
wt,oltp_ro,2000000,128,40,0.00,89039.56,28.95,6359.53,128
wt,oltp_ro,2000000,128,50,0.00,89564.32,28.81,6397.80,128
wt,oltp_ro,2000000,128,60,0.00,89153.51,28.98,6367.60,128
wt,oltp_ro,2000000,128,70,0.00,89121.66,28.81,6365.58,128
wt,oltp_ro,2000000,128,80,0.00,89121.45,28.89,6366.71,128
wt,oltp_ro,2000000,128,90,0.00,89085.63,28.89,6360.61,128
wt,oltp_ro,2000000,128,100,0.00,89204.16,28.75,6374.00,128
wt,oltp_ro,2000000,128,110,0.00,89410.08,28.61,6386.90,128
wt,oltp_ro,2000000,128,120,0.00,89174.42,29.00,6368.80,128
wt,oltp_ro,2000000,128,130,0.00,89272.00,28.85,6376.59,128
wt,oltp_ro,2000000,128,140,0.00,89205.38,28.91,6371.01,128
wt,oltp_ro,2000000,128,150,0.00,89418.11,28.75,6388.20,128
wt,oltp_ro,2000000,128,160,0.00,89087.39,28.90,6363.50,128
wt,oltp_ro,2000000,128,170,0.00,89281.21,28.63,6377.00,128
wt,oltp_ro,2000000,128,180,0.00,89123.98,28.74,6366.40,128
wt,oltp_ro,2000000,128,190,0.00,89089.00,29.08,6363.70,128
wt,oltp_ro,2000000,128,200,0.00,89694.14,28.81,6406.20,128
wt,oltp_ro,2000000,128,210,0.00,89477.31,28.77,6390.80,128
wt,oltp_ro,2000000,128,220,0.00,89500.82,28.85,6392.99,128
wt,oltp_ro,2000000,128,230,0.00,89472.24,28.77,6390.70,128
wt,oltp_ro,2000000,128,240,0.00,89461.18,28.70,6390.10,128
wt,oltp_ro,2000000,128,250,0.00,89219.20,28.93,6373.80,128
wt,oltp_ro,2000000,128,260,0.00,89587.41,28.82,6398.50,128
wt,oltp_ro,2000000,128,270,0.00,89413.30,28.51,6386.50,128
wt,oltp_ro,2000000,128,280,0.00,89333.69,28.75,6380.70,128
wt,oltp_ro,2000000,128,290,0.00,89023.83,28.85,6359.70,128
wt,oltp_ro,2000000,128,300,0.00,89595.60,28.77,6399.20,128
wt,oltp_ro,2000000,128,310,0.00,89316.28,28.87,6379.10,128
wt,oltp_ro,2000000,128,320,0.00,89417.51,28.61,6387.60,128
wt,oltp_ro,2000000,128,330,0.00,89439.78,28.75,6388.60,128
wt,oltp_ro,2000000,128,340,0.00,89446.83,28.87,6389.70,128
wt,oltp_ro,2000000,128,350,0.00,89432.31,28.74,6387.70,128
wt,oltp_ro,2000000,128,360,0.00,89376.40,28.92,6384.00,128
wt,oltp_ro,2000000,128,370,0.00,89321.88,28.92,6379.60,128
wt,oltp_ro,2000000,128,380,0.00,89281.40,28.84,6377.89,128
wt,oltp_ro,2000000,128,390,0.00,89234.01,28.85,6374.01,128
wt,oltp_ro,2000000,128,400,0.00,89272.60,29.16,6376.50,128
wt,oltp_ro,2000000,128,410,0.00,89341.05,28.86,6381.30,128
wt,oltp_ro,2000000,128,420,0.00,89358.96,28.75,6381.80,128
wt,oltp_ro,2000000,128,430,0.00,89513.57,28.89,6395.00,128
wt,oltp_ro,2000000,128,440,0.00,89144.93,28.80,6367.50,128
wt,oltp_ro,2000000,128,450,0.00,89491.09,28.84,6391.40,128
wt,oltp_ro,2000000,128,460,0.00,89430.11,29.18,6388.40,128
wt,oltp_ro,2000000,128,470,0.00,89286.39,28.70,6377.50,128
wt,oltp_ro,2000000,128,480,0.00,89523.17,28.62,6394.78,128
wt,oltp_ro,2000000,128,490,0.00,89695.63,28.72,6406.62,128
wt,oltp_ro,2000000,128,500,0.00,89540.42,28.97,6395.90,128
wt,oltp_ro,2000000,128,510,0.00,89523.90,28.58,6393.80,128
wt,oltp_ro,2000000,128,520,0.00,89419.75,28.91,6388.10,128
wt,oltp_ro,2000000,128,530,0.00,87914.80,28.91,6279.00,128
wt,oltp_ro,2000000,128,540,0.00,89283.43,28.87,6378.20,128
wt,oltp_ro,2000000,128,550,0.00,89340.82,28.74,6380.40,128
wt,oltp_ro,2000000,128,560,0.00,89334.56,28.88,6380.80,128
wt,oltp_ro,2000000,128,570,0.00,89482.32,28.59,6391.80,128
wt,oltp_ro,2000000,128,580,0.00,89504.60,28.99,6393.50,128
wt,oltp_ro,2000000,128,590,0.00,89320.71,28.79,6380.30,128
wt,oltp_ro,2000000,128,600,0.00,89596.30,28.75,6400.70,128
wt,oltp_ro,2000000,16,10,0.00,67460.23,3.81,4817.62,16
wt,oltp_ro,2000000,16,20,0.00,68667.59,3.57,4904.71,16
wt,oltp_ro,2000000,16,30,0.00,68826.93,3.55,4916.30,16
wt,oltp_ro,2000000,16,40,0.00,67918.68,3.51,4851.30,16
wt,oltp_ro,2000000,16,50,0.00,68240.73,3.51,4874.50,16
wt,oltp_ro,2000000,16,60,0.00,68596.08,3.51,4899.70,16
wt,oltp_ro,2000000,16,70,0.00,68098.42,3.49,4863.90,16
wt,oltp_ro,2000000,16,80,0.00,68329.95,3.64,4880.90,16
wt,oltp_ro,2000000,16,90,0.00,68510.73,3.55,4893.40,16
wt,oltp_ro,2000000,16,100,0.00,68918.47,3.54,4923.10,16
wt,oltp_ro,2000000,16,110,0.00,68538.24,3.54,4895.40,16
wt,oltp_ro,2000000,16,120,0.00,68891.64,3.52,4920.80,16
wt,oltp_ro,2000000,16,130,0.00,68577.87,3.52,4898.50,16
wt,oltp_ro,2000000,16,140,0.00,67470.85,3.49,4819.40,16
wt,oltp_ro,2000000,16,150,0.00,68432.77,3.53,4887.90,16
wt,oltp_ro,2000000,16,160,0.00,68071.37,3.59,4862.40,16
wt,oltp_ro,2000000,16,170,0.00,68875.76,3.52,4919.50,16
wt,oltp_ro,2000000,16,180,0.00,68768.22,3.60,4912.10,16
wt,oltp_ro,2000000,16,190,0.00,68767.83,3.63,4912.09,16
wt,oltp_ro,2000000,16,200,0.00,68137.55,3.53,4866.90,16
wt,oltp_ro,2000000,16,210,0.00,68478.00,3.49,4891.10,16
wt,oltp_ro,2000000,16,220,0.00,68778.60,3.55,4912.90,16
wt,oltp_ro,2000000,16,230,0.00,68505.93,3.53,4893.30,16
wt,oltp_ro,2000000,16,240,0.00,68517.44,3.51,4894.10,16
wt,oltp_ro,2000000,16,250,0.00,68244.28,3.57,4874.50,16
wt,oltp_ro,2000000,16,260,0.00,68065.10,3.51,4861.70,16
wt,oltp_ro,2000000,16,270,0.00,68117.91,3.49,4866.00,16
wt,oltp_ro,2000000,16,280,0.00,68222.39,3.50,4872.80,16
wt,oltp_ro,2000000,16,290,0.00,68458.40,3.53,4890.00,16
wt,oltp_ro,2000000,16,300,0.00,68010.64,3.52,4857.90,16
wt,oltp_ro,2000000,16,310,0.00,68325.26,3.49,4880.20,16
wt,oltp_ro,2000000,16,320,0.00,68772.23,3.54,4912.10,16
wt,oltp_ro,2000000,16,330,0.00,68930.05,3.50,4923.90,16
wt,oltp_ro,2000000,16,340,0.00,68909.76,3.48,4921.90,16
wt,oltp_ro,2000000,16,350,0.00,68590.69,3.48,4899.40,16
wt,oltp_ro,2000000,16,360,0.00,68223.55,3.56,4873.10,16
wt,oltp_ro,2000000,16,370,0.00,67866.46,3.49,4847.80,16
wt,oltp_ro,2000000,16,380,0.00,68396.69,3.51,4885.30,16
wt,oltp_ro,2000000,16,390,0.00,68877.61,3.50,4919.90,16
wt,oltp_ro,2000000,16,400,0.00,68273.94,3.60,4876.90,16
wt,oltp_ro,2000000,16,410,0.00,68496.86,3.50,4892.30,16
wt,oltp_ro,2000000,16,420,0.00,68044.10,3.49,4860.50,16
wt,oltp_ro,2000000,16,430,0.00,68871.60,3.55,4919.30,16
wt,oltp_ro,2000000,16,440,0.00,68521.20,3.52,4894.40,16
wt,oltp_ro,2000000,16,450,0.00,68115.91,3.51,4865.40,16
wt,oltp_ro,2000000,16,460,0.00,68221.65,3.50,4873.00,16
wt,oltp_ro,2000000,16,470,0.00,69162.25,3.57,4940.20,16
wt,oltp_ro,2000000,16,480,0.00,68432.41,3.55,4888.00,16
wt,oltp_ro,2000000,16,490,0.00,68268.70,3.49,4876.10,16
wt,oltp_ro,2000000,16,500,0.00,68663.88,3.49,4904.90,16
wt,oltp_ro,2000000,16,510,0.00,68775.82,3.55,4912.60,16
wt,oltp_ro,2000000,16,520,0.00,68187.94,3.51,4870.30,16
wt,oltp_ro,2000000,16,530,0.00,68061.85,3.54,4861.70,16
wt,oltp_ro,2000000,16,540,0.00,68672.11,3.49,4905.30,16
wt,oltp_ro,2000000,16,550,0.00,68841.31,3.51,4917.00,16
wt,oltp_ro,2000000,16,560,0.00,68824.60,3.61,4916.20,16
wt,oltp_ro,2000000,16,570,0.00,68485.51,3.48,4891.80,16
wt,oltp_ro,2000000,16,580,0.00,67917.85,3.51,4851.20,16
wt,oltp_ro,2000000,16,590,0.00,68005.57,3.67,4857.70,16
wt,oltp_ro,2000000,16,600,0.00,68091.72,3.56,4863.30,16
wt,oltp_ro,2000000,2,10,0.00,9099.63,3.51,649.92,2
wt,oltp_ro,2000000,2,20,0.00,9819.68,3.23,701.30,2
wt,oltp_ro,2000000,2,30,0.00,9774.23,3.23,698.30,2
wt,oltp_ro,2000000,2,40,0.00,9918.50,3.13,708.30,2
wt,oltp_ro,2000000,2,50,0.00,10020.80,2.98,715.80,2
wt,oltp_ro,2000000,2,60,0.00,10006.30,3.13,714.70,2
wt,oltp_ro,2000000,2,70,0.00,10044.30,3.20,717.60,2
wt,oltp_ro,2000000,2,80,0.00,9888.20,3.22,706.20,2
wt,oltp_ro,2000000,2,90,0.00,10196.00,2.89,728.30,2
wt,oltp_ro,2000000,2,100,0.00,10181.60,3.10,727.20,2
wt,oltp_ro,2000000,2,110,0.00,10010.00,3.19,715.00,2
wt,oltp_ro,2000000,2,120,0.00,9828.80,3.26,702.10,2
wt,oltp_ro,2000000,2,130,0.00,9959.50,3.23,711.40,2
wt,oltp_ro,2000000,2,140,0.00,10141.30,2.94,724.40,2
wt,oltp_ro,2000000,2,150,0.00,10087.10,3.19,720.50,2
wt,oltp_ro,2000000,2,160,0.00,10145.30,2.99,724.70,2
wt,oltp_ro,2000000,2,170,0.00,10146.50,3.10,724.70,2
wt,oltp_ro,2000000,2,180,0.00,10194.00,2.89,728.10,2
wt,oltp_ro,2000000,2,190,0.00,9939.30,3.16,710.00,2
wt,oltp_ro,2000000,2,200,0.00,10240.10,3.04,731.50,2
wt,oltp_ro,2000000,2,210,0.00,10129.20,3.13,723.40,2
wt,oltp_ro,2000000,2,220,0.00,9872.70,3.21,705.20,2
wt,oltp_ro,2000000,2,230,0.00,10053.31,2.93,718.10,2
wt,oltp_ro,2000000,2,240,0.00,10025.00,3.10,716.10,2
wt,oltp_ro,2000000,2,250,0.00,10084.50,3.09,720.30,2
wt,oltp_ro,2000000,2,260,0.00,10145.20,3.14,724.70,2
wt,oltp_ro,2000000,2,270,0.00,10166.20,2.95,726.10,2
wt,oltp_ro,2000000,2,280,0.00,10294.70,2.82,735.40,2
wt,oltp_ro,2000000,2,290,0.00,9967.40,3.19,711.90,2
wt,oltp_ro,2000000,2,300,0.00,10124.70,3.11,723.20,2
wt,oltp_ro,2000000,2,310,0.00,9767.50,3.19,697.70,2
wt,oltp_ro,2000000,2,320,0.00,10024.30,3.10,716.10,2
wt,oltp_ro,2000000,2,330,0.00,10045.60,3.15,717.50,2
wt,oltp_ro,2000000,2,340,0.00,9891.90,3.17,706.60,2
wt,oltp_ro,2000000,2,350,0.00,10177.10,2.84,726.90,2
wt,oltp_ro,2000000,2,360,0.00,10020.50,3.11,715.70,2
wt,oltp_ro,2000000,2,370,0.00,9933.90,3.16,709.60,2
wt,oltp_ro,2000000,2,380,0.00,10076.00,2.93,719.70,2
wt,oltp_ro,2000000,2,390,0.00,10083.60,2.89,720.30,2
wt,oltp_ro,2000000,2,400,0.00,9632.70,3.16,688.00,2
wt,oltp_ro,2000000,2,410,0.00,10197.90,2.84,728.40,2
wt,oltp_ro,2000000,2,420,0.00,10097.00,2.96,721.20,2
wt,oltp_ro,2000000,2,430,0.00,10191.30,2.84,728.00,2
wt,oltp_ro,2000000,2,440,0.00,9935.00,3.16,709.60,2
wt,oltp_ro,2000000,2,450,0.00,10164.00,3.11,726.00,2
wt,oltp_ro,2000000,2,460,0.00,10117.81,3.12,722.70,2
wt,oltp_ro,2000000,2,470,0.00,10133.10,2.90,723.80,2
wt,oltp_ro,2000000,2,480,0.00,9998.19,3.24,714.20,2
wt,oltp_ro,2000000,2,490,0.00,9840.71,3.22,702.90,2
wt,oltp_ro,2000000,2,500,0.00,9995.40,3.15,713.90,2
wt,oltp_ro,2000000,2,510,0.00,10085.90,3.15,720.50,2
wt,oltp_ro,2000000,2,520,0.00,10050.90,3.14,717.90,2
wt,oltp_ro,2000000,2,530,0.00,10171.51,2.98,726.50,2
wt,oltp_ro,2000000,2,540,0.00,10090.49,3.02,720.80,2
wt,oltp_ro,2000000,2,550,0.00,9895.00,3.17,706.80,2
wt,oltp_ro,2000000,2,560,0.00,10173.70,2.93,726.60,2
wt,oltp_ro,2000000,2,570,0.00,10132.70,2.87,723.80,2
wt,oltp_ro,2000000,2,580,0.00,10109.60,2.91,722.10,2
wt,oltp_ro,2000000,2,590,0.00,10007.30,3.16,714.80,2
wt,oltp_ro,2000000,2,600,0.00,10090.10,3.14,720.80,2
wt,oltp_ro,2000000,24,10,0.00,90193.99,4.23,6440.63,24
wt,oltp_ro,2000000,24,20,0.00,92152.98,4.08,6582.63,24
wt,oltp_ro,2000000,24,30,0.00,90109.27,4.07,6436.51,24
wt,oltp_ro,2000000,24,40,0.00,90383.80,4.08,6456.00,24
wt,oltp_ro,2000000,24,50,0.00,91501.81,4.11,6535.70,24
wt,oltp_ro,2000000,24,60,0.00,91759.29,4.06,6554.40,24
wt,oltp_ro,2000000,24,70,0.00,90535.51,4.06,6466.50,24
wt,oltp_ro,2000000,24,80,0.00,92106.07,4.06,6579.20,24
wt,oltp_ro,2000000,24,90,0.00,91970.03,4.07,6569.40,24
wt,oltp_ro,2000000,24,100,0.00,91602.61,4.13,6542.79,24
wt,oltp_ro,2000000,24,110,0.00,91921.98,4.08,6565.91,24
wt,oltp_ro,2000000,24,120,0.00,91899.48,4.06,6564.40,24
wt,oltp_ro,2000000,24,130,0.00,91190.74,4.27,6513.40,24
wt,oltp_ro,2000000,24,140,0.00,90665.50,4.20,6476.30,24
wt,oltp_ro,2000000,24,150,0.00,91067.05,4.33,6504.70,24
wt,oltp_ro,2000000,24,160,0.00,91411.90,4.17,6529.60,24
wt,oltp_ro,2000000,24,170,0.00,91057.42,4.10,6504.30,24
wt,oltp_ro,2000000,24,180,0.00,91396.08,4.21,6528.00,24
wt,oltp_ro,2000000,24,190,0.00,91560.21,4.08,6539.91,24
wt,oltp_ro,2000000,24,200,0.00,91538.22,4.13,6538.39,24
wt,oltp_ro,2000000,24,210,0.00,92109.37,4.04,6579.41,24
wt,oltp_ro,2000000,24,220,0.00,91996.60,4.06,6571.50,24
wt,oltp_ro,2000000,24,230,0.00,91849.00,4.08,6560.20,24
wt,oltp_ro,2000000,24,240,0.00,91657.73,4.12,6547.19,24
wt,oltp_ro,2000000,24,250,0.00,92016.75,4.05,6572.70,24
wt,oltp_ro,2000000,24,260,0.00,91921.71,4.06,6565.80,24
wt,oltp_ro,2000000,24,270,0.00,91959.32,4.06,6568.10,24
wt,oltp_ro,2000000,24,280,0.00,92117.66,4.04,6580.00,24
wt,oltp_ro,2000000,24,290,0.00,91613.87,4.14,6543.90,24
wt,oltp_ro,2000000,24,300,0.00,91115.45,4.07,6508.20,24
wt,oltp_ro,2000000,24,310,0.00,92171.10,4.04,6583.60,24
wt,oltp_ro,2000000,24,320,0.00,91973.31,4.06,6569.70,24
wt,oltp_ro,2000000,24,330,0.00,91972.02,4.07,6569.40,24
wt,oltp_ro,2000000,24,340,0.00,91684.68,4.10,6548.80,24
wt,oltp_ro,2000000,24,350,0.00,91872.01,4.09,6562.19,24
wt,oltp_ro,2000000,24,360,0.00,91323.91,4.21,6523.30,24
wt,oltp_ro,2000000,24,370,0.00,90854.81,4.41,6489.70,24
wt,oltp_ro,2000000,24,380,0.00,91702.30,4.11,6550.20,24
wt,oltp_ro,2000000,24,390,0.00,91461.68,4.23,6533.00,24
wt,oltp_ro,2000000,24,400,0.00,90947.69,4.38,6496.10,24
wt,oltp_ro,2000000,24,410,0.00,90831.93,4.34,6487.90,24
wt,oltp_ro,2000000,24,420,0.00,89955.00,4.60,6425.50,24
wt,oltp_ro,2000000,24,430,0.00,90868.79,4.16,6490.50,24
wt,oltp_ro,2000000,24,440,0.00,90561.20,4.51,6468.60,24
wt,oltp_ro,2000000,24,450,0.00,90641.59,4.33,6474.70,24
wt,oltp_ro,2000000,24,460,0.00,91005.58,4.28,6500.30,24
wt,oltp_ro,2000000,24,470,0.00,90076.80,4.59,6434.10,24
wt,oltp_ro,2000000,24,480,0.00,90382.93,4.51,6455.70,24
wt,oltp_ro,2000000,24,490,0.00,90348.09,4.54,6453.60,24
wt,oltp_ro,2000000,24,500,0.00,90210.01,4.52,6443.60,24
wt,oltp_ro,2000000,24,510,0.00,88972.69,4.91,6355.10,24
wt,oltp_ro,2000000,24,520,0.00,89816.93,4.67,6415.70,24
wt,oltp_ro,2000000,24,530,0.00,89828.20,4.65,6416.20,24
wt,oltp_ro,2000000,24,540,0.00,90320.10,4.56,6451.10,24
wt,oltp_ro,2000000,24,550,0.00,89910.90,4.58,6422.60,24
wt,oltp_ro,2000000,24,560,0.00,89996.77,4.63,6428.30,24
wt,oltp_ro,2000000,24,570,0.00,90209.21,4.49,6443.60,24
wt,oltp_ro,2000000,24,580,0.00,90551.87,4.48,6468.00,24
wt,oltp_ro,2000000,24,590,0.00,90370.00,4.46,6454.90,24
wt,oltp_ro,2000000,23,600,0.00,90051.03,4.59,6432.20,24
wt,oltp_ro,2000000,256,10,0.00,86427.67,76.73,6159.64,256
wt,oltp_ro,2000000,256,20,0.00,87127.59,75.52,6223.91,256
wt,oltp_ro,2000000,256,30,0.00,86521.91,73.63,6181.20,256
wt,oltp_ro,2000000,256,40,0.00,86448.27,74.60,6174.70,256
wt,oltp_ro,2000000,256,50,0.00,83757.23,74.49,5981.87,256
wt,oltp_ro,2000000,256,60,0.00,86479.74,74.58,6176.82,256
wt,oltp_ro,2000000,256,70,0.00,86300.50,74.67,6163.80,256
wt,oltp_ro,2000000,256,80,0.00,86466.18,74.98,6177.57,256
wt,oltp_ro,2000000,256,90,0.00,86072.73,74.05,6145.93,256
wt,oltp_ro,2000000,256,100,0.00,86501.99,74.45,6180.50,256
wt,oltp_ro,2000000,256,110,0.00,86367.80,74.31,6167.59,256
wt,oltp_ro,2000000,256,120,0.00,86759.52,75.25,6198.31,256
wt,oltp_ro,2000000,256,130,0.00,85941.98,72.45,6138.50,256
wt,oltp_ro,2000000,256,140,0.00,86313.33,73.93,6164.70,256
wt,oltp_ro,2000000,256,150,0.00,86876.88,75.23,6205.90,256
wt,oltp_ro,2000000,256,160,0.00,86663.05,74.94,6190.80,256
wt,oltp_ro,2000000,256,170,0.00,87063.34,75.03,6218.00,256
wt,oltp_ro,2000000,256,180,0.00,86887.89,74.22,6206.30,256
wt,oltp_ro,2000000,256,190,0.00,86799.00,73.89,6200.30,256
wt,oltp_ro,2000000,256,200,0.00,86954.31,74.94,6211.20,256
wt,oltp_ro,2000000,256,210,0.00,86847.61,74.49,6203.10,256
wt,oltp_ro,2000000,256,220,0.00,85162.70,74.00,6083.00,256
wt,oltp_ro,2000000,256,230,0.00,86710.94,74.02,6194.00,256
wt,oltp_ro,2000000,256,240,0.00,86842.87,75.18,6202.31,256
wt,oltp_ro,2000000,256,250,0.00,86508.97,74.05,6180.68,256
wt,oltp_ro,2000000,256,260,0.00,86451.91,74.56,6174.21,256
wt,oltp_ro,2000000,256,270,0.00,86912.99,75.50,6208.40,256
wt,oltp_ro,2000000,256,280,0.00,86794.59,74.96,6199.40,256
wt,oltp_ro,2000000,256,290,0.00,86645.92,75.66,6188.30,256
wt,oltp_ro,2000000,256,300,0.00,86427.42,74.29,6173.20,256
wt,oltp_ro,2000000,256,310,0.00,86751.95,74.78,6198.30,256
wt,oltp_ro,2000000,256,320,0.00,86702.87,74.53,6192.77,256
wt,oltp_ro,2000000,256,330,0.00,86696.76,74.85,6191.93,256
wt,oltp_ro,2000000,256,340,0.00,86274.29,73.80,6163.20,256
wt,oltp_ro,2000000,256,350,0.00,86197.28,74.47,6156.40,256
wt,oltp_ro,2000000,256,360,0.00,86729.42,75.68,6194.20,256
wt,oltp_ro,2000000,256,370,0.00,86763.91,76.30,6199.80,256
wt,oltp_ro,2000000,256,380,0.00,86549.94,75.61,6179.40,256
wt,oltp_ro,2000000,256,390,0.00,86455.86,74.45,6176.60,256
wt,oltp_ro,2000000,256,400,0.00,86699.98,75.86,6191.50,256
wt,oltp_ro,2000000,256,410,0.00,86387.03,74.38,6171.40,256
wt,oltp_ro,2000000,256,420,0.00,86024.68,73.52,6145.30,256
wt,oltp_ro,2000000,256,430,0.00,86286.93,74.07,6163.60,256
wt,oltp_ro,2000000,256,440,0.00,86488.49,74.40,6177.20,256
wt,oltp_ro,2000000,256,450,0.00,86668.68,74.25,6190.80,256
wt,oltp_ro,2000000,256,460,0.00,86405.57,74.62,6172.05,256
wt,oltp_ro,2000000,256,470,0.00,86525.45,75.05,6179.85,256
wt,oltp_ro,2000000,256,480,0.00,86573.50,74.27,6183.40,256
wt,oltp_ro,2000000,256,490,0.00,86754.92,75.61,6197.90,256
wt,oltp_ro,2000000,256,500,0.00,86403.88,75.70,6171.20,256
wt,oltp_ro,2000000,256,510,0.00,86910.04,74.94,6207.20,256
wt,oltp_ro,2000000,256,520,0.00,86931.15,75.32,6210.10,256
wt,oltp_ro,2000000,256,530,0.00,86848.59,75.48,6202.00,256
wt,oltp_ro,2000000,256,540,0.00,86389.64,74.07,6172.00,256
wt,oltp_ro,2000000,256,550,0.00,86195.67,75.12,6156.90,256
wt,oltp_ro,2000000,256,560,0.00,86410.29,74.69,6171.78,256
wt,oltp_ro,2000000,256,570,0.00,87043.04,75.48,6217.32,256
wt,oltp_ro,2000000,256,580,0.00,86694.57,75.75,6192.40,256
wt,oltp_ro,2000000,256,590,0.00,86676.68,75.91,6191.60,256
wt,oltp_ro,2000000,254,600,0.00,85784.03,75.34,6127.50,256
wt,oltp_ro,2000000,32,10,0.00,104392.14,5.34,7454.62,32
wt,oltp_ro,2000000,32,20,0.00,105527.85,5.33,7537.63,32
wt,oltp_ro,2000000,32,30,0.00,105373.20,5.25,7526.80,32
wt,oltp_ro,2000000,32,40,0.00,103967.91,5.31,7426.08,32
wt,oltp_ro,2000000,32,50,0.00,105396.84,5.27,7528.32,32
wt,oltp_ro,2000000,32,60,0.00,104645.84,5.21,7475.10,32
wt,oltp_ro,2000000,32,70,0.00,104650.44,5.39,7474.70,32
wt,oltp_ro,2000000,32,80,0.00,105613.29,5.21,7543.88,32
wt,oltp_ro,2000000,32,90,0.00,104422.49,5.30,7459.02,32
wt,oltp_ro,2000000,32,100,0.00,105476.83,5.39,7533.71,32
wt,oltp_ro,2000000,32,110,0.00,105759.38,5.26,7554.27,32
wt,oltp_ro,2000000,32,120,0.00,105610.90,5.32,7543.53,32
wt,oltp_ro,2000000,32,130,0.00,105761.25,5.24,7554.70,32
wt,oltp_ro,2000000,32,140,0.00,105885.00,5.15,7563.10,32
wt,oltp_ro,2000000,32,150,0.00,105736.93,5.29,7552.28,32
wt,oltp_ro,2000000,32,160,0.00,105393.97,5.40,7528.32,32
wt,oltp_ro,2000000,32,170,0.00,105499.92,5.33,7535.90,32
wt,oltp_ro,2000000,32,180,0.00,103811.09,5.35,7414.90,32
wt,oltp_ro,2000000,32,190,0.00,105764.82,5.25,7554.69,32
wt,oltp_ro,2000000,32,200,0.00,105753.21,5.31,7553.71,32
wt,oltp_ro,2000000,32,210,0.00,105825.07,5.18,7558.98,32
wt,oltp_ro,2000000,32,220,0.00,105558.85,5.30,7540.00,32
wt,oltp_ro,2000000,32,230,0.00,105545.05,5.39,7539.13,32
wt,oltp_ro,2000000,32,240,0.00,105784.62,5.26,7555.49,32
wt,oltp_ro,2000000,32,250,0.00,105813.61,5.25,7558.71,32
wt,oltp_ro,2000000,32,260,0.00,105613.74,5.26,7543.57,32
wt,oltp_ro,2000000,32,270,0.00,105924.43,5.15,7565.90,32
wt,oltp_ro,2000000,32,280,0.00,105816.82,5.20,7558.62,32
wt,oltp_ro,2000000,32,290,0.00,105722.01,5.21,7551.50,32
wt,oltp_ro,2000000,32,300,0.00,105763.00,5.24,7554.30,32
wt,oltp_ro,2000000,32,310,0.00,105695.96,5.21,7550.00,32
wt,oltp_ro,2000000,32,320,0.00,104091.26,5.22,7435.00,32
wt,oltp_ro,2000000,32,330,0.00,105821.73,5.19,7558.69,32
wt,oltp_ro,2000000,32,340,0.00,105791.14,5.18,7556.40,32
wt,oltp_ro,2000000,32,350,0.00,105772.33,5.23,7555.21,32
wt,oltp_ro,2000000,32,360,0.00,106010.99,5.14,7572.37,32
wt,oltp_ro,2000000,32,370,0.00,105735.03,5.22,7552.22,32
wt,oltp_ro,2000000,32,380,0.00,105808.70,5.17,7557.90,32
wt,oltp_ro,2000000,32,390,0.00,105773.38,5.17,7555.50,32
wt,oltp_ro,2000000,32,400,0.00,105633.95,5.26,7544.99,32
wt,oltp_ro,2000000,32,410,0.00,105788.05,5.16,7556.20,32
wt,oltp_ro,2000000,32,420,0.00,105016.68,5.24,7501.21,32
wt,oltp_ro,2000000,32,430,0.00,105688.38,5.15,7549.28,32
wt,oltp_ro,2000000,32,440,0.00,105782.59,5.22,7555.52,32
wt,oltp_ro,2000000,32,450,0.00,105705.50,5.23,7550.90,32
wt,oltp_ro,2000000,32,460,0.00,105928.09,5.15,7565.90,32
wt,oltp_ro,2000000,32,470,0.00,105725.14,5.20,7552.08,32
wt,oltp_ro,2000000,32,480,0.00,105585.18,5.29,7541.80,32
wt,oltp_ro,2000000,32,490,0.00,105853.44,5.20,7560.92,32
wt,oltp_ro,2000000,32,500,0.00,105563.09,5.31,7540.38,32
wt,oltp_ro,2000000,32,510,0.00,105786.38,5.26,7556.10,32
wt,oltp_ro,2000000,32,520,0.00,105792.06,5.28,7556.53,32
wt,oltp_ro,2000000,32,530,0.00,105657.82,5.27,7546.59,32
wt,oltp_ro,2000000,32,540,0.00,105552.15,5.31,7540.01,32
wt,oltp_ro,2000000,32,550,0.00,105759.32,5.24,7553.95,32
wt,oltp_ro,2000000,32,560,0.00,106072.66,5.18,7576.43,32
wt,oltp_ro,2000000,32,570,0.00,105701.12,5.27,7550.41,32
wt,oltp_ro,2000000,32,580,0.00,106020.79,5.16,7572.81,32
wt,oltp_ro,2000000,32,590,0.00,105723.03,5.23,7551.89,32
wt,oltp_ro,2000000,32,600,0.00,106032.93,5.16,7573.51,32
wt,oltp_ro,2000000,4,10,0.00,18506.17,3.44,1321.55,4
wt,oltp_ro,2000000,4,20,0.00,18740.56,3.34,1338.70,4
wt,oltp_ro,2000000,4,30,0.00,19643.21,3.21,1403.00,4
wt,oltp_ro,2000000,4,40,0.00,19496.90,3.31,1392.70,4
wt,oltp_ro,2000000,4,50,0.00,19495.99,3.23,1392.60,4
wt,oltp_ro,2000000,4,60,0.00,19507.81,3.26,1393.50,4
wt,oltp_ro,2000000,4,70,0.00,19578.30,3.18,1398.30,4
wt,oltp_ro,2000000,4,80,0.00,19459.10,3.27,1389.90,4
wt,oltp_ro,2000000,4,90,0.00,19723.69,3.18,1408.90,4
wt,oltp_ro,2000000,4,100,0.00,19754.71,3.01,1411.00,4
wt,oltp_ro,2000000,4,110,0.00,19554.41,3.27,1396.70,4
wt,oltp_ro,2000000,4,120,0.00,19712.28,3.18,1408.10,4
wt,oltp_ro,2000000,4,130,0.00,19513.91,3.17,1393.90,4
wt,oltp_ro,2000000,4,140,0.00,19426.50,3.19,1387.50,4
wt,oltp_ro,2000000,4,150,0.00,19300.69,3.24,1378.70,4
wt,oltp_ro,2000000,4,160,0.00,19257.91,3.26,1375.60,4
wt,oltp_ro,2000000,4,170,0.00,19190.50,3.27,1370.70,4
wt,oltp_ro,2000000,4,180,0.00,19604.40,3.19,1400.30,4
wt,oltp_ro,2000000,4,190,0.00,19479.50,3.19,1391.40,4
wt,oltp_ro,2000000,4,200,0.00,19508.90,3.17,1393.50,4
wt,oltp_ro,2000000,4,210,0.00,19239.40,3.27,1374.40,4
wt,oltp_ro,2000000,4,220,0.00,19594.41,3.19,1399.40,4
wt,oltp_ro,2000000,4,230,0.00,19648.80,3.16,1403.50,4
wt,oltp_ro,2000000,4,240,0.00,19598.30,3.28,1399.90,4
wt,oltp_ro,2000000,4,250,0.00,19773.60,2.95,1412.50,4
wt,oltp_ro,2000000,4,260,0.00,19702.90,3.13,1407.20,4
wt,oltp_ro,2000000,4,270,0.00,19535.80,3.28,1395.50,4
wt,oltp_ro,2000000,4,280,0.00,19575.32,3.23,1398.20,4
wt,oltp_ro,2000000,4,290,0.00,19371.89,3.27,1383.70,4
wt,oltp_ro,2000000,4,300,0.00,19592.69,3.21,1399.50,4
wt,oltp_ro,2000000,4,310,0.00,18800.81,3.33,1342.90,4
wt,oltp_ro,2000000,4,320,0.00,19233.10,3.26,1373.80,4
wt,oltp_ro,2000000,4,330,0.00,19283.99,3.27,1377.40,4
wt,oltp_ro,2000000,4,340,0.00,19706.40,3.13,1407.60,4
wt,oltp_ro,2000000,4,350,0.00,19324.41,3.29,1380.40,4
wt,oltp_ro,2000000,4,360,0.00,19728.49,3.17,1409.20,4
wt,oltp_ro,2000000,4,370,0.00,19385.21,3.27,1384.50,4
wt,oltp_ro,2000000,4,380,0.00,19416.89,3.24,1387.00,4
wt,oltp_ro,2000000,4,390,0.00,19544.00,3.21,1396.00,4
wt,oltp_ro,2000000,4,400,0.00,19586.51,3.21,1399.10,4
wt,oltp_ro,2000000,4,410,0.00,19375.09,3.23,1383.80,4
wt,oltp_ro,2000000,4,420,0.00,19540.92,3.23,1395.90,4
wt,oltp_ro,2000000,4,430,0.00,19907.08,3.09,1421.90,4
wt,oltp_ro,2000000,4,440,0.00,19739.01,3.20,1410.00,4
wt,oltp_ro,2000000,4,450,0.00,19152.30,3.23,1368.00,4
wt,oltp_ro,2000000,4,460,0.00,19338.80,3.26,1381.30,4
wt,oltp_ro,2000000,4,470,0.00,19474.29,3.23,1391.20,4
wt,oltp_ro,2000000,4,480,0.00,19245.60,3.27,1374.40,4
wt,oltp_ro,2000000,4,490,0.00,19279.70,3.24,1377.20,4
wt,oltp_ro,2000000,4,500,0.00,19309.49,3.24,1379.30,4
wt,oltp_ro,2000000,4,510,0.00,19210.11,3.25,1372.20,4
wt,oltp_ro,2000000,4,520,0.00,19718.20,3.15,1408.30,4
wt,oltp_ro,2000000,4,530,0.00,19200.19,3.24,1371.50,4
wt,oltp_ro,2000000,4,540,0.00,19266.21,3.22,1376.10,4
wt,oltp_ro,2000000,4,550,0.00,19382.59,3.25,1384.50,4
wt,oltp_ro,2000000,4,560,0.00,19625.11,3.20,1401.90,4
wt,oltp_ro,2000000,4,570,0.00,19270.00,3.25,1376.30,4
wt,oltp_ro,2000000,4,580,0.00,19566.29,3.20,1397.60,4
wt,oltp_ro,2000000,4,590,0.00,19553.80,3.20,1396.90,4
wt,oltp_ro,2000000,4,600,0.00,19657.19,3.22,1404.00,4
wt,oltp_ro,2000000,40,10,0.00,108032.05,6.94,7713.80,40
wt,oltp_ro,2000000,40,20,0.00,109387.66,6.89,7813.63,40
wt,oltp_ro,2000000,40,30,0.00,109480.20,6.96,7820.00,40
wt,oltp_ro,2000000,40,40,0.00,107696.32,6.97,7692.81,40
wt,oltp_ro,2000000,40,50,0.00,106265.37,6.94,7590.00,40
wt,oltp_ro,2000000,40,60,0.00,109305.02,6.91,7807.60,40
wt,oltp_ro,2000000,40,70,0.00,109383.57,6.91,7812.90,40
wt,oltp_ro,2000000,40,80,0.00,109342.55,6.87,7810.20,40
wt,oltp_ro,2000000,40,90,0.00,109126.97,6.93,7795.00,40
wt,oltp_ro,2000000,40,100,0.00,109273.49,7.02,7805.61,40
wt,oltp_ro,2000000,40,110,0.00,109112.62,6.99,7793.39,40
wt,oltp_ro,2000000,40,120,0.00,109247.07,6.94,7803.60,40
wt,oltp_ro,2000000,40,130,0.00,109551.90,6.88,7824.90,40
wt,oltp_ro,2000000,40,140,0.00,107701.32,6.98,7693.19,40
wt,oltp_ro,2000000,40,150,0.00,109281.27,6.92,7805.60,40
wt,oltp_ro,2000000,40,160,0.00,109079.04,6.92,7791.50,40
wt,oltp_ro,2000000,40,170,0.00,109533.70,6.88,7823.60,40
wt,oltp_ro,2000000,40,180,0.00,108140.89,6.83,7724.39,40
wt,oltp_ro,2000000,40,190,0.00,109490.97,6.85,7821.01,40
wt,oltp_ro,2000000,40,200,0.00,109413.42,6.88,7815.10,40
wt,oltp_ro,2000000,40,210,0.00,109584.79,6.89,7827.35,40
wt,oltp_ro,2000000,40,220,0.00,109554.31,6.81,7825.35,40
wt,oltp_ro,2000000,40,230,0.00,109634.26,6.81,7830.99,40
wt,oltp_ro,2000000,40,240,0.00,109154.24,6.90,7797.11,40
wt,oltp_ro,2000000,40,250,0.00,109461.61,6.85,7818.60,40
wt,oltp_ro,2000000,40,260,0.00,109577.00,6.85,7826.60,40
wt,oltp_ro,2000000,40,270,0.00,109423.57,6.85,7816.10,40
wt,oltp_ro,2000000,40,280,0.00,109419.41,6.83,7815.50,40
wt,oltp_ro,2000000,40,290,0.00,109499.41,6.84,7821.28,40
wt,oltp_ro,2000000,40,300,0.00,109338.19,6.87,7810.01,40
wt,oltp_ro,2000000,40,310,0.00,109202.03,6.88,7800.49,40
wt,oltp_ro,2000000,40,320,0.00,109364.08,6.79,7811.48,40
wt,oltp_ro,2000000,40,330,0.00,107371.39,6.80,7669.33,40
wt,oltp_ro,2000000,40,340,0.00,109391.63,6.83,7814.11,40
wt,oltp_ro,2000000,40,350,0.00,109585.37,6.78,7827.40,40
wt,oltp_ro,2000000,40,360,0.00,109417.12,6.90,7815.70,40
wt,oltp_ro,2000000,40,370,0.00,109480.48,6.84,7819.60,40
wt,oltp_ro,2000000,40,380,0.00,109393.03,6.91,7813.80,40
wt,oltp_ro,2000000,40,390,0.00,109285.24,6.95,7806.30,40
wt,oltp_ro,2000000,40,400,0.00,108987.04,6.85,7784.70,40
wt,oltp_ro,2000000,40,410,0.00,109441.09,6.86,7817.10,40
wt,oltp_ro,2000000,40,420,0.00,109385.82,6.96,7813.10,40
wt,oltp_ro,2000000,40,430,0.00,109451.51,6.85,7818.19,40
wt,oltp_ro,2000000,40,440,0.00,109571.85,6.83,7826.40,40
wt,oltp_ro,2000000,40,450,0.00,109584.55,6.82,7827.60,40
wt,oltp_ro,2000000,40,460,0.00,109737.99,6.85,7838.50,40
wt,oltp_ro,2000000,40,470,0.00,109474.10,6.82,7819.60,40
wt,oltp_ro,2000000,40,480,0.00,109551.47,6.85,7824.88,40
wt,oltp_ro,2000000,40,490,0.00,109380.29,6.87,7812.92,40
wt,oltp_ro,2000000,40,500,0.00,109327.84,6.83,7809.10,40
wt,oltp_ro,2000000,40,510,0.00,109437.16,6.91,7816.70,40
wt,oltp_ro,2000000,40,520,0.00,109276.49,6.82,7805.60,40
wt,oltp_ro,2000000,40,530,0.00,109271.03,6.96,7805.50,40
wt,oltp_ro,2000000,40,540,0.00,108933.55,6.89,7780.99,40
wt,oltp_ro,2000000,40,550,0.00,109484.42,6.89,7820.02,40
wt,oltp_ro,2000000,40,560,0.00,109577.44,6.83,7826.89,40
wt,oltp_ro,2000000,40,570,0.00,109677.51,6.84,7834.51,40
wt,oltp_ro,2000000,40,580,0.00,109351.25,6.92,7810.60,40
wt,oltp_ro,2000000,40,590,0.00,109589.70,6.83,7827.90,40
wt,oltp_ro,2000000,40,600,0.00,109388.73,6.89,7813.10,40
wt,oltp_ro,2000000,48,10,0.00,93057.32,9.03,6644.13,48
wt,oltp_ro,2000000,48,20,0.00,94452.38,8.89,6746.11,48
wt,oltp_ro,2000000,48,30,0.00,94926.12,8.87,6780.70,48
wt,oltp_ro,2000000,48,40,0.00,94503.47,8.90,6750.37,48
wt,oltp_ro,2000000,48,50,0.00,94451.71,8.90,6746.20,48
wt,oltp_ro,2000000,48,60,0.00,93950.43,8.92,6710.83,48
wt,oltp_ro,2000000,48,70,0.00,94210.17,8.90,6729.80,48
wt,oltp_ro,2000000,48,80,0.00,94636.22,8.85,6759.40,48
wt,oltp_ro,2000000,48,90,0.00,94278.82,8.89,6734.17,48
wt,oltp_ro,2000000,48,100,0.00,93900.89,8.96,6707.22,48
wt,oltp_ro,2000000,48,110,0.00,94036.27,8.91,6716.40,48
wt,oltp_ro,2000000,48,120,0.00,94135.34,8.93,6724.30,48
wt,oltp_ro,2000000,48,130,0.00,93806.48,8.93,6700.70,48
wt,oltp_ro,2000000,48,140,0.00,94449.11,8.87,6746.30,48
wt,oltp_ro,2000000,48,150,0.00,94313.52,8.87,6736.50,48
wt,oltp_ro,2000000,48,160,0.00,94285.89,8.93,6734.70,48
wt,oltp_ro,2000000,48,170,0.00,93874.99,8.91,6705.30,48
wt,oltp_ro,2000000,48,180,0.00,94555.78,8.86,6754.10,48
wt,oltp_ro,2000000,48,190,0.00,94192.00,8.90,6728.30,48
wt,oltp_ro,2000000,48,200,0.00,94352.99,8.89,6739.00,48
wt,oltp_ro,2000000,48,210,0.00,94330.72,8.89,6738.30,48
wt,oltp_ro,2000000,48,220,0.00,94578.88,8.85,6755.50,48
wt,oltp_ro,2000000,48,230,0.00,94740.00,8.86,6766.80,48
wt,oltp_ro,2000000,48,240,0.00,94694.77,8.84,6764.20,48
wt,oltp_ro,2000000,48,250,0.00,94259.03,8.91,6732.90,48
wt,oltp_ro,2000000,48,260,0.00,94233.21,8.93,6730.59,48
wt,oltp_ro,2000000,48,270,0.00,94650.11,8.88,6761.21,48
wt,oltp_ro,2000000,48,280,0.00,94209.76,8.93,6729.10,48
wt,oltp_ro,2000000,48,290,0.00,94347.63,8.90,6738.80,48
wt,oltp_ro,2000000,48,300,0.00,94461.40,8.90,6747.70,48
wt,oltp_ro,2000000,48,310,0.00,94726.31,8.87,6765.80,48
wt,oltp_ro,2000000,48,320,0.00,94725.72,8.86,6765.90,48
wt,oltp_ro,2000000,48,330,0.00,94470.86,8.87,6748.60,48
wt,oltp_ro,2000000,48,340,0.00,94309.07,8.88,6736.10,48
wt,oltp_ro,2000000,48,350,0.00,94672.54,8.85,6762.20,48
wt,oltp_ro,2000000,48,360,0.00,94577.66,8.83,6755.40,48
wt,oltp_ro,2000000,48,370,0.00,94588.15,8.86,6756.60,48
wt,oltp_ro,2000000,48,380,0.00,94217.45,8.93,6729.80,48
wt,oltp_ro,2000000,48,390,0.00,94394.23,8.89,6742.20,48
wt,oltp_ro,2000000,48,400,0.00,94310.09,8.92,6736.40,48
wt,oltp_ro,2000000,48,410,0.00,94424.69,8.90,6744.60,48
wt,oltp_ro,2000000,48,420,0.00,94274.21,8.91,6734.00,48
wt,oltp_ro,2000000,48,430,0.00,94305.31,8.88,6736.10,48
wt,oltp_ro,2000000,48,440,0.00,94130.81,8.90,6723.70,48
wt,oltp_ro,2000000,48,450,0.00,94218.37,8.88,6729.87,48
wt,oltp_ro,2000000,48,460,0.00,94008.79,8.91,6715.03,48
wt,oltp_ro,2000000,48,470,0.00,94181.05,8.93,6727.40,48
wt,oltp_ro,2000000,48,480,0.00,94795.99,8.85,6771.20,48
wt,oltp_ro,2000000,48,490,0.00,94715.80,8.83,6765.40,48
wt,oltp_ro,2000000,48,500,0.00,94624.69,8.86,6758.50,48
wt,oltp_ro,2000000,48,510,0.00,94643.92,8.84,6760.50,48
wt,oltp_ro,2000000,48,520,0.00,94443.89,8.90,6746.00,48
wt,oltp_ro,2000000,48,530,0.00,94454.19,8.93,6746.40,48
wt,oltp_ro,2000000,48,540,0.00,94584.21,8.87,6756.30,48
wt,oltp_ro,2000000,48,550,0.00,94717.97,8.86,6765.36,48
wt,oltp_ro,2000000,48,560,0.00,94387.33,8.90,6742.14,48
wt,oltp_ro,2000000,48,570,0.00,94605.55,8.88,6757.50,48
wt,oltp_ro,2000000,48,580,0.00,94519.56,8.89,6751.20,48
wt,oltp_ro,2000000,48,590,0.00,94762.29,8.87,6768.90,48
wt,oltp_ro,2000000,47,600,0.00,94579.91,8.88,6755.80,48
wt,oltp_ro,2000000,512,10,0.00,84064.75,172.74,5976.74,512
wt,oltp_ro,2000000,512,20,0.00,84752.93,173.21,6056.60,512
wt,oltp_ro,2000000,512,30,0.00,84610.42,174.25,6043.30,512
wt,oltp_ro,2000000,512,40,0.00,84400.28,173.78,6028.60,512
wt,oltp_ro,2000000,512,50,0.00,84373.01,173.57,6026.67,512
wt,oltp_ro,2000000,512,60,0.00,84191.98,174.15,6012.63,512
wt,oltp_ro,2000000,512,70,0.00,82398.81,174.98,5886.00,512
wt,oltp_ro,2000000,512,80,0.00,84106.72,174.15,6007.10,512
wt,oltp_ro,2000000,512,90,0.00,84215.26,175.35,6016.40,512
wt,oltp_ro,2000000,512,100,0.00,84274.38,174.62,6019.80,512
wt,oltp_ro,2000000,512,110,0.00,84277.57,173.68,6018.10,512
wt,oltp_ro,2000000,512,120,0.00,84053.52,174.04,6005.10,512
wt,oltp_ro,2000000,512,130,0.00,84167.76,174.04,6011.40,512
wt,oltp_ro,2000000,512,140,0.00,82735.54,175.51,5911.00,512
wt,oltp_ro,2000000,512,150,0.00,84074.17,174.30,6004.79,512
wt,oltp_ro,2000000,512,160,0.00,83752.94,174.20,5982.81,512
wt,oltp_ro,2000000,512,170,0.00,83959.63,174.62,5996.07,512
wt,oltp_ro,2000000,512,180,0.00,83851.66,174.88,5989.43,512
wt,oltp_ro,2000000,512,190,0.00,83540.47,174.72,5968.30,512
wt,oltp_ro,2000000,512,200,0.00,83724.54,174.62,5980.10,512
wt,oltp_ro,2000000,512,210,0.00,83572.50,175.30,5969.70,512
wt,oltp_ro,2000000,512,220,0.00,83463.41,174.82,5961.30,512
wt,oltp_ro,2000000,512,230,0.00,82628.60,176.09,5900.30,512
wt,oltp_ro,2000000,512,240,0.00,84184.66,174.20,6014.30,512
wt,oltp_ro,2000000,512,250,0.00,84007.61,175.14,6000.30,512
wt,oltp_ro,2000000,512,260,0.00,83834.10,174.98,5987.80,512
wt,oltp_ro,2000000,512,270,0.00,83751.86,174.88,5984.04,512
wt,oltp_ro,2000000,512,280,0.00,83916.93,174.77,5992.86,512
wt,oltp_ro,2000000,512,290,0.00,84341.10,174.30,6024.50,512
wt,oltp_ro,2000000,512,300,0.00,84554.61,174.41,6039.67,512
wt,oltp_ro,2000000,512,310,0.00,83817.42,174.30,5987.23,512
wt,oltp_ro,2000000,512,320,0.00,84154.21,174.35,6011.40,512
wt,oltp_ro,2000000,512,330,0.00,82932.21,176.14,5924.50,512
wt,oltp_ro,2000000,512,340,0.00,83641.29,174.15,5973.80,512
wt,oltp_ro,2000000,512,350,0.00,83794.38,173.99,5984.10,512
wt,oltp_ro,2000000,512,360,0.00,83902.72,175.14,5994.80,512
wt,oltp_ro,2000000,512,370,0.00,83788.90,174.51,5984.20,512
wt,oltp_ro,2000000,512,380,0.00,84096.41,175.09,6006.39,512
wt,oltp_ro,2000000,512,390,0.00,83626.97,174.72,5973.81,512
wt,oltp_ro,2000000,512,400,0.00,84054.60,174.56,6004.50,512
wt,oltp_ro,2000000,512,410,0.00,83900.78,174.88,5992.37,512
wt,oltp_ro,2000000,512,420,0.00,83869.63,174.82,5989.93,512
wt,oltp_ro,2000000,512,430,0.00,84093.22,174.62,6006.70,512
wt,oltp_ro,2000000,512,440,0.00,84169.63,175.14,6012.49,512
wt,oltp_ro,2000000,512,450,0.00,83656.45,174.46,5975.60,512
wt,oltp_ro,2000000,512,460,0.00,83809.80,174.62,5984.80,512
wt,oltp_ro,2000000,512,470,0.00,83931.32,175.14,5997.90,512
wt,oltp_ro,2000000,512,480,0.00,83909.78,174.56,5991.60,512
wt,oltp_ro,2000000,512,490,0.00,83774.92,174.67,5985.70,512
wt,oltp_ro,2000000,512,500,0.00,83892.49,175.09,5991.30,512
wt,oltp_ro,2000000,512,510,0.00,83883.98,174.67,5992.20,512
wt,oltp_ro,2000000,512,520,0.00,83788.92,175.03,5984.40,512
wt,oltp_ro,2000000,512,530,0.00,83731.26,175.72,5980.90,512
wt,oltp_ro,2000000,512,540,0.00,83901.88,174.41,5992.50,512
wt,oltp_ro,2000000,512,550,0.00,83949.22,174.77,5997.29,512
wt,oltp_ro,2000000,512,560,0.00,84033.82,174.88,6000.62,512
wt,oltp_ro,2000000,512,570,0.00,83747.19,174.88,5981.40,512
wt,oltp_ro,2000000,512,580,0.00,83546.41,174.46,5970.00,512
wt,oltp_ro,2000000,512,590,0.00,83374.67,175.45,5954.60,512
wt,oltp_ro,2000000,512,600,0.00,83869.25,175.09,5990.20,512
wt,oltp_ro,2000000,64,10,0.00,92628.03,12.88,6612.04,64
wt,oltp_ro,2000000,64,20,0.00,93830.13,12.75,6702.48,64
wt,oltp_ro,2000000,64,30,0.00,94156.29,12.71,6725.41,64
wt,oltp_ro,2000000,64,40,0.00,94645.05,12.67,6760.30,64
wt,oltp_ro,2000000,64,50,0.00,94247.26,12.80,6731.60,64
wt,oltp_ro,2000000,64,60,0.00,94144.73,12.75,6724.90,64
wt,oltp_ro,2000000,64,70,0.00,93894.46,12.75,6707.00,64
wt,oltp_ro,2000000,64,80,0.00,93932.84,12.76,6709.70,64
wt,oltp_ro,2000000,64,90,0.00,94432.11,12.72,6744.70,64
wt,oltp_ro,2000000,64,100,0.00,94476.09,12.68,6748.20,64
wt,oltp_ro,2000000,64,110,0.00,94589.90,12.67,6756.60,64
wt,oltp_ro,2000000,64,120,0.00,93875.90,12.71,6705.70,64
wt,oltp_ro,2000000,64,130,0.00,94176.12,12.77,6726.80,64
wt,oltp_ro,2000000,64,140,0.00,94600.38,12.71,6756.80,64
wt,oltp_ro,2000000,64,150,0.00,94610.36,12.71,6758.20,64
wt,oltp_ro,2000000,64,160,0.00,94607.01,12.67,6758.00,64
wt,oltp_ro,2000000,64,170,0.00,94310.84,12.71,6736.10,64
wt,oltp_ro,2000000,64,180,0.00,94141.75,12.72,6724.20,64
wt,oltp_ro,2000000,64,190,0.00,94473.05,12.69,6748.20,64
wt,oltp_ro,2000000,64,200,0.00,94420.40,12.71,6744.20,64
wt,oltp_ro,2000000,64,210,0.00,94361.68,12.70,6740.20,64
wt,oltp_ro,2000000,64,220,0.00,94174.51,12.74,6727.00,64
wt,oltp_ro,2000000,64,230,0.00,94314.30,12.68,6736.50,64
wt,oltp_ro,2000000,64,240,0.00,94209.89,12.73,6729.10,64
wt,oltp_ro,2000000,64,250,0.00,94059.40,12.74,6718.30,64
wt,oltp_ro,2000000,64,260,0.00,94518.32,12.65,6752.00,64
wt,oltp_ro,2000000,64,270,0.00,94559.48,12.70,6754.10,64
wt,oltp_ro,2000000,64,280,0.00,94422.72,12.71,6744.50,64
wt,oltp_ro,2000000,64,290,0.00,94547.38,12.71,6752.90,64
wt,oltp_ro,2000000,64,300,0.00,94469.48,12.73,6747.76,64
wt,oltp_ro,2000000,64,310,0.00,94421.31,12.71,6744.34,64
wt,oltp_ro,2000000,64,320,0.00,94601.54,12.67,6758.00,64
wt,oltp_ro,2000000,64,330,0.00,94242.00,12.80,6730.96,64
wt,oltp_ro,2000000,64,340,0.00,94162.19,12.76,6726.14,64
wt,oltp_ro,2000000,64,350,0.00,94408.90,12.72,6743.70,64
wt,oltp_ro,2000000,64,360,0.00,94270.88,12.75,6733.30,64
wt,oltp_ro,2000000,64,370,0.00,94331.70,12.69,6738.10,64
wt,oltp_ro,2000000,64,380,0.00,94271.53,12.78,6733.50,64
wt,oltp_ro,2000000,64,390,0.00,94115.19,12.69,6722.60,64
wt,oltp_ro,2000000,64,400,0.00,94550.09,12.68,6753.90,64
wt,oltp_ro,2000000,64,410,0.00,94340.68,12.71,6738.40,64
wt,oltp_ro,2000000,64,420,0.00,94151.51,12.73,6724.90,64
wt,oltp_ro,2000000,64,430,0.00,94472.72,12.67,6748.00,64
wt,oltp_ro,2000000,64,440,0.00,94203.69,12.75,6729.10,64
wt,oltp_ro,2000000,64,450,0.00,94143.18,12.74,6724.70,64
wt,oltp_ro,2000000,64,460,0.00,94153.42,12.74,6725.20,64
wt,oltp_ro,2000000,64,470,0.00,94331.39,12.73,6737.60,64
wt,oltp_ro,2000000,64,480,0.00,94309.61,12.68,6736.50,64
wt,oltp_ro,2000000,64,490,0.00,94386.47,12.73,6741.90,64
wt,oltp_ro,2000000,64,500,0.00,94532.72,12.68,6752.10,64
wt,oltp_ro,2000000,64,510,0.00,94507.61,12.68,6750.80,64
wt,oltp_ro,2000000,64,520,0.00,94586.67,12.72,6756.30,64
wt,oltp_ro,2000000,64,530,0.00,94465.29,12.68,6747.30,64
wt,oltp_ro,2000000,64,540,0.00,94326.85,12.76,6738.00,64
wt,oltp_ro,2000000,64,550,0.00,94330.81,12.73,6737.78,64
wt,oltp_ro,2000000,64,560,0.00,94395.64,12.69,6742.32,64
wt,oltp_ro,2000000,64,570,0.00,94022.89,12.70,6715.90,64
wt,oltp_ro,2000000,64,580,0.00,94282.74,12.75,6734.40,64
wt,oltp_ro,2000000,64,590,0.00,94435.79,12.72,6745.60,64
wt,oltp_ro,2000000,63,600,0.00,94587.86,12.64,6756.67,64
wt,oltp_ro,2000000,8,10,0.00,36751.44,3.50,2624.60,8
wt,oltp_ro,2000000,8,20,0.00,36835.81,3.45,2631.31,8
wt,oltp_ro,2000000,8,30,0.00,36985.42,3.39,2641.60,8
wt,oltp_ro,2000000,8,40,0.00,36842.80,3.39,2631.80,8
wt,oltp_ro,2000000,8,50,0.00,36009.11,3.48,2572.10,8
wt,oltp_ro,2000000,8,60,0.00,36127.79,3.40,2580.40,8
wt,oltp_ro,2000000,8,70,0.00,37533.30,3.31,2681.00,8
wt,oltp_ro,2000000,8,80,0.00,37631.81,3.31,2687.90,8
wt,oltp_ro,2000000,8,90,0.00,37585.70,3.31,2684.70,8
wt,oltp_ro,2000000,8,100,0.00,37092.40,3.29,2649.50,8
wt,oltp_ro,2000000,8,110,0.00,37063.30,3.32,2647.20,8
wt,oltp_ro,2000000,8,120,0.00,36659.89,3.39,2618.80,8
wt,oltp_ro,2000000,8,130,0.00,36914.11,3.35,2636.70,8
wt,oltp_ro,2000000,8,140,0.00,37128.78,3.34,2652.00,8
wt,oltp_ro,2000000,8,150,0.00,36942.73,3.35,2638.80,8
wt,oltp_ro,2000000,8,160,0.00,37060.50,3.34,2647.00,8
wt,oltp_ro,2000000,8,170,0.00,37197.49,3.35,2657.20,8
wt,oltp_ro,2000000,8,180,0.00,36658.51,3.35,2618.30,8
wt,oltp_ro,2000000,8,190,0.00,37060.50,3.34,2647.30,8
wt,oltp_ro,2000000,8,200,0.00,37316.10,3.36,2665.40,8
wt,oltp_ro,2000000,8,210,0.00,36507.70,3.34,2607.70,8
wt,oltp_ro,2000000,8,220,0.00,36998.69,3.34,2642.70,8
wt,oltp_ro,2000000,8,230,0.00,36439.31,3.37,2602.70,8
wt,oltp_ro,2000000,8,240,0.00,37280.79,3.33,2663.10,8
wt,oltp_ro,2000000,8,250,0.00,37338.08,3.31,2667.10,8
wt,oltp_ro,2000000,8,260,0.00,37428.83,3.35,2673.40,8
wt,oltp_ro,2000000,8,270,0.00,37339.50,3.34,2667.10,8
wt,oltp_ro,2000000,8,280,0.00,36819.61,3.36,2629.90,8
wt,oltp_ro,2000000,8,290,0.00,37012.59,3.36,2643.80,8
wt,oltp_ro,2000000,8,300,0.00,36873.91,3.34,2633.70,8
wt,oltp_ro,2000000,8,310,0.00,37189.19,3.33,2656.50,8
wt,oltp_ro,2000000,8,320,0.00,36940.59,3.34,2638.60,8
wt,oltp_ro,2000000,8,330,0.00,36898.11,3.36,2635.60,8
wt,oltp_ro,2000000,8,340,0.00,37187.30,3.35,2656.30,8
wt,oltp_ro,2000000,8,350,0.00,37009.40,3.34,2643.60,8
wt,oltp_ro,2000000,8,360,0.00,37056.78,3.34,2646.70,8
wt,oltp_ro,2000000,8,370,0.00,36909.01,3.34,2636.50,8
wt,oltp_ro,2000000,8,380,0.00,37318.12,3.34,2665.40,8
wt,oltp_ro,2000000,8,390,0.00,37240.18,3.32,2660.30,8
wt,oltp_ro,2000000,8,400,0.00,37177.30,3.34,2655.50,8
wt,oltp_ro,2000000,8,410,0.00,36953.60,3.33,2639.30,8
wt,oltp_ro,2000000,8,420,0.00,36804.22,3.36,2628.90,8
wt,oltp_ro,2000000,8,430,0.00,37459.49,3.34,2675.80,8
wt,oltp_ro,2000000,8,440,0.00,36945.80,3.34,2639.00,8
wt,oltp_ro,2000000,8,450,0.00,37115.20,3.34,2650.90,8
wt,oltp_ro,2000000,8,460,0.00,37363.00,3.33,2669.00,8
wt,oltp_ro,2000000,8,470,0.00,37373.00,3.35,2669.50,8
wt,oltp_ro,2000000,8,480,0.00,37080.80,3.35,2648.50,8
wt,oltp_ro,2000000,8,490,0.00,37733.20,3.34,2695.10,8
wt,oltp_ro,2000000,8,500,0.00,37262.40,3.38,2661.60,8
wt,oltp_ro,2000000,8,510,0.00,37545.00,3.36,2681.80,8
wt,oltp_ro,2000000,8,520,0.00,37337.39,3.40,2667.20,8
wt,oltp_ro,2000000,8,530,0.00,37532.52,3.35,2680.80,8
wt,oltp_ro,2000000,8,540,0.00,37479.38,3.34,2677.20,8
wt,oltp_ro,2000000,8,550,0.00,37426.52,3.35,2673.10,8
wt,oltp_ro,2000000,8,560,0.00,36957.29,3.35,2640.00,8
wt,oltp_ro,2000000,8,570,0.00,37383.61,3.32,2670.20,8
wt,oltp_ro,2000000,8,580,0.00,37731.39,3.32,2695.00,8
wt,oltp_ro,2000000,8,590,0.00,36997.61,3.35,2642.70,8
wt,oltp_ro,2000000,8,600,0.00,37324.50,3.33,2666.10,8
