engine,distribution,workload,size,threads,ts,writes,reads,response_time,tps,user_provided_threads
inmemory,uniform,oltp,20000000,256,2,23882.97,68162.37,62.88,7953.84,256
inmemory,uniform,oltp,20000000,256,4,25078.57,71290.19,57.12,8359.02,256
inmemory,uniform,oltp,20000000,256,6,25147.94,71048.83,56.64,8382.48,256
inmemory,uniform,oltp,20000000,256,8,25245.48,71533.94,57.00,8415.49,256
inmemory,uniform,oltp,20000000,256,10,25290.52,71680.05,56.68,8429.01,256
inmemory,uniform,oltp,20000000,256,12,24917.49,70562.48,58.19,8308.50,256
inmemory,uniform,oltp,20000000,256,14,25513.01,72328.52,55.90,8503.50,256
inmemory,uniform,oltp,20000000,256,16,25422.00,71941.59,56.25,8473.83,256
inmemory,uniform,oltp,20000000,256,18,25221.51,71464.45,56.74,8408.17,256
inmemory,uniform,oltp,20000000,256,20,25665.55,72728.64,55.45,8553.02,256
inmemory,uniform,oltp,20000000,256,22,24953.48,70704.95,57.36,8318.99,256
inmemory,uniform,oltp,20000000,256,24,25584.50,72549.49,56.15,8528.00,256
inmemory,uniform,oltp,20000000,256,26,25046.51,70940.53,58.02,8349.00,256
inmemory,uniform,oltp,20000000,256,28,25365.94,71968.34,57.10,8453.98,256
inmemory,uniform,oltp,20000000,256,30,25665.03,72882.75,55.12,8557.18,256
inmemory,uniform,oltp,20000000,256,32,24851.95,70294.18,57.77,8282.32,256
inmemory,uniform,oltp,20000000,256,34,25686.47,72761.93,55.68,8564.49,256
inmemory,uniform,oltp,20000000,256,36,25228.55,71373.63,57.07,8406.52,256
inmemory,uniform,oltp,20000000,256,38,25050.98,71091.93,57.39,8352.49,256
inmemory,uniform,oltp,20000000,256,40,25407.04,71920.62,56.44,8469.51,256
inmemory,uniform,oltp,20000000,256,42,24643.16,69970.02,58.84,8210.39,256
inmemory,uniform,oltp,20000000,256,44,25709.31,72867.89,55.49,8573.10,256
inmemory,uniform,oltp,20000000,256,46,21064.59,59535.84,73.14,7019.36,256
inmemory,uniform,oltp,20000000,256,48,21249.93,60285.22,67.26,7085.14,256
inmemory,uniform,oltp,20000000,256,50,19677.99,55597.98,70.88,6560.00,256
inmemory,uniform,oltp,20000000,256,52,22819.03,64663.57,62.86,7604.51,256
inmemory,uniform,oltp,20000000,256,54,21820.46,61844.40,67.06,7274.99,256
inmemory,uniform,oltp,20000000,256,56,21990.98,62294.44,66.44,7328.99,256
inmemory,uniform,oltp,20000000,256,58,18758.51,53079.53,78.38,6252.00,256
inmemory,uniform,oltp,20000000,256,60,21966.48,62150.44,71.67,7325.49,256
inmemory,uniform,oltp,20000000,128,2,26260.08,74769.38,25.44,8749.19,128
inmemory,uniform,oltp,20000000,128,4,26436.55,74837.14,25.02,8813.02,128
inmemory,uniform,oltp,20000000,128,6,28113.02,79760.06,23.91,9369.01,128
inmemory,uniform,oltp,20000000,128,8,27895.48,79097.93,24.33,9300.49,128
inmemory,uniform,oltp,20000000,128,10,27696.52,78446.55,24.37,9232.51,128
inmemory,uniform,oltp,20000000,128,12,28294.45,80290.36,23.79,9428.98,128
inmemory,uniform,oltp,20000000,128,14,25781.07,72949.69,26.37,8594.52,128
inmemory,uniform,oltp,20000000,128,16,23356.97,66041.41,28.88,7787.49,128
inmemory,uniform,oltp,20000000,128,18,27176.00,76986.51,24.65,9059.00,128
inmemory,uniform,oltp,20000000,128,20,24734.19,70156.62,27.72,8244.40,128
inmemory,uniform,oltp,20000000,128,22,26060.84,73853.96,26.28,8685.61,128
inmemory,uniform,oltp,20000000,128,24,26659.87,75602.13,25.46,8888.46,128
inmemory,uniform,oltp,20000000,128,26,27332.11,77422.81,23.93,9109.04,128
inmemory,uniform,oltp,20000000,128,28,26881.44,76013.83,24.48,8961.98,128
inmemory,uniform,oltp,20000000,128,30,26164.10,74025.79,25.46,8720.53,128
inmemory,uniform,oltp,20000000,128,32,19795.94,56059.33,31.79,6597.98,128
inmemory,uniform,oltp,20000000,128,34,20428.07,57893.19,30.94,6811.02,128
inmemory,uniform,oltp,20000000,128,36,23709.49,67077.96,28.60,7902.50,128
inmemory,uniform,oltp,20000000,128,38,27850.96,78947.90,24.07,9283.49,128
inmemory,uniform,oltp,20000000,128,40,27726.95,78348.35,24.35,9243.48,128
inmemory,uniform,oltp,20000000,128,42,28047.50,79466.00,23.91,9347.50,128
inmemory,uniform,oltp,20000000,128,44,25398.08,71923.23,29.10,8467.03,128
inmemory,uniform,oltp,20000000,128,46,20724.44,58733.32,31.15,6907.98,128
inmemory,uniform,oltp,20000000,128,48,19920.05,56519.65,31.60,6639.02,128
inmemory,uniform,oltp,20000000,128,50,20030.98,56684.94,31.78,6677.49,128
inmemory,uniform,oltp,20000000,128,52,24294.48,68876.44,29.58,8098.49,128
inmemory,uniform,oltp,20000000,128,54,26250.95,74252.87,25.21,8750.48,128
inmemory,uniform,oltp,20000000,128,56,22305.60,63377.29,32.33,7433.03,128
inmemory,uniform,oltp,20000000,128,58,26904.97,76435.93,25.55,8966.99,128
inmemory,uniform,oltp,20000000,128,60,26553.98,75206.96,24.93,8854.49,128
inmemory,uniform,oltp,20000000,48,2,27406.60,77836.45,6.98,9133.70,48
inmemory,uniform,oltp,20000000,48,4,29239.50,82752.50,6.51,9747.00,48
inmemory,uniform,oltp,20000000,48,6,30319.01,86047.02,6.25,10106.00,48
inmemory,uniform,oltp,20000000,48,8,30138.95,85351.95,6.31,10045.82,48
inmemory,uniform,oltp,20000000,48,10,30741.09,87323.68,6.14,10248.20,48
inmemory,uniform,oltp,20000000,48,12,30538.50,86365.00,6.23,10178.50,48
inmemory,uniform,oltp,20000000,48,14,30791.92,87345.26,6.14,10265.47,48
inmemory,uniform,oltp,20000000,48,16,30861.77,87545.34,6.14,10286.92,48
inmemory,uniform,oltp,20000000,48,18,30330.28,85812.29,6.28,10109.59,48
inmemory,uniform,oltp,20000000,48,20,30997.41,87852.25,6.10,10332.97,48
inmemory,uniform,oltp,20000000,48,22,30518.56,86566.17,6.25,10172.02,48
inmemory,uniform,oltp,20000000,48,24,30936.99,87683.97,6.12,10313.50,48
inmemory,uniform,oltp,20000000,48,26,30941.51,87536.53,6.12,10312.00,48
inmemory,uniform,oltp,20000000,48,28,25309.55,71720.14,8.74,8438.02,48
inmemory,uniform,oltp,20000000,48,30,29560.41,83876.75,6.48,9852.97,48
inmemory,uniform,oltp,20000000,48,32,29920.47,84831.41,6.37,9972.49,48
inmemory,uniform,oltp,20000000,48,34,30678.03,86971.58,6.19,10227.51,48
inmemory,uniform,oltp,20000000,48,36,30644.51,86624.53,6.18,10214.50,48
inmemory,uniform,oltp,20000000,48,38,30350.99,85802.48,6.25,10117.50,48
inmemory,uniform,oltp,20000000,48,40,30857.01,87379.54,6.15,10285.00,48
inmemory,uniform,oltp,20000000,48,42,30673.97,86980.42,6.19,10223.99,48
inmemory,uniform,oltp,20000000,48,44,30670.55,87018.63,6.17,10224.02,48
inmemory,uniform,oltp,20000000,48,46,25890.01,73312.03,9.51,8631.00,48
inmemory,uniform,oltp,20000000,48,48,21092.44,59811.32,9.97,7030.48,48
inmemory,uniform,oltp,20000000,48,50,23847.50,67515.49,8.71,7949.00,48
inmemory,uniform,oltp,20000000,48,52,26337.59,74674.26,7.32,8779.03,48
inmemory,uniform,oltp,20000000,48,54,24178.21,68595.09,8.42,8059.57,48
inmemory,uniform,oltp,20000000,48,56,28785.69,81533.61,6.65,9593.90,48
inmemory,uniform,oltp,20000000,48,58,30234.53,85599.09,6.31,10077.51,48
inmemory,uniform,oltp,20000000,48,60,28249.06,80005.67,7.73,9418.52,48
inmemory,pareto,oltp,20000000,256,2,18972.79,82936.42,70.50,6318.77,256
inmemory,pareto,oltp,20000000,256,4,19717.55,85394.70,66.28,6571.52,256
inmemory,pareto,oltp,20000000,256,6,19942.29,86332.61,65.51,6647.93,256
inmemory,pareto,oltp,20000000,256,8,19982.68,86473.27,65.61,6661.06,256
inmemory,pareto,oltp,20000000,256,10,17236.00,74648.50,80.57,5746.50,256
inmemory,pareto,oltp,20000000,256,12,16115.52,69757.59,85.95,5367.51,256
inmemory,pareto,oltp,20000000,256,14,17628.98,76309.92,73.41,5879.49,256
inmemory,pareto,oltp,20000000,256,16,16243.08,70315.85,78.21,5415.53,256
inmemory,pareto,oltp,20000000,256,18,15719.93,68132.69,80.76,5238.98,256
inmemory,pareto,oltp,20000000,256,20,15958.98,69093.92,79.73,5317.99,256
inmemory,pareto,oltp,20000000,256,22,16048.52,69472.59,84.04,5351.51,256
inmemory,pareto,oltp,20000000,256,24,17309.48,74994.93,74.20,5766.49,256
inmemory,pareto,oltp,20000000,256,26,15861.01,68715.05,81.08,5289.50,256
inmemory,pareto,oltp,20000000,256,28,16624.35,71962.86,79.01,5540.45,256
inmemory,pareto,oltp,20000000,256,30,17711.67,76681.72,73.38,5903.06,256
inmemory,pareto,oltp,20000000,256,32,16078.46,69560.82,80.30,5360.99,256
inmemory,pareto,oltp,20000000,256,34,17276.53,74936.14,77.96,5757.51,256
inmemory,pareto,oltp,20000000,256,36,19786.01,85703.06,70.04,6594.50,256
inmemory,pareto,oltp,20000000,256,38,19710.51,85315.54,66.60,6572.50,256
inmemory,pareto,oltp,20000000,256,40,20037.48,86715.40,65.40,6678.99,256
inmemory,pareto,oltp,20000000,256,42,19362.03,83758.62,67.36,6456.01,256
inmemory,pareto,oltp,20000000,256,44,19515.30,84469.63,66.70,6501.93,256
inmemory,pareto,oltp,20000000,256,46,19258.19,83281.81,68.05,6422.06,256
inmemory,pareto,oltp,20000000,256,48,19685.97,85217.38,67.69,6558.99,256
inmemory,pareto,oltp,20000000,256,50,19449.99,84235.96,67.30,6484.50,256
inmemory,pareto,oltp,20000000,256,52,16388.51,70980.06,79.35,5463.50,256
inmemory,pareto,oltp,20000000,256,54,16260.25,70349.92,78.71,5415.92,256
inmemory,pareto,oltp,20000000,256,56,16494.77,71537.66,77.49,5501.09,256
inmemory,pareto,oltp,20000000,256,58,16101.48,69790.40,78.92,5366.99,256
inmemory,pareto,oltp,20000000,256,60,17407.53,75360.64,73.82,5802.51,256
inmemory,pareto,oltp,20000000,128,2,19241.84,83837.10,30.09,6411.78,128
inmemory,pareto,oltp,20000000,128,4,14344.00,62126.02,40.40,4781.00,128
inmemory,pareto,oltp,20000000,128,6,15074.52,65345.58,37.00,5023.51,128
inmemory,pareto,oltp,20000000,128,8,14811.50,64055.99,37.92,4937.50,128
inmemory,pareto,oltp,20000000,128,10,14272.01,61831.05,39.67,4757.50,128
inmemory,pareto,oltp,20000000,128,12,15224.98,65894.41,38.89,5075.49,128
inmemory,pareto,oltp,20000000,128,14,15762.01,68249.05,37.27,5251.00,128
inmemory,pareto,oltp,20000000,128,16,15137.50,65499.99,36.87,5047.50,128
inmemory,pareto,oltp,20000000,128,18,16257.01,70466.55,35.15,5421.00,128
inmemory,pareto,oltp,20000000,128,20,15828.46,68559.35,35.65,5274.99,128
inmemory,pareto,oltp,20000000,128,22,15612.03,67627.12,35.61,5203.01,128
inmemory,pareto,oltp,20000000,128,24,15168.00,65700.48,38.42,5057.50,128
inmemory,pareto,oltp,20000000,128,26,18988.98,82262.41,30.21,6329.49,128
inmemory,pareto,oltp,20000000,128,28,17499.31,75805.18,32.26,5833.44,128
inmemory,pareto,oltp,20000000,128,30,16912.20,73293.88,33.37,5638.07,128
inmemory,pareto,oltp,20000000,128,32,18206.79,78738.07,31.63,6068.43,128
inmemory,pareto,oltp,20000000,128,34,16136.67,69790.23,35.61,5379.06,128
inmemory,pareto,oltp,20000000,128,36,15551.50,67425.98,35.19,5182.00,128
inmemory,pareto,oltp,20000000,128,38,18181.46,78688.31,32.65,6062.99,128
inmemory,pareto,oltp,20000000,128,40,20915.06,90514.77,27.53,6971.02,128
inmemory,pareto,oltp,20000000,128,42,19388.99,83987.47,29.42,6462.50,128
inmemory,pareto,oltp,20000000,128,44,16619.02,71990.59,34.21,5538.01,128
inmemory,pareto,oltp,20000000,128,46,17242.52,74677.07,32.09,5750.01,128
inmemory,pareto,oltp,20000000,128,48,16155.48,70021.93,34.08,5383.99,128
inmemory,pareto,oltp,20000000,128,50,16836.49,72949.97,33.84,5613.00,128
inmemory,pareto,oltp,20000000,128,52,21084.51,91319.54,27.45,7029.00,128
inmemory,pareto,oltp,20000000,128,54,19847.48,86024.91,29.14,6614.99,128
inmemory,pareto,oltp,20000000,128,56,18111.48,78371.93,31.50,6037.49,128
inmemory,pareto,oltp,20000000,128,58,16338.54,70740.66,34.36,5445.51,128
inmemory,pareto,oltp,20000000,128,60,16452.44,71319.22,34.16,5483.48,128
inmemory,pareto,oltp,20000000,48,2,20947.30,90927.80,8.56,6981.10,48
inmemory,pareto,oltp,20000000,48,4,22588.06,97815.44,7.75,7530.19,48
inmemory,pareto,oltp,20000000,48,6,23411.99,101513.97,7.47,7803.50,48
inmemory,pareto,oltp,20000000,48,8,21903.51,94909.03,9.56,7300.50,48
inmemory,pareto,oltp,20000000,48,10,16887.71,73205.76,10.73,5629.90,48
inmemory,pareto,oltp,20000000,48,12,20408.34,88411.47,8.81,6803.11,48
inmemory,pareto,oltp,20000000,48,14,20164.01,87371.05,9.28,6721.00,48
inmemory,pareto,oltp,20000000,48,16,18230.49,78963.95,10.16,6077.50,48
inmemory,pareto,oltp,20000000,48,18,16917.51,73214.55,10.95,5638.50,48
inmemory,pareto,oltp,20000000,48,20,17286.97,74801.38,10.93,5761.99,48
inmemory,pareto,oltp,20000000,48,22,20097.98,87181.92,8.86,6699.99,48
inmemory,pareto,oltp,20000000,48,24,22213.06,96251.24,8.29,7404.02,48
inmemory,pareto,oltp,20000000,48,26,20529.92,88889.67,9.90,6842.97,48
inmemory,pareto,oltp,20000000,48,28,21710.06,93949.76,7.99,7227.02,48
inmemory,pareto,oltp,20000000,48,30,17621.51,76331.05,10.84,5884.00,48
inmemory,pareto,oltp,20000000,48,32,23000.00,99581.49,7.67,7666.00,48
inmemory,pareto,oltp,20000000,48,34,23381.48,101363.39,7.45,7793.99,48
inmemory,pareto,oltp,20000000,48,36,23178.96,100358.32,7.47,7726.49,48
inmemory,pareto,oltp,20000000,48,38,21695.58,93926.86,8.27,7232.03,48
inmemory,pareto,oltp,20000000,48,40,20139.93,87191.71,9.10,6713.48,48
inmemory,pareto,oltp,20000000,48,42,22640.46,98032.83,7.77,7545.99,48
inmemory,pareto,oltp,20000000,48,44,22807.09,98806.40,7.64,7603.03,48
inmemory,pareto,oltp,20000000,48,46,19917.48,86364.92,9.42,6638.99,48
inmemory,pareto,oltp,20000000,48,48,20357.53,87975.65,9.16,6785.51,48
inmemory,pareto,oltp,20000000,48,50,19815.50,85781.49,9.01,6606.00,48
inmemory,pareto,oltp,20000000,48,52,17559.96,76049.81,10.37,5852.99,48
inmemory,pareto,oltp,20000000,48,54,21456.19,92992.68,9.07,7151.90,48
inmemory,pareto,oltp,20000000,48,56,22675.82,98212.37,7.73,7559.61,48
inmemory,pareto,oltp,20000000,48,58,22667.51,98236.03,7.68,7555.00,48
inmemory,pareto,oltp,20000000,48,60,23193.49,100434.45,7.51,7731.50,48
inmemory,uniform,write_only,20000000,256,2,311533.47,0.00,3.23,103801.16,256
inmemory,uniform,write_only,20000000,256,4,313900.74,0.00,3.20,104641.41,256
inmemory,uniform,write_only,20000000,256,6,312211.72,0.00,3.26,104066.07,256
inmemory,uniform,write_only,20000000,256,8,310273.79,0.00,3.53,103404.60,256
inmemory,uniform,write_only,20000000,256,10,298434.90,0.00,3.43,99488.97,256
inmemory,uniform,write_only,20000000,256,12,315083.27,0.00,3.16,105034.42,256
inmemory,uniform,write_only,20000000,256,14,299762.05,0.00,3.44,99922.02,256
inmemory,uniform,write_only,20000000,256,16,290525.47,0.00,4.39,96840.16,256
inmemory,uniform,write_only,20000000,256,18,319233.75,0.00,3.15,106415.08,256
inmemory,uniform,write_only,20000000,256,20,307564.81,0.00,3.70,102517.77,256
inmemory,uniform,write_only,20000000,256,22,318994.66,0.00,3.12,106330.22,256
inmemory,uniform,write_only,20000000,256,24,315112.47,0.00,3.23,105043.32,256
inmemory,uniform,write_only,20000000,256,26,313451.20,0.00,3.20,104478.23,256
inmemory,uniform,write_only,20000000,256,28,319341.26,0.00,3.14,106451.75,256
inmemory,uniform,write_only,20000000,256,30,308762.21,0.00,3.35,102919.90,256
inmemory,uniform,write_only,20000000,256,32,318688.30,0.00,3.13,106225.43,256
inmemory,uniform,write_only,20000000,256,34,314154.40,0.00,3.27,104722.13,256
inmemory,uniform,write_only,20000000,256,36,313039.10,0.00,3.20,104347.70,256
inmemory,uniform,write_only,20000000,256,38,318159.15,0.00,3.16,106051.72,256
inmemory,uniform,write_only,20000000,256,40,312572.05,0.00,3.20,104190.18,256
inmemory,uniform,write_only,20000000,256,42,314662.89,0.00,3.24,104886.46,256
inmemory,uniform,write_only,20000000,256,44,316770.80,0.00,3.15,105584.43,256
inmemory,uniform,write_only,20000000,256,46,313211.88,0.00,3.17,104408.79,256
inmemory,uniform,write_only,20000000,256,48,312995.85,0.00,3.47,104333.78,256
inmemory,uniform,write_only,20000000,256,50,311601.19,0.00,3.19,103864.90,256
inmemory,uniform,write_only,20000000,256,52,313124.58,0.00,3.30,104377.69,256
inmemory,uniform,write_only,20000000,256,54,313327.50,0.00,3.25,104441.33,256
inmemory,uniform,write_only,20000000,256,56,307908.30,0.00,3.30,102635.93,256
inmemory,uniform,write_only,20000000,256,58,317133.83,0.00,3.19,105710.61,256
inmemory,uniform,write_only,20000000,256,60,311830.52,0.00,3.20,103943.34,256
inmemory,uniform,write_only,20000000,128,2,313242.25,0.00,1.61,104393.92,128
inmemory,uniform,write_only,20000000,128,4,318966.67,0.00,1.65,106324.56,128
inmemory,uniform,write_only,20000000,128,6,306867.35,0.00,2.00,102286.45,128
inmemory,uniform,write_only,20000000,128,8,301296.55,0.00,1.98,100432.52,128
inmemory,uniform,write_only,20000000,128,10,308245.16,0.00,1.91,102747.22,128
inmemory,uniform,write_only,20000000,128,12,306018.47,0.00,1.88,102004.82,128
inmemory,uniform,write_only,20000000,128,14,282026.09,0.00,2.78,94007.03,128
inmemory,uniform,write_only,20000000,128,16,300471.09,0.00,2.10,100161.36,128
inmemory,uniform,write_only,20000000,128,18,315820.08,0.00,1.68,105274.69,128
inmemory,uniform,write_only,20000000,128,20,313484.80,0.00,1.76,104493.10,128
inmemory,uniform,write_only,20000000,128,22,322466.83,0.00,1.62,107488.44,128
inmemory,uniform,write_only,20000000,128,24,310448.89,0.00,1.70,103486.46,128
inmemory,uniform,write_only,20000000,128,26,323339.51,0.00,1.62,107779.84,128
inmemory,uniform,write_only,20000000,128,28,315988.07,0.00,1.62,105323.69,128
inmemory,uniform,write_only,20000000,128,30,323968.17,0.00,1.60,107991.72,128
inmemory,uniform,write_only,20000000,128,32,322668.51,0.00,1.60,107554.67,128
inmemory,uniform,write_only,20000000,128,34,312769.05,0.00,1.66,104259.02,128
inmemory,uniform,write_only,20000000,128,36,325760.90,0.00,1.59,108584.47,128
inmemory,uniform,write_only,20000000,128,38,304476.97,0.00,1.79,101495.66,128
inmemory,uniform,write_only,20000000,128,40,315078.58,0.00,1.72,105024.36,128
inmemory,uniform,write_only,20000000,128,42,312604.33,0.00,1.70,104202.44,128
inmemory,uniform,write_only,20000000,128,44,314004.33,0.00,1.70,104665.28,128
inmemory,uniform,write_only,20000000,128,46,325102.36,0.00,1.59,108367.95,128
inmemory,uniform,write_only,20000000,128,48,307712.85,0.00,1.72,102571.78,128
inmemory,uniform,write_only,20000000,128,50,323486.06,0.00,1.61,107830.52,128
inmemory,uniform,write_only,20000000,128,52,318575.35,0.00,1.64,106193.45,128
inmemory,uniform,write_only,20000000,128,54,318705.89,0.00,1.62,106234.80,128
inmemory,uniform,write_only,20000000,128,56,313332.49,0.00,1.64,104443.66,128
inmemory,uniform,write_only,20000000,128,58,314328.60,0.00,1.65,104773.03,128
inmemory,uniform,write_only,20000000,128,60,322440.45,0.00,1.61,107481.98,128
inmemory,uniform,write_only,20000000,48,2,296401.06,0.00,0.77,98792.02,48
inmemory,uniform,write_only,20000000,48,4,269434.49,0.00,0.87,89812.00,48
inmemory,uniform,write_only,20000000,48,6,253753.44,0.00,0.93,84585.98,48
inmemory,uniform,write_only,20000000,48,8,254653.50,0.00,0.91,84885.00,48
inmemory,uniform,write_only,20000000,48,10,261994.84,0.00,0.82,87329.61,48
inmemory,uniform,write_only,20000000,48,12,232467.19,0.00,0.97,77489.90,48
inmemory,uniform,write_only,20000000,48,14,246545.72,0.00,0.89,82179.57,48
inmemory,uniform,write_only,20000000,48,16,239056.15,0.00,0.89,79686.72,48
inmemory,uniform,write_only,20000000,48,18,247047.26,0.00,0.93,82349.25,48
inmemory,uniform,write_only,20000000,48,20,262242.54,0.00,0.88,87413.01,48
inmemory,uniform,write_only,20000000,48,22,258572.04,0.00,0.88,86190.01,48
inmemory,uniform,write_only,20000000,48,24,255556.09,0.00,0.88,85185.86,48
inmemory,uniform,write_only,20000000,48,26,264019.10,0.00,0.82,88008.37,48
inmemory,uniform,write_only,20000000,48,28,254805.85,0.00,0.91,84933.95,48
inmemory,uniform,write_only,20000000,48,30,265109.68,0.00,0.82,88372.06,48
inmemory,uniform,write_only,20000000,48,32,258949.78,0.00,0.88,86314.76,48
inmemory,uniform,write_only,20000000,48,34,255530.61,0.00,0.90,85178.20,48
inmemory,uniform,write_only,20000000,48,36,260509.64,0.00,0.85,86834.55,48
inmemory,uniform,write_only,20000000,48,38,261575.63,0.00,0.86,87193.38,48
inmemory,uniform,write_only,20000000,48,40,263576.51,0.00,0.84,87859.34,48
inmemory,uniform,write_only,20000000,48,42,258793.88,0.00,0.88,86262.46,48
inmemory,uniform,write_only,20000000,48,44,266919.80,0.00,0.82,88974.10,48
inmemory,uniform,write_only,20000000,48,46,258881.21,0.00,0.85,86293.74,48
inmemory,uniform,write_only,20000000,48,48,260516.50,0.00,0.89,86839.50,48
inmemory,uniform,write_only,20000000,48,50,264787.34,0.00,0.84,88262.95,48
inmemory,uniform,write_only,20000000,48,52,258158.83,0.00,0.90,86051.78,48
inmemory,uniform,write_only,20000000,48,54,268062.98,0.00,0.83,89355.16,48
inmemory,uniform,write_only,20000000,48,56,262108.17,0.00,0.86,87370.06,48
inmemory,uniform,write_only,20000000,48,58,260581.53,0.00,0.89,86858.51,48
inmemory,uniform,write_only,20000000,48,60,267479.72,0.00,0.84,89160.07,48
inmemory,pareto,write_only,20000000,256,2,259806.08,0.00,5.75,86559.60,256
inmemory,pareto,write_only,20000000,256,4,267803.40,0.00,5.49,89265.13,256
inmemory,pareto,write_only,20000000,256,6,235621.49,0.00,7.27,78550.00,256
inmemory,pareto,write_only,20000000,256,8,237682.21,0.00,6.97,79225.07,256
inmemory,pareto,write_only,20000000,256,10,239372.24,0.00,6.78,79781.25,256
inmemory,pareto,write_only,20000000,256,12,174264.14,0.00,8.80,58087.05,256
inmemory,pareto,write_only,20000000,256,14,226917.40,0.00,6.49,75650.30,256
inmemory,pareto,write_only,20000000,256,16,252755.29,0.00,6.18,84240.60,256
inmemory,pareto,write_only,20000000,256,18,257112.95,0.00,5.96,85709.48,256
inmemory,pareto,write_only,20000000,256,20,271502.64,0.00,5.06,90513.71,256
inmemory,pareto,write_only,20000000,256,22,263172.96,0.00,5.46,87716.99,256
inmemory,pareto,write_only,20000000,256,24,277317.48,0.00,4.66,92435.33,256
inmemory,pareto,write_only,20000000,256,26,269259.55,0.00,5.35,89757.52,256
inmemory,pareto,write_only,20000000,256,28,277145.23,0.00,4.43,92377.58,256
inmemory,pareto,write_only,20000000,256,30,279533.01,0.00,4.32,93179.00,256
inmemory,pareto,write_only,20000000,256,32,274693.22,0.00,4.15,91563.41,256
inmemory,pareto,write_only,20000000,256,34,273522.54,0.00,4.43,91193.01,256
inmemory,pareto,write_only,20000000,256,36,262496.55,0.00,5.66,87479.02,256
inmemory,pareto,write_only,20000000,256,38,268558.81,0.00,4.81,89518.94,256
inmemory,pareto,write_only,20000000,256,40,279852.61,0.00,4.11,93290.54,256
inmemory,pareto,write_only,20000000,256,42,272858.81,0.00,4.28,90947.27,256
inmemory,pareto,write_only,20000000,256,44,278886.03,0.00,3.99,92963.51,256
inmemory,pareto,write_only,20000000,256,46,274455.94,0.00,4.01,91485.98,256
inmemory,pareto,write_only,20000000,256,48,278870.82,0.00,4.06,92957.27,256
inmemory,pareto,write_only,20000000,256,50,277410.91,0.00,4.41,92471.14,256
inmemory,pareto,write_only,20000000,256,52,260677.95,0.00,5.72,86892.32,256
inmemory,pareto,write_only,20000000,256,54,282977.63,0.00,3.85,94323.04,256
inmemory,pareto,write_only,20000000,256,56,278454.20,0.00,3.81,92821.07,256
inmemory,pareto,write_only,20000000,256,58,276328.20,0.00,4.05,92106.40,256
inmemory,pareto,write_only,20000000,188,60,278395.69,0.00,4.18,92840.56,256
inmemory,pareto,write_only,20000000,128,2,269179.18,0.00,2.15,89704.90,128
inmemory,pareto,write_only,20000000,128,4,258848.36,0.00,2.60,86283.12,128
inmemory,pareto,write_only,20000000,128,6,249118.38,0.00,2.89,83038.96,128
inmemory,pareto,write_only,20000000,128,8,242390.68,0.00,2.82,80799.56,128
inmemory,pareto,write_only,20000000,128,10,248653.80,0.00,2.68,82884.43,128
inmemory,pareto,write_only,20000000,128,12,226540.41,0.00,2.96,75515.30,128
inmemory,pareto,write_only,20000000,128,14,256408.28,0.00,2.59,85469.09,128
inmemory,pareto,write_only,20000000,128,16,252388.66,0.00,2.76,84126.55,128
inmemory,pareto,write_only,20000000,128,18,247986.52,0.00,2.77,82660.51,128
inmemory,pareto,write_only,20000000,128,20,257892.84,0.00,2.61,85967.45,128
inmemory,pareto,write_only,20000000,128,22,258317.12,0.00,2.61,86103.21,128
inmemory,pareto,write_only,20000000,128,24,259746.53,0.00,2.53,86586.84,128
inmemory,pareto,write_only,20000000,128,26,252858.17,0.00,2.74,84283.89,128
inmemory,pareto,write_only,20000000,128,28,244727.74,0.00,2.87,81583.41,128
inmemory,pareto,write_only,20000000,128,30,268647.40,0.00,2.43,89538.47,128
inmemory,pareto,write_only,20000000,128,32,267814.26,0.00,2.34,89277.09,128
inmemory,pareto,write_only,20000000,128,34,273323.37,0.00,2.26,91105.46,128
inmemory,pareto,write_only,20000000,128,36,279139.59,0.00,2.10,93045.53,128
inmemory,pareto,write_only,20000000,128,38,267365.20,0.00,2.28,89117.90,128
inmemory,pareto,write_only,20000000,128,40,273035.07,0.00,2.31,91013.69,128
inmemory,pareto,write_only,20000000,128,42,269038.19,0.00,2.29,89680.56,128
inmemory,pareto,write_only,20000000,128,44,274461.40,0.00,2.21,91489.47,128
inmemory,pareto,write_only,20000000,128,46,271867.52,0.00,2.31,90621.34,128
inmemory,pareto,write_only,20000000,128,48,262547.23,0.00,2.44,87512.24,128
inmemory,pareto,write_only,20000000,128,50,271380.71,0.00,2.25,90461.40,128
inmemory,pareto,write_only,20000000,128,52,270680.59,0.00,2.32,90227.70,128
inmemory,pareto,write_only,20000000,128,54,267961.59,0.00,2.30,89319.53,128
inmemory,pareto,write_only,20000000,128,56,275743.39,0.00,2.22,91913.80,128
inmemory,pareto,write_only,20000000,128,58,270201.83,0.00,2.20,90070.61,128
inmemory,pareto,write_only,20000000,128,60,278969.31,0.00,2.18,92989.94,128
inmemory,pareto,write_only,20000000,48,2,248469.62,0.00,0.88,82815.21,48
inmemory,pareto,write_only,20000000,48,4,238162.98,0.00,0.89,79388.16,48
inmemory,pareto,write_only,20000000,48,6,235097.23,0.00,0.91,78365.74,48
inmemory,pareto,write_only,20000000,48,8,226606.95,0.00,0.95,75541.65,48
inmemory,pareto,write_only,20000000,48,10,230881.01,0.00,0.91,76954.34,48
inmemory,pareto,write_only,20000000,48,12,212318.40,0.00,0.92,70770.13,48
inmemory,pareto,write_only,20000000,48,14,237424.74,0.00,0.88,79142.75,48
inmemory,pareto,write_only,20000000,48,16,230743.72,0.00,0.92,76915.41,48
inmemory,pareto,write_only,20000000,48,18,225707.95,0.00,0.95,75235.48,48
inmemory,pareto,write_only,20000000,48,20,231570.49,0.00,0.90,77190.33,48
inmemory,pareto,write_only,20000000,48,22,229442.54,0.00,0.93,76482.01,48
inmemory,pareto,write_only,20000000,48,24,235514.06,0.00,0.89,78505.02,48
inmemory,pareto,write_only,20000000,48,26,234583.77,0.00,0.91,78199.76,48
inmemory,pareto,write_only,20000000,48,28,226163.70,0.00,0.95,75380.07,48
inmemory,pareto,write_only,20000000,48,30,241011.57,0.00,0.88,80338.69,48
inmemory,pareto,write_only,20000000,48,32,234307.72,0.00,0.93,78103.24,48
inmemory,pareto,write_only,20000000,48,34,240973.46,0.00,0.88,80323.82,48
inmemory,pareto,write_only,20000000,48,36,234778.42,0.00,0.90,78261.47,48
inmemory,pareto,write_only,20000000,48,38,238216.50,0.00,0.91,79404.50,48
inmemory,pareto,write_only,20000000,48,40,241991.92,0.00,0.87,80663.64,48
inmemory,pareto,write_only,20000000,48,42,233806.87,0.00,0.92,77934.62,48
inmemory,pareto,write_only,20000000,48,44,241374.61,0.00,0.87,80459.04,48
inmemory,pareto,write_only,20000000,48,46,239956.31,0.00,0.89,79986.94,48
inmemory,pareto,write_only,20000000,48,48,237982.13,0.00,0.89,79325.38,48
inmemory,pareto,write_only,20000000,48,50,244202.72,0.00,0.87,81401.91,48
inmemory,pareto,write_only,20000000,48,52,237036.96,0.00,0.92,79010.99,48
inmemory,pareto,write_only,20000000,48,54,246740.08,0.00,0.88,82246.03,48
inmemory,pareto,write_only,20000000,48,56,241274.44,0.00,0.90,80425.98,48
inmemory,pareto,write_only,20000000,48,58,241021.06,0.00,0.90,80340.69,48
inmemory,pareto,write_only,20000000,48,60,247675.52,0.00,0.87,82559.34,48
wt,uniform,oltp,20000000,256,2,21499.73,61349.81,64.79,7160.24,256
wt,uniform,oltp,20000000,256,4,22935.03,65139.08,61.97,7646.01,256
wt,uniform,oltp,20000000,256,6,23950.06,67735.94,59.96,7981.52,256
wt,uniform,oltp,20000000,256,8,24009.23,68090.15,59.24,8003.08,256
wt,uniform,oltp,20000000,256,10,24681.22,69860.45,57.65,8228.41,256
wt,uniform,oltp,20000000,256,12,24624.31,69861.95,58.14,8204.94,256
wt,uniform,oltp,20000000,256,14,24748.18,70251.02,58.21,8252.56,256
wt,uniform,oltp,20000000,256,16,25312.98,71870.95,56.22,8435.99,256
wt,uniform,oltp,20000000,256,18,24890.48,70683.45,57.86,8295.99,256
wt,uniform,oltp,20000000,256,20,25552.55,72371.64,56.64,8519.02,256
wt,uniform,oltp,20000000,256,22,25084.49,71076.96,58.12,8362.50,256
wt,uniform,oltp,20000000,256,24,25197.54,71504.12,57.77,8398.51,256
wt,uniform,oltp,20000000,256,26,25354.47,71917.00,56.64,8453.32,256
wt,uniform,oltp,20000000,256,28,24948.47,70738.84,57.88,8312.16,256
wt,uniform,oltp,20000000,256,30,25709.54,72827.11,55.44,8572.51,256
wt,uniform,oltp,20000000,256,32,25587.97,72235.91,56.39,8527.99,256
wt,uniform,oltp,20000000,256,34,25354.48,71685.94,56.64,8450.99,256
wt,uniform,oltp,20000000,256,36,25661.52,72610.05,55.06,8552.01,256
wt,uniform,oltp,20000000,256,38,25068.51,71032.52,57.14,8358.00,256
wt,uniform,oltp,20000000,256,40,25545.02,72357.06,56.14,8516.51,256
wt,uniform,oltp,20000000,256,42,25286.41,71819.25,56.76,8429.97,256
wt,uniform,oltp,20000000,256,44,25295.08,71788.22,56.98,8430.03,256
wt,uniform,oltp,20000000,256,46,25619.45,72613.37,55.82,8538.48,256
wt,uniform,oltp,20000000,256,48,24947.50,70783.01,57.74,8316.50,256
wt,uniform,oltp,20000000,256,50,25409.48,72017.96,56.31,8471.49,256
wt,uniform,oltp,20000000,256,52,25060.06,70972.17,57.96,8350.52,256
wt,uniform,oltp,20000000,256,54,25262.97,71403.40,56.71,8421.99,256
wt,uniform,oltp,20000000,256,56,25572.52,72270.06,55.79,8525.51,256
wt,uniform,oltp,20000000,256,58,18978.53,53683.59,75.25,6327.51,256
wt,uniform,oltp,20000000,256,60,19889.49,56491.96,69.45,6628.50,256
wt,uniform,oltp,20000000,128,2,23437.19,66639.70,32.04,7808.73,128
wt,uniform,oltp,20000000,128,4,25261.53,71544.59,27.22,8420.51,128
wt,uniform,oltp,20000000,128,6,25944.99,73500.47,30.25,8649.00,128
wt,uniform,oltp,20000000,128,8,26759.95,75834.37,25.28,8917.48,128
wt,uniform,oltp,20000000,128,10,27188.54,77166.12,24.54,9064.01,128
wt,uniform,oltp,20000000,128,12,27634.01,78381.52,24.15,9213.00,128
wt,uniform,oltp,20000000,128,14,27269.02,77028.05,24.70,9087.51,128
wt,uniform,oltp,20000000,128,16,27996.99,79423.97,23.65,9335.50,128
wt,uniform,oltp,20000000,128,18,27385.99,77558.48,24.36,9127.00,128
wt,uniform,oltp,20000000,128,20,27960.42,79135.29,24.17,9319.47,128
wt,uniform,oltp,20000000,128,22,28061.10,79415.27,23.84,9354.03,128
wt,uniform,oltp,20000000,128,24,27890.48,79094.45,24.49,9297.49,128
wt,uniform,oltp,20000000,128,26,28259.00,79824.49,24.02,9418.00,128
wt,uniform,oltp,20000000,128,28,27914.02,79048.05,24.34,9305.51,128
wt,uniform,oltp,20000000,128,30,28156.96,79815.89,23.95,9385.99,128
wt,uniform,oltp,20000000,128,32,28188.55,80019.14,23.77,9396.02,128
wt,uniform,oltp,20000000,128,34,27885.99,78689.48,24.15,9296.00,128
wt,uniform,oltp,20000000,128,36,28384.48,80487.45,23.50,9461.99,128
wt,uniform,oltp,20000000,128,38,27912.93,79171.79,24.11,9302.48,128
wt,uniform,oltp,20000000,128,40,28139.06,79468.17,24.08,9382.52,128
wt,uniform,oltp,20000000,128,42,28134.99,79504.97,23.82,9375.00,128
wt,uniform,oltp,20000000,128,44,27938.99,79179.48,24.06,9313.50,128
wt,uniform,oltp,20000000,128,46,28488.48,80827.93,23.57,9496.99,128
wt,uniform,oltp,20000000,128,48,28015.58,79116.72,24.06,9338.53,128
wt,uniform,oltp,20000000,128,50,28074.92,79458.28,23.88,9357.47,128
wt,uniform,oltp,20000000,128,52,24143.05,68472.63,30.04,8048.02,128
wt,uniform,oltp,20000000,128,54,20795.47,58967.40,30.80,6931.99,128
wt,uniform,oltp,20000000,128,56,22187.50,62940.50,28.42,7396.50,128
wt,uniform,oltp,20000000,128,58,20484.03,57938.57,31.26,6827.01,128
wt,uniform,oltp,20000000,128,60,25466.96,72206.89,28.63,8490.49,128
wt,uniform,oltp,20000000,48,2,25465.17,72173.15,7.29,8487.72,48
wt,uniform,oltp,20000000,48,4,28881.54,81999.11,6.56,9625.51,48
wt,uniform,oltp,20000000,48,6,29128.92,82339.77,6.45,9711.47,48
wt,uniform,oltp,20000000,48,8,29627.66,84057.04,6.41,9873.89,48
wt,uniform,oltp,20000000,48,10,30747.43,86939.71,6.13,10250.64,48
wt,uniform,oltp,20000000,48,12,30703.48,87048.45,6.20,10234.49,48
wt,uniform,oltp,20000000,48,14,31072.44,88059.83,6.06,10356.48,48
wt,uniform,oltp,20000000,48,16,31052.06,88205.16,6.07,10352.52,48
wt,uniform,oltp,20000000,48,18,30760.89,86959.19,6.18,10252.96,48
wt,uniform,oltp,20000000,48,20,31555.55,89552.63,5.98,10518.02,48
wt,uniform,oltp,20000000,48,22,31496.60,89210.78,6.00,10499.53,48
wt,uniform,oltp,20000000,48,24,31520.41,89112.24,6.01,10506.47,48
wt,uniform,oltp,20000000,48,26,31747.00,89991.99,5.97,10581.50,48
wt,uniform,oltp,20000000,48,28,31216.44,88497.90,6.09,10405.81,48
wt,uniform,oltp,20000000,48,30,31464.03,89364.50,5.98,10488.68,48
wt,uniform,oltp,20000000,48,32,31275.94,88715.33,6.07,10424.98,48
wt,uniform,oltp,20000000,48,34,31314.10,89000.27,6.03,10437.03,48
wt,uniform,oltp,20000000,48,36,31519.50,89348.00,5.98,10508.00,48
wt,uniform,oltp,20000000,48,38,30997.12,88043.33,6.15,10331.54,48
wt,uniform,oltp,20000000,48,40,31545.48,89169.94,5.98,10515.49,48
wt,uniform,oltp,20000000,48,42,31408.92,88841.79,6.03,10470.47,48
wt,uniform,oltp,20000000,48,44,31195.47,88565.91,6.06,10396.99,48
wt,uniform,oltp,20000000,48,46,28039.06,79281.17,8.30,9347.02,48
wt,uniform,oltp,20000000,48,48,20471.53,58054.59,9.74,6824.01,48
wt,uniform,oltp,20000000,48,50,23456.33,66568.03,8.33,7818.44,48
wt,uniform,oltp,20000000,48,52,22399.57,63427.71,8.73,7467.02,48
wt,uniform,oltp,20000000,48,54,25894.03,73413.08,8.26,8631.01,48
wt,uniform,oltp,20000000,48,56,30764.85,87118.08,6.14,10255.45,48
wt,uniform,oltp,20000000,48,58,30774.20,87014.07,6.17,10257.57,48
wt,uniform,oltp,20000000,48,60,30993.04,87662.71,6.11,10331.35,48
wt,pareto,oltp,20000000,256,2,18709.81,81930.46,67.06,6229.77,256
wt,pareto,oltp,20000000,256,4,18778.01,81307.56,69.33,6258.50,256
wt,pareto,oltp,20000000,256,6,18609.03,80544.13,71.16,6203.01,256
wt,pareto,oltp,20000000,256,8,19413.02,84048.57,66.90,6470.01,256
wt,pareto,oltp,20000000,256,10,19170.47,83097.37,68.09,6393.49,256
wt,pareto,oltp,20000000,256,12,19531.04,84631.17,66.16,6507.51,256
wt,pareto,oltp,20000000,256,14,19258.98,83353.39,68.24,6421.49,256
wt,pareto,oltp,20000000,256,16,19381.83,83902.78,67.36,6460.44,256
wt,pareto,oltp,20000000,256,18,19505.67,84450.24,66.20,6502.06,256
wt,pareto,oltp,20000000,256,20,19164.98,83018.41,68.36,6386.99,256
wt,pareto,oltp,20000000,256,22,19556.99,84747.97,65.97,6518.50,256
wt,pareto,oltp,20000000,256,24,19344.50,83714.00,67.24,6451.50,256
wt,pareto,oltp,20000000,256,26,19465.52,84349.09,67.02,6487.51,256
wt,pareto,oltp,20000000,256,28,19575.51,84658.06,66.38,6524.50,256
wt,pareto,oltp,20000000,256,30,19174.02,83168.60,67.83,6392.51,256
wt,pareto,oltp,20000000,256,32,14478.50,62614.49,87.79,4822.00,256
wt,pareto,oltp,20000000,256,34,14316.99,62003.97,88.75,4777.00,256
wt,pareto,oltp,20000000,256,36,18022.46,78027.81,76.43,6005.49,256
wt,pareto,oltp,20000000,256,38,19560.53,84721.12,66.30,6522.01,256
wt,pareto,oltp,20000000,256,40,19334.49,83691.96,67.56,6444.50,256
wt,pareto,oltp,20000000,256,42,19639.49,85102.95,65.97,6545.00,256
wt,pareto,oltp,20000000,256,44,19315.52,83699.59,67.73,6437.01,256
wt,pareto,oltp,20000000,256,46,16943.01,73400.54,83.26,5650.00,256
wt,pareto,oltp,20000000,256,48,19439.97,84260.39,67.08,6479.49,256
wt,pareto,oltp,20000000,256,50,19319.98,83593.90,67.79,6438.99,256
wt,pareto,oltp,20000000,256,52,19646.01,85058.53,66.01,6551.50,256
wt,pareto,oltp,20000000,256,54,19390.51,84009.06,67.32,6462.00,256
wt,pareto,oltp,20000000,256,56,19753.50,85586.99,66.28,6583.00,256
wt,pareto,oltp,20000000,256,58,19651.45,85057.79,66.20,6551.98,256
wt,pareto,oltp,20000000,256,60,19384.03,83812.62,67.60,6461.51,256
wt,pareto,oltp,20000000,128,2,19447.33,84685.07,30.22,6479.28,128
wt,pareto,oltp,20000000,128,4,20498.07,88827.80,27.93,6832.52,128
wt,pareto,oltp,20000000,128,6,20164.99,87439.47,28.83,6723.00,128
wt,pareto,oltp,20000000,128,8,20913.95,90420.79,26.89,6969.98,128
wt,pareto,oltp,20000000,128,10,20655.55,89577.20,27.78,6886.52,128
wt,pareto,oltp,20000000,128,12,20662.49,89459.47,28.34,6886.00,128
wt,pareto,oltp,20000000,128,14,20835.97,90323.36,27.29,6945.49,128
wt,pareto,oltp,20000000,128,16,20363.03,88249.14,28.51,6788.01,128
wt,pareto,oltp,20000000,128,18,20889.48,90406.93,27.35,6962.99,128
wt,pareto,oltp,20000000,128,20,20709.01,89819.05,27.79,6901.50,128
wt,pareto,oltp,20000000,128,22,20699.50,89703.00,28.01,6902.00,128
wt,pareto,oltp,20000000,128,24,20949.43,90652.18,27.03,6981.98,128
wt,pareto,oltp,20000000,128,26,20589.59,89187.87,28.32,6862.53,128
wt,pareto,oltp,20000000,128,28,20729.44,89764.74,27.76,6910.48,128
wt,pareto,oltp,20000000,128,30,15141.03,65585.14,37.13,5047.51,128
wt,pareto,oltp,20000000,128,32,15003.98,64998.89,37.49,5002.99,128
wt,pareto,oltp,20000000,128,34,20337.54,87982.17,27.90,6777.01,128
wt,pareto,oltp,20000000,128,36,20672.45,89403.80,28.42,6888.48,128
wt,pareto,oltp,20000000,128,38,20951.03,90801.61,26.99,6985.51,128
wt,pareto,oltp,20000000,128,40,20915.48,90612.41,27.59,6972.99,128
wt,pareto,oltp,20000000,128,42,20788.53,90067.13,27.60,6928.01,128
wt,pareto,oltp,20000000,128,44,21056.47,91214.87,26.96,7020.49,128
wt,pareto,oltp,20000000,128,46,20646.04,89431.67,28.33,6882.01,128
wt,pareto,oltp,20000000,128,48,21068.96,91298.32,26.85,7022.49,128
wt,pareto,oltp,20000000,128,50,20907.03,90530.12,27.87,6969.51,128
wt,pareto,oltp,20000000,128,52,20903.16,90433.02,27.48,6967.89,128
wt,pareto,oltp,20000000,128,54,20954.80,90680.65,26.80,6984.93,128
wt,pareto,oltp,20000000,128,56,20660.06,89484.43,28.23,6886.69,128
wt,pareto,oltp,20000000,128,58,21090.49,91294.96,26.84,7031.00,128
wt,pareto,oltp,20000000,128,60,20745.71,89715.93,27.57,6914.07,128
wt,pareto,oltp,20000000,48,2,20911.07,90836.65,8.96,6969.36,48
wt,pareto,oltp,20000000,48,4,22895.27,99154.02,7.58,7631.42,48
wt,pareto,oltp,20000000,48,6,21330.98,92393.92,7.90,7111.49,48
wt,pareto,oltp,20000000,48,8,22923.00,99336.50,7.58,7640.00,48
wt,pareto,oltp,20000000,48,10,22878.43,99151.70,7.62,7625.98,48
wt,pareto,oltp,20000000,48,12,22691.56,98253.28,7.66,7563.52,48
wt,pareto,oltp,20000000,48,14,23211.96,100404.84,7.51,7737.99,48
wt,pareto,oltp,20000000,48,16,22522.05,97573.73,7.78,7507.52,48
wt,pareto,oltp,20000000,48,18,23103.92,99984.15,7.53,7700.97,48
wt,pareto,oltp,20000000,48,20,22920.05,99176.72,7.60,7640.52,48
wt,pareto,oltp,20000000,48,22,22563.73,97769.83,7.76,7520.91,48
wt,pareto,oltp,20000000,48,24,22779.80,98565.81,7.64,7594.10,48
wt,pareto,oltp,20000000,48,26,20301.93,87972.70,10.05,6767.48,48
wt,pareto,oltp,20000000,48,28,16198.50,70100.99,11.09,5398.00,48
wt,pareto,oltp,20000000,48,30,16973.05,73465.23,10.70,5658.52,48
wt,pareto,oltp,20000000,48,32,22628.48,98003.89,7.73,7542.49,48
wt,pareto,oltp,20000000,48,34,22888.49,99142.48,7.61,7629.50,48
wt,pareto,oltp,20000000,48,36,22656.97,98141.37,7.71,7552.49,48
wt,pareto,oltp,20000000,48,38,22921.50,99279.51,7.59,7641.00,48
wt,pareto,oltp,20000000,48,40,17308.04,75034.66,11.63,5768.01,48
wt,pareto,oltp,20000000,48,42,22504.49,97437.44,7.80,7503.00,48
wt,pareto,oltp,20000000,48,44,22683.47,98196.86,7.71,7560.49,48
wt,pareto,oltp,20000000,48,46,22369.49,96848.44,7.84,7455.50,48
wt,pareto,oltp,20000000,48,48,22841.00,98960.99,7.63,7615.00,48
wt,pareto,oltp,20000000,48,50,22820.55,98853.72,7.66,7605.52,48
wt,pareto,oltp,20000000,48,52,22623.49,97979.48,7.75,7542.00,48
wt,pareto,oltp,20000000,48,54,22894.53,99139.64,7.60,7631.51,48
wt,pareto,oltp,20000000,48,56,22615.64,97976.96,7.77,7538.38,48
wt,pareto,oltp,20000000,48,58,22861.85,98900.50,7.63,7621.12,48
wt,pareto,oltp,20000000,48,60,22531.46,97637.34,7.77,7510.99,48
wt,uniform,write_only,20000000,256,2,168550.06,0.00,11.16,56144.74,256
wt,uniform,write_only,20000000,256,4,227361.41,0.00,9.17,75792.80,256
wt,uniform,write_only,20000000,256,6,244070.78,0.00,9.29,81355.43,256
wt,uniform,write_only,20000000,256,8,279838.45,0.00,8.51,93269.48,256
wt,uniform,write_only,20000000,256,10,286418.81,0.00,8.40,95476.60,256
wt,uniform,write_only,20000000,256,12,296816.11,0.00,7.82,98936.54,256
wt,uniform,write_only,20000000,256,14,298927.56,0.00,7.40,99642.02,256
wt,uniform,write_only,20000000,256,16,277515.36,0.00,7.82,92505.45,256
wt,uniform,write_only,20000000,256,18,276525.33,0.00,10.13,92177.44,256
wt,uniform,write_only,20000000,256,20,297329.52,0.00,7.25,99108.84,256
wt,uniform,write_only,20000000,256,22,304300.69,0.00,7.06,101429.23,256
wt,uniform,write_only,20000000,256,24,303915.32,0.00,7.08,101310.61,256
wt,uniform,write_only,20000000,256,26,299794.85,0.00,7.17,99929.12,256
wt,uniform,write_only,20000000,256,28,305526.78,0.00,7.13,101841.93,256
wt,uniform,write_only,20000000,256,30,298794.13,0.00,7.29,99598.54,256
wt,uniform,write_only,20000000,256,32,303143.38,0.00,7.15,101046.79,256
wt,uniform,write_only,20000000,256,34,303533.81,0.00,6.99,101179.94,256
wt,uniform,write_only,20000000,256,36,294562.14,0.00,7.43,98187.05,256
wt,uniform,write_only,20000000,256,38,305253.44,0.00,7.07,101751.81,256
wt,uniform,write_only,20000000,256,40,295932.07,0.00,7.35,98637.19,256
wt,uniform,write_only,20000000,256,42,302082.97,0.00,7.35,100697.99,256
wt,uniform,write_only,20000000,256,44,301938.77,0.00,7.12,100647.76,256
wt,uniform,write_only,20000000,256,46,296261.15,0.00,7.34,98752.72,256
wt,uniform,write_only,20000000,256,48,302791.87,0.00,7.11,100926.96,256
wt,uniform,write_only,20000000,256,50,294536.26,0.00,7.51,98184.09,256
wt,uniform,write_only,20000000,256,52,299486.48,0.00,7.21,99828.49,256
wt,uniform,write_only,20000000,256,54,294979.61,0.00,7.37,98326.54,256
wt,uniform,write_only,20000000,256,56,295515.95,0.00,7.30,98503.65,256
wt,uniform,write_only,20000000,256,58,302215.39,0.00,7.18,100739.46,256
wt,uniform,write_only,20000000,253,60,294343.71,0.00,7.44,98154.90,256
wt,uniform,write_only,20000000,128,2,182748.74,0.00,5.87,60896.91,128
wt,uniform,write_only,20000000,128,4,239567.78,0.00,4.08,79855.59,128
wt,uniform,write_only,20000000,128,6,276855.83,0.00,3.33,92283.94,128
wt,uniform,write_only,20000000,128,8,286502.12,0.00,3.65,95500.04,128
wt,uniform,write_only,20000000,128,10,296061.36,0.00,3.68,98686.45,128
wt,uniform,write_only,20000000,128,12,303645.10,0.00,3.67,101214.37,128
wt,uniform,write_only,20000000,128,14,298291.88,0.00,3.86,99429.13,128
wt,uniform,write_only,20000000,128,16,269856.46,0.00,5.00,89953.99,128
wt,uniform,write_only,20000000,128,18,282784.69,0.00,3.92,94260.90,128
wt,uniform,write_only,20000000,128,20,306678.93,0.00,3.27,102228.31,128
wt,uniform,write_only,20000000,128,22,308335.56,0.00,3.56,102779.52,128
wt,uniform,write_only,20000000,128,24,306471.31,0.00,3.75,102156.60,128
wt,uniform,write_only,20000000,128,26,311993.00,0.00,3.68,103994.00,128
wt,uniform,write_only,20000000,128,28,307130.70,0.00,3.71,102379.73,128
wt,uniform,write_only,20000000,128,30,307181.52,0.00,3.79,102393.67,128
wt,uniform,write_only,20000000,128,32,307429.30,0.00,3.72,102474.10,128
wt,uniform,write_only,20000000,128,34,302906.95,0.00,3.87,100972.98,128
wt,uniform,write_only,20000000,128,36,304635.30,0.00,3.82,101541.27,128
wt,uniform,write_only,20000000,128,38,303404.89,0.00,3.77,101139.63,128
wt,uniform,write_only,20000000,128,40,304600.26,0.00,3.88,101531.09,128
wt,uniform,write_only,20000000,128,42,303487.25,0.00,3.83,101162.75,128
wt,uniform,write_only,20000000,128,44,303193.52,0.00,3.90,101066.17,128
wt,uniform,write_only,20000000,128,46,297128.82,0.00,3.95,99041.11,128
wt,uniform,write_only,20000000,128,48,304873.73,0.00,3.71,101624.08,128
wt,uniform,write_only,20000000,128,50,300454.73,0.00,3.82,100149.41,128
wt,uniform,write_only,20000000,128,52,307196.77,0.00,3.75,102400.26,128
wt,uniform,write_only,20000000,128,54,301356.69,0.00,3.87,100454.23,128
wt,uniform,write_only,20000000,128,56,296946.04,0.00,3.90,98980.51,128
wt,uniform,write_only,20000000,128,58,303355.36,0.00,3.76,101115.45,128
wt,uniform,write_only,20000000,128,60,299816.32,0.00,3.74,99942.11,128
wt,uniform,write_only,20000000,48,2,200814.42,0.00,1.21,66930.31,48
wt,uniform,write_only,20000000,48,4,239767.15,0.00,0.97,79921.55,48
wt,uniform,write_only,20000000,48,6,247675.61,0.00,0.90,82560.37,48
wt,uniform,write_only,20000000,48,8,246149.85,0.00,0.93,82049.12,48
wt,uniform,write_only,20000000,48,10,262350.46,0.00,0.85,87449.82,48
wt,uniform,write_only,20000000,48,12,256799.73,0.00,0.88,85598.58,48
wt,uniform,write_only,20000000,48,14,253818.37,0.00,0.88,84608.96,48
wt,uniform,write_only,20000000,48,16,256020.25,0.00,0.84,85337.92,48
wt,uniform,write_only,20000000,48,18,218672.75,0.00,0.99,72891.25,48
wt,uniform,write_only,20000000,48,20,258974.93,0.00,0.86,86325.31,48
wt,uniform,write_only,20000000,48,22,262826.39,0.00,0.84,87607.96,48
wt,uniform,write_only,20000000,48,24,254654.63,0.00,0.88,84885.71,48
wt,uniform,write_only,20000000,48,26,268560.38,0.00,0.81,89520.79,48
wt,uniform,write_only,20000000,48,28,261325.04,0.00,0.86,87109.18,48
wt,uniform,write_only,20000000,48,30,233840.38,0.00,0.84,77945.46,48
wt,uniform,write_only,20000000,48,32,267852.01,0.00,0.82,89283.00,48
wt,uniform,write_only,20000000,48,34,266515.58,0.00,0.83,88840.86,48
wt,uniform,write_only,20000000,48,36,262594.02,0.00,0.85,87528.34,48
wt,uniform,write_only,20000000,48,38,258136.68,0.00,0.88,86046.89,48
wt,uniform,write_only,20000000,48,40,265463.45,0.00,0.86,88486.98,48
wt,uniform,write_only,20000000,48,42,258596.57,0.00,0.87,86200.02,48
wt,uniform,write_only,20000000,48,44,262373.80,0.00,0.87,87458.77,48
wt,uniform,write_only,20000000,48,46,259638.31,0.00,0.87,86543.77,48
wt,uniform,write_only,20000000,48,48,256497.71,0.00,0.89,85500.07,48
wt,uniform,write_only,20000000,48,50,267712.11,0.00,0.86,89238.70,48
wt,uniform,write_only,20000000,48,52,260257.14,0.00,0.88,86749.71,48
wt,uniform,write_only,20000000,48,54,263517.76,0.00,0.86,87840.42,48
wt,uniform,write_only,20000000,48,56,270948.17,0.00,0.83,90317.22,48
wt,uniform,write_only,20000000,48,58,250699.58,0.00,0.90,83565.86,48
wt,uniform,write_only,20000000,48,60,267290.69,0.00,0.83,89097.56,48
wt,pareto,write_only,20000000,256,2,192679.39,0.00,10.99,64187.51,256
wt,pareto,write_only,20000000,256,4,226143.66,0.00,8.91,75384.55,256
wt,pareto,write_only,20000000,256,6,206601.18,0.00,8.95,68859.73,256
wt,pareto,write_only,20000000,256,8,226891.42,0.00,6.81,75639.64,256
wt,pareto,write_only,20000000,256,10,235800.09,0.00,6.75,78595.20,256
wt,pareto,write_only,20000000,256,12,231566.96,0.00,7.32,77192.99,256
wt,pareto,write_only,20000000,256,14,236171.46,0.00,7.12,78724.49,256
wt,pareto,write_only,20000000,256,16,231450.67,0.00,7.32,77135.56,256
wt,pareto,write_only,20000000,256,18,232006.97,0.00,7.10,77346.32,256
wt,pareto,write_only,20000000,256,20,234499.14,0.00,7.11,78143.21,256
wt,pareto,write_only,20000000,256,22,234407.79,0.00,7.25,78160.43,256
wt,pareto,write_only,20000000,256,24,238572.44,0.00,6.90,79528.15,256
wt,pareto,write_only,20000000,256,26,233272.82,0.00,7.33,77748.61,256
wt,pareto,write_only,20000000,256,28,230572.67,0.00,7.11,76859.22,256
wt,pareto,write_only,20000000,256,30,243132.45,0.00,6.77,81043.48,256
wt,pareto,write_only,20000000,256,32,236645.46,0.00,6.89,78892.49,256
wt,pareto,write_only,20000000,256,34,234587.10,0.00,7.21,78186.53,256
wt,pareto,write_only,20000000,256,36,242571.98,0.00,6.66,80861.99,256
wt,pareto,write_only,20000000,256,38,233295.85,0.00,7.09,77767.45,256
wt,pareto,write_only,20000000,256,40,229966.80,0.00,8.03,76660.60,256
wt,pareto,write_only,20000000,256,42,229711.84,0.00,7.46,76560.95,256
wt,pareto,write_only,20000000,256,44,232004.86,0.00,7.46,77332.45,256
wt,pareto,write_only,20000000,256,46,236363.50,0.00,7.09,78784.33,256
wt,pareto,write_only,20000000,256,48,232174.62,0.00,7.85,77401.21,256
wt,pareto,write_only,20000000,256,50,232292.49,0.00,7.37,77424.16,256
wt,pareto,write_only,20000000,256,52,230567.48,0.00,7.50,76856.66,256
wt,pareto,write_only,20000000,256,54,223243.80,0.00,7.89,74416.10,256
wt,pareto,write_only,20000000,256,56,234298.15,0.00,7.37,78098.55,256
wt,pareto,write_only,20000000,256,58,228920.68,0.00,7.81,76300.73,256
wt,pareto,write_only,20000000,61,60,231871.96,0.00,7.58,77335.32,256
wt,pareto,write_only,20000000,128,2,208109.65,0.00,4.38,69348.38,128
wt,pareto,write_only,20000000,128,4,227466.17,0.00,3.24,75820.39,128
wt,pareto,write_only,20000000,128,6,247580.33,0.00,2.85,82527.44,128
wt,pareto,write_only,20000000,128,8,237989.09,0.00,3.01,79334.53,128
wt,pareto,write_only,20000000,128,10,255553.70,0.00,2.72,85183.07,128
wt,pareto,write_only,20000000,128,12,248790.98,0.00,2.77,82919.66,128
wt,pareto,write_only,20000000,128,14,246366.10,0.00,2.79,82130.70,128
wt,pareto,write_only,20000000,128,16,248142.43,0.00,2.74,82718.14,128
wt,pareto,write_only,20000000,128,18,244043.18,0.00,2.95,81326.56,128
wt,pareto,write_only,20000000,128,20,245992.28,0.00,2.78,82015.93,128
wt,pareto,write_only,20000000,128,22,253879.19,0.00,2.73,84624.73,128
wt,pareto,write_only,20000000,128,24,240216.59,0.00,3.11,80072.03,128
wt,pareto,write_only,20000000,128,26,248582.13,0.00,2.73,82861.54,128
wt,pareto,write_only,20000000,128,28,236663.44,0.00,2.88,78885.15,128
wt,pareto,write_only,20000000,128,30,246590.98,0.00,2.76,82199.33,128
wt,pareto,write_only,20000000,128,32,248530.70,0.00,2.80,82842.40,128
wt,pareto,write_only,20000000,128,34,244332.93,0.00,2.83,81446.14,128
wt,pareto,write_only,20000000,128,36,243946.84,0.00,2.82,81314.95,128
wt,pareto,write_only,20000000,128,38,237117.08,0.00,3.15,79038.69,128
wt,pareto,write_only,20000000,128,40,239151.98,0.00,2.88,79718.16,128
wt,pareto,write_only,20000000,128,42,238046.02,0.00,2.87,79347.34,128
wt,pareto,write_only,20000000,128,44,242898.62,0.00,2.90,80968.04,128
wt,pareto,write_only,20000000,128,46,230616.35,0.00,2.90,76868.78,128
wt,pareto,write_only,20000000,128,48,241021.40,0.00,2.96,80344.63,128
wt,pareto,write_only,20000000,128,50,245628.38,0.00,2.82,81876.29,128
wt,pareto,write_only,20000000,128,52,242694.56,0.00,2.99,80897.69,128
wt,pareto,write_only,20000000,128,54,243406.95,0.00,2.86,81136.48,128
wt,pareto,write_only,20000000,128,56,243821.70,0.00,2.88,81268.40,128
wt,pareto,write_only,20000000,128,58,239279.11,0.00,3.01,79764.20,128
wt,pareto,write_only,20000000,128,60,252398.81,0.00,2.73,84131.44,128
wt,pareto,write_only,20000000,48,2,214879.73,0.00,1.05,71619.08,48
wt,pareto,write_only,20000000,48,4,221217.28,0.00,1.00,73738.59,48
wt,pareto,write_only,20000000,48,6,229342.33,0.00,0.95,76446.28,48
wt,pareto,write_only,20000000,48,8,230541.87,0.00,0.94,76849.62,48
wt,pareto,write_only,20000000,48,10,227491.17,0.00,0.94,75828.39,48
wt,pareto,write_only,20000000,48,12,231882.52,0.00,0.91,77295.51,48
wt,pareto,write_only,20000000,48,14,219124.03,0.00,0.95,73041.01,48
wt,pareto,write_only,20000000,48,16,229830.87,0.00,0.91,76610.46,48
wt,pareto,write_only,20000000,48,18,225998.72,0.00,0.93,75331.07,48
wt,pareto,write_only,20000000,48,20,225224.49,0.00,0.94,75075.66,48
wt,pareto,write_only,20000000,48,22,233247.20,0.00,0.90,77748.57,48
wt,pareto,write_only,20000000,48,24,229143.04,0.00,0.94,76383.18,48
wt,pareto,write_only,20000000,48,26,231192.57,0.00,0.92,77063.02,48
wt,pareto,write_only,20000000,48,28,228137.59,0.00,0.91,76043.03,48
wt,pareto,write_only,20000000,48,30,231603.58,0.00,0.93,77203.19,48
wt,pareto,write_only,20000000,48,32,235516.68,0.00,0.90,78505.73,48
wt,pareto,write_only,20000000,48,34,230708.28,0.00,0.93,76902.93,48
wt,pareto,write_only,20000000,48,36,232117.39,0.00,0.91,77371.30,48
wt,pareto,write_only,20000000,48,38,228778.78,0.00,0.94,76260.76,48
wt,pareto,write_only,20000000,48,40,224017.81,0.00,0.97,74672.77,48
wt,pareto,write_only,20000000,48,42,228888.91,0.00,0.93,76294.80,48
wt,pareto,write_only,20000000,48,44,225467.97,0.00,0.97,75159.49,48
wt,pareto,write_only,20000000,48,46,225154.84,0.00,0.94,75049.78,48
wt,pareto,write_only,20000000,48,48,231782.47,0.00,0.94,77261.99,48
wt,pareto,write_only,20000000,48,50,227628.04,0.00,0.98,75876.35,48
wt,pareto,write_only,20000000,48,52,234032.59,0.00,0.93,78011.70,48
wt,pareto,write_only,20000000,48,54,225469.67,0.00,0.97,75153.39,48
wt,pareto,write_only,20000000,48,56,230547.14,0.00,0.95,76851.05,48
wt,pareto,write_only,20000000,48,58,231090.01,0.00,0.94,77029.00,48
wt,pareto,write_only,20000000,48,60,210321.81,0.00,0.96,70105.94,48
