version,memory,engine,distribution,workload,size,threads,ts,writes,reads,response_time,tps,user_provided_threads
upstream-3.2,20,wt,uniform,oltp,2000000,128,10,20286.63,27773.67,32.85,6761.54,128
upstream-3.2,20,wt,uniform,oltp,2000000,128,20,23960.51,32780.71,30.93,7986.80,128
upstream-3.2,20,wt,uniform,oltp,2000000,128,30,22732.40,31145.90,32.64,7577.80,128
upstream-3.2,20,wt,uniform,oltp,2000000,128,40,23688.96,32509.84,31.30,7895.79,128
upstream-3.2,20,wt,uniform,oltp,2000000,128,50,23690.43,32475.54,31.02,7897.11,128
upstream-3.2,20,wt,uniform,oltp,2000000,128,60,23955.71,32790.11,30.71,7985.40,128
upstream-3.2,20,wt,uniform,oltp,2000000,128,70,21790.50,29789.20,33.08,7263.20,128
upstream-3.2,20,wt,uniform,oltp,2000000,128,80,22574.89,30875.79,31.85,7524.50,128
upstream-3.2,20,wt,uniform,oltp,2000000,128,90,23849.70,32634.40,30.67,7950.20,128
upstream-3.2,20,wt,uniform,oltp,2000000,128,100,23717.20,32492.70,31.13,7905.90,128
upstream-3.2,20,wt,uniform,oltp,2000000,128,110,23865.70,32668.50,30.61,7955.40,128
upstream-3.2,20,wt,uniform,oltp,2000000,128,120,23929.20,32763.10,30.60,7976.50,128
upstream-3.2,20,wt,uniform,oltp,2000000,128,130,21654.49,29614.19,33.77,7217.90,128
upstream-3.2,20,wt,uniform,oltp,2000000,128,140,20914.01,28604.41,34.05,6971.50,128
upstream-3.2,20,wt,uniform,oltp,2000000,128,150,21659.10,29657.11,33.86,7213.10,128
upstream-3.2,20,wt,uniform,oltp,2000000,128,160,22057.89,30203.29,31.47,7359.00,128
upstream-3.2,20,wt,uniform,oltp,2000000,128,170,20642.50,28283.00,32.11,6880.90,128
upstream-3.2,20,wt,uniform,oltp,2000000,128,180,20135.28,27542.67,39.02,6711.69,128
upstream-3.2,20,wt,uniform,oltp,2000000,128,190,21431.21,29330.67,33.26,7142.57,128
upstream-3.2,20,wt,uniform,oltp,2000000,128,200,20964.12,28636.37,33.10,6989.44,128
upstream-3.2,20,wt,uniform,oltp,2000000,128,210,18292.49,25040.89,33.50,6097.50,128
upstream-3.2,20,wt,uniform,oltp,2000000,128,220,23158.31,31698.41,31.90,7719.20,128
upstream-3.2,20,wt,uniform,oltp,2000000,128,230,23590.40,32291.30,31.16,7863.50,128
upstream-3.2,20,wt,uniform,oltp,2000000,128,240,23612.90,32355.70,30.92,7871.10,128
upstream-3.2,20,wt,uniform,oltp,2000000,128,250,22688.01,31081.11,32.63,7562.30,128
upstream-3.2,20,wt,uniform,oltp,2000000,128,260,18836.00,25811.20,34.39,6279.10,128
upstream-3.2,20,wt,uniform,oltp,2000000,128,270,17895.40,24503.60,34.88,5964.60,128
upstream-3.2,20,wt,uniform,oltp,2000000,128,280,19461.40,26665.00,33.95,6487.50,128
upstream-3.2,20,wt,uniform,oltp,2000000,128,290,22274.09,30463.38,33.06,7424.30,128
upstream-3.2,20,wt,uniform,oltp,2000000,128,300,21184.11,28985.91,34.17,7062.00,128
upstream-3.2,20,wt,uniform,oltp,2000000,128,310,14308.30,19563.00,35.32,4769.20,128
upstream-3.2,20,wt,uniform,oltp,2000000,128,320,16037.21,21931.21,33.31,5339.50,128
upstream-3.2,20,wt,uniform,oltp,2000000,128,330,18212.48,24897.73,33.08,6075.86,128
upstream-3.2,20,wt,uniform,oltp,2000000,128,340,15391.50,21054.44,35.68,5124.93,128
upstream-3.2,20,wt,uniform,oltp,2000000,128,350,15316.20,20952.90,35.58,5112.10,128
upstream-3.2,20,wt,uniform,oltp,2000000,128,360,17544.31,24024.51,34.83,5841.50,128
upstream-3.2,20,wt,uniform,oltp,2000000,128,370,18301.30,25051.70,33.86,6100.20,128
upstream-3.2,20,wt,uniform,oltp,2000000,128,380,22103.09,30280.78,32.28,7374.60,128
upstream-3.2,20,wt,uniform,oltp,2000000,128,390,16284.50,22274.00,36.56,5421.50,128
upstream-3.2,20,wt,uniform,oltp,2000000,128,400,19001.60,25940.50,33.42,6340.70,128
upstream-3.2,20,wt,uniform,oltp,2000000,128,410,20705.00,28370.10,32.66,6895.00,128
upstream-3.2,20,wt,uniform,oltp,2000000,128,420,17448.06,23841.21,35.53,5822.75,128
upstream-3.2,20,wt,uniform,oltp,2000000,128,430,15834.22,21664.07,35.88,5277.74,128
upstream-3.2,20,wt,uniform,oltp,2000000,128,440,17710.00,24213.89,36.95,5903.40,128
upstream-3.2,20,wt,uniform,oltp,2000000,128,450,18601.90,25446.20,32.29,6193.80,128
upstream-3.2,20,wt,uniform,oltp,2000000,128,460,19690.70,26924.40,34.18,6570.20,128
upstream-3.2,20,wt,uniform,oltp,2000000,128,470,21297.60,29177.80,33.20,7099.50,128
upstream-3.2,20,wt,uniform,oltp,2000000,128,480,14866.00,20354.99,35.64,4955.10,128
upstream-3.2,20,wt,uniform,oltp,2000000,128,490,14175.70,19384.40,34.68,4722.30,128
upstream-3.2,20,wt,uniform,oltp,2000000,128,500,6218.90,8504.50,503.83,2076.20,128
upstream-3.2,20,wt,uniform,oltp,2000000,128,510,6857.49,9352.68,115.04,2285.70,128
upstream-3.2,20,wt,uniform,oltp,2000000,128,520,5774.81,7924.42,384.15,1922.50,128
upstream-3.2,20,wt,uniform,oltp,2000000,128,530,5994.90,8235.80,348.86,1996.10,128
upstream-3.2,20,wt,uniform,oltp,2000000,128,540,6506.60,8911.00,256.30,2173.50,128
upstream-3.2,20,wt,uniform,oltp,2000000,128,550,7169.99,9824.99,326.43,2389.30,128
upstream-3.2,20,wt,uniform,oltp,2000000,128,560,6539.81,8941.91,280.97,2180.80,128
upstream-3.2,20,wt,uniform,oltp,2000000,128,570,7180.20,9829.31,373.94,2393.10,128
upstream-3.2,20,wt,uniform,oltp,2000000,128,580,6889.00,9429.50,368.17,2296.30,128
upstream-3.2,20,wt,uniform,oltp,2000000,128,590,6830.30,9370.10,342.44,2273.80,128
upstream-3.2,20,wt,uniform,oltp,2000000,128,600,6968.10,9537.10,398.80,2325.90,128
upstream-3.2,20,wt,uniform,oltp,2000000,128,610,7742.70,10597.70,233.72,2580.80,128
upstream-3.2,20,wt,uniform,oltp,2000000,128,620,7764.70,10631.90,241.91,2588.30,128
upstream-3.2,20,wt,uniform,oltp,2000000,128,630,7052.70,9669.40,357.63,2350.60,128
upstream-3.2,20,wt,uniform,oltp,2000000,128,640,7715.50,10571.40,289.68,2572.00,128
upstream-3.2,20,wt,uniform,oltp,2000000,128,650,7743.30,10592.20,376.53,2579.40,128
upstream-3.2,20,wt,uniform,oltp,2000000,128,660,6958.20,9516.80,376.64,2321.30,128
upstream-3.2,20,wt,uniform,oltp,2000000,128,670,6589.90,9053.20,403.97,2193.80,128
upstream-3.2,20,wt,uniform,oltp,2000000,128,680,8024.70,10986.20,390.88,2677.30,128
upstream-3.2,20,wt,uniform,oltp,2000000,128,690,5856.00,8016.20,400.12,1948.70,128
upstream-3.2,20,wt,uniform,oltp,2000000,128,700,5830.70,7984.89,668.16,1945.40,128
upstream-3.2,20,wt,uniform,oltp,2000000,128,710,5044.50,6914.60,627.64,1683.00,128
upstream-3.2,20,wt,uniform,oltp,2000000,128,720,4488.70,6158.50,661.39,1490.80,128
upstream-3.2,20,wt,uniform,oltp,2000000,128,730,6028.59,8257.89,590.63,2015.30,128
upstream-3.2,20,wt,uniform,oltp,2000000,128,740,4984.81,6833.21,670.16,1661.40,128
upstream-3.2,20,wt,uniform,oltp,2000000,128,750,6321.80,8629.50,480.27,2107.40,128
upstream-3.2,20,wt,uniform,oltp,2000000,128,760,6487.30,8878.40,516.97,2162.20,128
upstream-3.2,20,wt,uniform,oltp,2000000,128,770,5140.60,7039.70,611.69,1708.50,128
upstream-3.2,20,wt,uniform,oltp,2000000,128,780,6807.40,9299.59,518.68,2274.30,128
upstream-3.2,20,wt,uniform,oltp,2000000,128,790,6059.30,8309.51,556.81,2020.00,128
upstream-3.2,20,wt,uniform,oltp,2000000,128,800,6670.20,9134.70,461.25,2223.60,128
upstream-3.2,20,wt,uniform,oltp,2000000,128,810,5757.90,7861.90,581.86,1918.90,128
upstream-3.2,20,wt,uniform,oltp,2000000,128,820,5660.20,7746.00,696.54,1886.50,128
upstream-3.2,20,wt,uniform,oltp,2000000,128,830,6082.20,8327.00,530.29,2027.60,128
upstream-3.2,20,wt,uniform,oltp,2000000,128,840,5212.90,7144.40,632.73,1735.80,128
upstream-3.2,20,wt,uniform,oltp,2000000,128,850,5275.60,7235.11,557.14,1755.70,128
upstream-3.2,20,wt,uniform,oltp,2000000,128,860,5319.20,7291.90,756.53,1777.20,128
upstream-3.2,20,wt,uniform,oltp,2000000,128,870,4516.50,6180.40,696.34,1506.30,128
upstream-3.2,20,wt,uniform,oltp,2000000,128,880,3844.80,5268.70,701.36,1276.40,128
upstream-3.2,20,wt,uniform,oltp,2000000,128,890,3126.80,4282.10,1028.21,1042.70,128
upstream-3.2,20,wt,uniform,oltp,2000000,128,900,2580.50,3533.50,1172.25,859.10,128
upstream-3.2,20,wt,uniform,oltp,2000000,128,910,3992.10,5447.60,901.32,1336.10,128
upstream-3.2,20,wt,uniform,oltp,2000000,128,920,2403.00,3298.40,1054.39,799.80,128
upstream-3.2,20,wt,uniform,oltp,2000000,128,930,3354.40,4575.70,1035.62,1119.20,128
upstream-3.2,20,wt,uniform,oltp,2000000,128,940,3596.90,4926.40,1049.66,1196.00,128
upstream-3.2,20,wt,uniform,oltp,2000000,128,950,1864.60,2554.90,919.58,619.10,128
upstream-3.2,20,wt,uniform,oltp,2000000,128,960,754.80,1029.50,8072.52,251.30,128
upstream-3.2,20,wt,uniform,oltp,2000000,128,970,2475.60,3387.70,1244.57,825.40,128
upstream-3.2,20,wt,uniform,oltp,2000000,128,980,3805.60,5203.70,738.85,1272.20,128
upstream-3.2,20,wt,uniform,oltp,2000000,128,990,2559.20,3503.60,660.40,851.50,128
upstream-3.2,20,wt,uniform,oltp,2000000,128,1000,1660.20,2268.60,710.65,553.70,128
upstream-3.2,20,wt,uniform,oltp,2000000,128,1010,837.00,1163.00,1616.26,276.90,128
upstream-3.2,20,wt,uniform,oltp,2000000,128,1020,926.10,1272.60,2153.69,308.60,128
upstream-3.2,20,wt,uniform,oltp,2000000,128,1030,773.20,1044.20,4579.17,262.70,128
upstream-3.2,20,wt,uniform,oltp,2000000,128,1040,384.60,526.90,7974.05,129.40,128
upstream-3.2,20,wt,uniform,oltp,2000000,128,1050,622.80,862.60,2348.30,201.30,128
upstream-3.2,20,wt,uniform,oltp,2000000,128,1060,1026.60,1405.90,2342.68,342.10,128
upstream-3.2,20,wt,uniform,oltp,2000000,128,1070,398.70,547.50,6489.90,133.20,128
upstream-3.2,20,wt,uniform,oltp,2000000,128,1080,699.10,930.30,6595.66,238.80,128
upstream-3.2,20,wt,uniform,oltp,2000000,128,1090,498.60,690.70,7269.57,163.40,128
upstream-3.2,20,wt,uniform,oltp,2000000,128,1100,1258.40,1723.80,1949.95,421.40,128
upstream-3.2,20,wt,uniform,oltp,2000000,128,1110,528.30,726.10,7662.82,177.30,128
upstream-3.2,20,wt,uniform,oltp,2000000,128,1120,572.90,801.30,1565.78,184.60,128
upstream-3.2,20,wt,uniform,oltp,2000000,128,1130,1046.80,1427.10,2098.33,349.40,128
upstream-3.2,20,wt,uniform,oltp,2000000,128,1140,454.70,616.70,8162.42,151.20,128
upstream-3.2,20,wt,uniform,oltp,2000000,128,1150,893.10,1218.90,2154.98,297.20,128
upstream-3.2,20,wt,uniform,oltp,2000000,128,1160,505.30,702.80,8385.31,169.00,128
upstream-3.2,20,wt,uniform,oltp,2000000,128,1170,656.00,891.30,8026.74,224.50,128
upstream-3.2,20,wt,uniform,oltp,2000000,128,1180,636.00,868.40,6374.38,212.20,128
upstream-3.2,20,wt,uniform,oltp,2000000,128,1190,1309.20,1795.90,1500.62,433.30,128
upstream-3.2,20,wt,uniform,oltp,2000000,128,1200,1256.30,1708.40,1808.27,421.60,128
upstream-3.2,20,wt,uniform,oltp,2000000,128,1210,1142.30,1555.50,1727.32,380.80,128
upstream-3.2,20,wt,uniform,oltp,2000000,128,1220,1177.30,1610.50,1795.32,392.70,128
upstream-3.2,20,wt,uniform,oltp,2000000,128,1230,1354.60,1862.30,1453.32,448.50,128
upstream-3.2,20,wt,uniform,oltp,2000000,128,1240,1325.00,1797.80,1787.81,444.60,128
upstream-3.2,20,wt,uniform,oltp,2000000,128,1250,1459.80,2000.60,1528.28,486.50,128
upstream-3.2,20,wt,uniform,oltp,2000000,128,1260,2112.19,2918.19,930.66,704.20,128
upstream-3.2,20,wt,uniform,oltp,2000000,128,1270,1920.21,2632.81,1019.01,637.40,128
upstream-3.2,20,wt,uniform,oltp,2000000,128,1280,1921.80,2631.30,1117.43,643.40,128
upstream-3.2,20,wt,uniform,oltp,2000000,128,1290,1601.10,2195.80,1326.91,533.40,128
upstream-3.2,20,wt,uniform,oltp,2000000,128,1300,1861.60,2548.10,1143.14,620.60,128
upstream-3.2,20,wt,uniform,oltp,2000000,128,1310,1504.50,2060.10,1458.99,501.70,128
upstream-3.2,20,wt,uniform,oltp,2000000,128,1320,1085.90,1486.90,2126.15,362.00,128
upstream-3.2,20,wt,uniform,oltp,2000000,128,1330,1236.60,1699.80,1590.35,406.00,128
upstream-3.2,20,wt,uniform,oltp,2000000,128,1340,1099.90,1497.50,2117.26,372.60,128
upstream-3.2,20,wt,uniform,oltp,2000000,128,1350,1271.00,1736.20,1743.42,423.90,128
upstream-3.2,20,wt,uniform,oltp,2000000,128,1360,1413.10,1938.70,1330.09,470.60,128
upstream-3.2,20,wt,uniform,oltp,2000000,128,1370,1254.30,1725.50,1780.34,418.40,128
upstream-3.2,20,wt,uniform,oltp,2000000,128,1380,1219.10,1660.70,1642.60,406.30,128
upstream-3.2,20,wt,uniform,oltp,2000000,128,1390,1247.10,1699.70,1675.38,415.90,128
upstream-3.2,20,wt,uniform,oltp,2000000,128,1400,1389.50,1909.30,1383.28,462.90,128
upstream-3.2,20,wt,uniform,oltp,2000000,128,1410,1787.90,2454.20,1061.67,595.60,128
upstream-3.2,20,wt,uniform,oltp,2000000,128,1420,1992.40,2720.00,914.37,664.60,128
upstream-3.2,20,wt,uniform,oltp,2000000,128,1430,1387.20,1904.90,1309.16,462.20,128
upstream-3.2,20,wt,uniform,oltp,2000000,128,1440,1958.70,2684.70,981.00,653.30,128
upstream-3.2,20,wt,uniform,oltp,2000000,128,1450,2014.00,2759.90,909.45,671.20,128
upstream-3.2,20,wt,uniform,oltp,2000000,128,1460,2018.10,2765.70,910.00,672.60,128
upstream-3.2,20,wt,uniform,oltp,2000000,128,1470,1756.90,2413.50,1059.45,585.80,128
upstream-3.2,20,wt,uniform,oltp,2000000,128,1480,1895.40,2591.70,1030.98,631.40,128
upstream-3.2,20,wt,uniform,oltp,2000000,128,1490,1852.20,2544.20,1067.73,617.80,128
upstream-3.2,20,wt,uniform,oltp,2000000,128,1500,1864.70,2552.50,1067.73,621.10,128
upstream-3.2,20,wt,uniform,oltp,2000000,128,1510,1749.30,2390.90,1154.15,583.50,128
upstream-3.2,20,wt,uniform,oltp,2000000,128,1520,1910.20,2609.60,1022.99,636.40,128
upstream-3.2,20,wt,uniform,oltp,2000000,128,1530,1795.60,2448.20,1114.09,598.80,128
upstream-3.2,20,wt,uniform,oltp,2000000,128,1540,2052.60,2806.40,900.51,684.30,128
upstream-3.2,20,wt,uniform,oltp,2000000,128,1550,1780.10,2437.20,1122.12,593.30,128
upstream-3.2,20,wt,uniform,oltp,2000000,128,1560,1790.80,2444.00,1144.51,596.40,128
upstream-3.2,20,wt,uniform,oltp,2000000,128,1570,1547.10,2132.20,1239.37,515.50,128
upstream-3.2,20,wt,uniform,oltp,2000000,128,1580,1744.60,2401.40,1166.30,582.20,128
upstream-3.2,20,wt,uniform,oltp,2000000,128,1590,1632.10,2233.70,1206.07,544.10,128
upstream-3.2,20,wt,uniform,oltp,2000000,128,1600,1320.30,1810.40,1561.10,439.90,128
upstream-3.2,20,wt,uniform,oltp,2000000,128,1610,1665.80,2291.50,1259.94,555.40,128
upstream-3.2,20,wt,uniform,oltp,2000000,128,1620,1627.30,2244.10,1202.82,541.20,128
upstream-3.2,20,wt,uniform,oltp,2000000,128,1630,1781.10,2423.00,1247.56,594.80,128
upstream-3.2,20,wt,uniform,oltp,2000000,128,1640,1360.10,1868.00,1374.62,453.10,128
upstream-3.2,20,wt,uniform,oltp,2000000,128,1650,1897.40,2581.40,1058.50,632.60,128
upstream-3.2,20,wt,uniform,oltp,2000000,128,1660,1738.40,2385.80,1216.94,579.70,128
upstream-3.2,20,wt,uniform,oltp,2000000,128,1670,2017.20,2757.70,993.12,672.40,128
upstream-3.2,20,wt,uniform,oltp,2000000,128,1680,1511.40,2071.60,1272.45,500.80,128
upstream-3.2,20,wt,uniform,oltp,2000000,128,1690,1872.20,2556.70,1145.54,627.20,128
upstream-3.2,20,wt,uniform,oltp,2000000,128,1700,1555.40,2119.00,1291.25,518.40,128
upstream-3.2,20,wt,uniform,oltp,2000000,128,1710,1949.40,2656.30,1052.50,649.90,128
upstream-3.2,20,wt,uniform,oltp,2000000,128,1720,2059.90,2824.30,957.50,686.50,128
upstream-3.2,20,wt,uniform,oltp,2000000,128,1730,1458.60,1997.30,1389.93,486.40,128
upstream-3.2,20,wt,uniform,oltp,2000000,128,1740,1692.90,2310.90,1260.70,564.10,128
upstream-3.2,20,wt,uniform,oltp,2000000,128,1750,1590.90,2174.60,1377.91,530.40,128
upstream-3.2,20,wt,uniform,oltp,2000000,128,1760,1740.50,2386.70,1215.49,579.70,128
upstream-3.2,20,wt,uniform,oltp,2000000,128,1770,1598.40,2181.10,1232.71,532.10,128
upstream-3.2,20,wt,uniform,oltp,2000000,128,1780,1708.00,2337.40,1241.23,570.40,128
upstream-3.2,20,wt,uniform,oltp,2000000,128,1790,1543.90,2112.50,1385.36,513.60,128
upstream-3.2,20,wt,uniform,oltp,2000000,128,1800,1714.70,2357.40,1247.93,572.20,128
upstream-3.2,20,wt,uniform,oltp,2000000,48,10,19549.77,26761.48,7.87,6516.52,48
upstream-3.2,20,wt,uniform,oltp,2000000,48,20,17056.07,23431.80,8.10,5685.12,48
upstream-3.2,20,wt,uniform,oltp,2000000,48,30,19036.50,26062.91,8.83,6342.90,48
upstream-3.2,20,wt,uniform,oltp,2000000,48,40,16080.90,21989.50,8.67,5360.60,48
upstream-3.2,20,wt,uniform,oltp,2000000,48,50,21990.89,30078.79,8.13,7332.60,48
upstream-3.2,20,wt,uniform,oltp,2000000,48,60,19648.71,26860.51,8.39,6549.40,48
upstream-3.2,20,wt,uniform,oltp,2000000,48,70,21196.90,29008.90,8.39,7065.80,48
upstream-3.2,20,wt,uniform,oltp,2000000,48,80,22223.70,30421.59,8.12,7408.00,48
upstream-3.2,20,wt,uniform,oltp,2000000,48,90,18022.90,24656.71,9.84,6007.80,48
upstream-3.2,20,wt,uniform,oltp,2000000,48,100,17498.50,23939.20,9.91,5830.00,48
upstream-3.2,20,wt,uniform,oltp,2000000,48,110,23238.89,31839.59,8.35,7748.90,48
upstream-3.2,20,wt,uniform,oltp,2000000,48,120,21681.10,29680.60,8.53,7227.00,48
upstream-3.2,20,wt,uniform,oltp,2000000,48,130,19100.70,26134.00,8.49,6367.00,48
upstream-3.2,20,wt,uniform,oltp,2000000,48,140,19349.70,26443.80,8.45,6449.90,48
upstream-3.2,20,wt,uniform,oltp,2000000,48,150,21585.70,29553.30,8.87,7195.10,48
upstream-3.2,20,wt,uniform,oltp,2000000,48,160,18351.40,25072.90,9.82,6117.20,48
upstream-3.2,20,wt,uniform,oltp,2000000,48,170,21796.20,29828.80,9.58,7265.30,48
upstream-3.2,20,wt,uniform,oltp,2000000,48,180,21486.96,29399.34,8.54,7162.39,48
upstream-3.2,20,wt,uniform,oltp,2000000,48,190,18829.74,25717.15,8.74,6276.61,48
upstream-3.2,20,wt,uniform,oltp,2000000,48,200,16152.30,22119.20,10.16,5381.50,48
upstream-3.2,20,wt,uniform,oltp,2000000,48,210,21615.18,29598.07,9.12,7207.69,48
upstream-3.2,20,wt,uniform,oltp,2000000,48,220,20791.61,28497.12,8.66,6927.80,48
upstream-3.2,20,wt,uniform,oltp,2000000,48,230,18296.40,25037.70,9.13,6098.90,48
upstream-3.2,20,wt,uniform,oltp,2000000,48,240,18622.70,25500.20,9.28,6210.00,48
upstream-3.2,20,wt,uniform,oltp,2000000,48,250,23287.00,31896.90,8.37,7762.60,48
upstream-3.2,20,wt,uniform,oltp,2000000,48,260,18192.16,24903.55,8.25,6064.09,48
upstream-3.2,20,wt,uniform,oltp,2000000,48,270,18744.04,25664.15,8.81,6247.91,48
upstream-3.2,20,wt,uniform,oltp,2000000,48,280,17045.59,23345.49,8.70,5682.00,48
upstream-3.2,20,wt,uniform,oltp,2000000,48,290,22961.81,31457.52,8.21,7651.30,48
upstream-3.2,20,wt,uniform,oltp,2000000,48,300,19542.00,26744.40,9.43,6516.50,48
upstream-3.2,20,wt,uniform,oltp,2000000,48,310,16852.10,23058.20,9.95,5617.40,48
upstream-3.2,20,wt,uniform,oltp,2000000,48,320,16461.80,22549.30,10.11,5484.70,48
upstream-3.2,20,wt,uniform,oltp,2000000,48,330,21840.50,29897.00,8.28,7282.80,48
upstream-3.2,20,wt,uniform,oltp,2000000,48,340,19054.30,26060.80,8.44,6351.10,48
upstream-3.2,20,wt,uniform,oltp,2000000,48,350,21229.80,29057.80,8.39,7077.00,48
upstream-3.2,20,wt,uniform,oltp,2000000,48,360,21095.90,28880.90,8.66,7031.70,48
upstream-3.2,20,wt,uniform,oltp,2000000,48,370,17242.40,23598.30,9.69,5747.50,48
upstream-3.2,20,wt,uniform,oltp,2000000,48,380,16734.00,22908.60,10.45,5578.10,48
upstream-3.2,20,wt,uniform,oltp,2000000,48,390,18623.70,25470.40,9.77,6207.90,48
upstream-3.2,20,wt,uniform,oltp,2000000,48,400,15667.10,21408.19,10.76,5220.00,48
upstream-3.2,20,wt,uniform,oltp,2000000,48,410,18157.60,24835.91,9.37,6054.70,48
upstream-3.2,20,wt,uniform,oltp,2000000,48,420,17334.07,23721.06,8.88,5778.09,48
upstream-3.2,20,wt,uniform,oltp,2000000,48,430,18226.32,24948.92,9.07,6075.61,48
upstream-3.2,20,wt,uniform,oltp,2000000,48,440,22189.81,30351.82,8.39,7396.50,48
upstream-3.2,20,wt,uniform,oltp,2000000,48,450,15790.70,21581.10,9.74,5263.50,48
upstream-3.2,20,wt,uniform,oltp,2000000,48,460,16296.90,22313.29,10.02,5432.40,48
upstream-3.2,20,wt,uniform,oltp,2000000,48,470,21172.30,29027.30,8.86,7057.40,48
upstream-3.2,20,wt,uniform,oltp,2000000,48,480,20768.60,28413.50,8.28,6922.90,48
upstream-3.2,20,wt,uniform,oltp,2000000,48,490,20209.39,27691.08,8.62,6736.20,48
upstream-3.2,20,wt,uniform,oltp,2000000,48,500,17669.81,24160.02,8.70,5890.30,48
upstream-3.2,20,wt,uniform,oltp,2000000,48,510,15586.70,21316.10,9.80,5195.50,48
upstream-3.2,20,wt,uniform,oltp,2000000,48,520,19818.40,27121.00,9.12,6606.10,48
upstream-3.2,20,wt,uniform,oltp,2000000,48,530,17256.30,23637.00,9.77,5752.00,48
upstream-3.2,20,wt,uniform,oltp,2000000,48,540,15221.70,20852.20,10.92,5074.10,48
upstream-3.2,20,wt,uniform,oltp,2000000,48,550,12243.40,16719.10,9.05,4080.90,48
upstream-3.2,20,wt,uniform,oltp,2000000,48,560,5765.08,7897.87,10.84,1920.59,48
upstream-3.2,20,wt,uniform,oltp,2000000,48,570,2542.01,3462.61,425.06,848.00,48
upstream-3.2,20,wt,uniform,oltp,2000000,48,580,2036.80,2792.20,403.97,679.50,48
upstream-3.2,20,wt,uniform,oltp,2000000,48,590,3603.70,4913.30,283.67,1200.80,48
upstream-3.2,20,wt,uniform,oltp,2000000,48,600,3456.30,4728.50,307.73,1152.30,48
upstream-3.2,20,wt,uniform,oltp,2000000,48,610,4670.90,6387.00,169.26,1557.20,48
upstream-3.2,20,wt,uniform,oltp,2000000,48,620,4481.10,6149.50,151.06,1493.60,48
upstream-3.2,20,wt,uniform,oltp,2000000,48,630,5813.30,7961.39,114.87,1937.80,48
upstream-3.2,20,wt,uniform,oltp,2000000,48,640,3859.30,5292.90,259.23,1286.50,48
upstream-3.2,20,wt,uniform,oltp,2000000,48,650,3050.30,4181.60,398.68,1015.60,48
upstream-3.2,20,wt,uniform,oltp,2000000,48,660,4343.20,5935.70,202.56,1448.50,48
upstream-3.2,20,wt,uniform,oltp,2000000,48,670,5608.90,7683.31,170.48,1870.00,48
upstream-3.2,20,wt,uniform,oltp,2000000,48,680,3551.50,4859.30,331.94,1183.50,48
upstream-3.2,20,wt,uniform,oltp,2000000,48,690,1434.40,1968.40,345.22,478.60,48
upstream-3.2,20,wt,uniform,oltp,2000000,48,700,2755.10,3766.29,363.24,918.10,48
upstream-3.2,20,wt,uniform,oltp,2000000,48,710,3625.11,4955.31,280.55,1208.50,48
upstream-3.2,20,wt,uniform,oltp,2000000,48,720,3553.40,4853.50,316.23,1184.40,48
upstream-3.2,20,wt,uniform,oltp,2000000,48,730,4261.00,5819.10,202.81,1420.30,48
upstream-3.2,20,wt,uniform,oltp,2000000,48,740,4845.20,6595.40,176.19,1614.50,48
upstream-3.2,20,wt,uniform,oltp,2000000,48,750,3300.10,4523.90,306.35,1100.50,48
upstream-3.2,20,wt,uniform,oltp,2000000,48,760,2347.00,3213.90,405.30,782.50,48
upstream-3.2,20,wt,uniform,oltp,2000000,48,770,2933.00,3998.00,416.62,977.70,48
upstream-3.2,20,wt,uniform,oltp,2000000,48,780,2840.70,3900.50,413.26,946.90,48
upstream-3.2,20,wt,uniform,oltp,2000000,48,790,3225.00,4417.10,377.88,1074.80,48
upstream-3.2,20,wt,uniform,oltp,2000000,48,800,3080.30,4221.20,345.84,1025.90,48
upstream-3.2,20,wt,uniform,oltp,2000000,48,810,2872.20,3933.60,386.00,958.50,48
upstream-3.2,20,wt,uniform,oltp,2000000,48,820,2851.10,3901.60,405.30,950.40,48
upstream-3.2,20,wt,uniform,oltp,2000000,48,830,2672.00,3651.90,455.49,890.20,48
upstream-3.2,20,wt,uniform,oltp,2000000,48,840,2342.40,3204.80,483.44,781.20,48
upstream-3.2,20,wt,uniform,oltp,2000000,48,850,2286.50,3122.70,505.65,762.10,48
upstream-3.2,20,wt,uniform,oltp,2000000,48,860,2444.50,3341.20,493.09,814.80,48
upstream-3.2,20,wt,uniform,oltp,2000000,48,870,2213.40,3031.20,416.12,736.70,48
upstream-3.2,20,wt,uniform,oltp,2000000,48,880,1604.10,2204.10,490.15,534.10,48
upstream-3.2,20,wt,uniform,oltp,2000000,48,890,1869.90,2556.00,412.03,625.20,48
upstream-3.2,20,wt,uniform,oltp,2000000,48,900,1671.50,2288.00,604.04,555.10,48
upstream-3.2,20,wt,uniform,oltp,2000000,48,910,1677.10,2283.30,674.59,561.10,48
upstream-3.2,20,wt,uniform,oltp,2000000,48,920,1403.80,1920.40,798.89,467.80,48
upstream-3.2,20,wt,uniform,oltp,2000000,48,930,1316.90,1807.30,779.52,438.20,48
upstream-3.2,20,wt,uniform,oltp,2000000,48,940,2288.90,3143.30,402.76,761.60,48
upstream-3.2,20,wt,uniform,oltp,2000000,48,950,944.30,1292.30,980.12,315.40,48
upstream-3.2,20,wt,uniform,oltp,2000000,48,960,1951.00,2673.50,404.69,649.70,48
upstream-3.2,20,wt,uniform,oltp,2000000,48,970,2434.79,3336.69,362.48,813.50,48
upstream-3.2,20,wt,uniform,oltp,2000000,48,980,1750.60,2385.20,532.68,583.80,48
upstream-3.2,20,wt,uniform,oltp,2000000,48,990,1790.90,2462.10,401.44,595.50,48
upstream-3.2,20,wt,uniform,oltp,2000000,48,1000,1803.29,2465.99,450.61,602.50,48
upstream-3.2,20,wt,uniform,oltp,2000000,48,1010,1712.21,2346.91,532.84,570.60,48
upstream-3.2,20,wt,uniform,oltp,2000000,48,1020,1378.60,1898.60,621.84,457.90,48
upstream-3.2,20,wt,uniform,oltp,2000000,48,1030,1874.90,2563.89,456.85,626.90,48
upstream-3.2,20,wt,uniform,oltp,2000000,48,1040,1463.50,2015.50,526.18,485.90,48
upstream-3.2,20,wt,uniform,oltp,2000000,48,1050,2191.80,3002.20,447.11,732.20,48
upstream-3.2,20,wt,uniform,oltp,2000000,48,1060,1884.80,2583.40,427.99,628.60,48
upstream-3.2,20,wt,uniform,oltp,2000000,48,1070,1670.10,2285.40,531.09,556.60,48
upstream-3.2,20,wt,uniform,oltp,2000000,48,1080,1811.99,2479.48,500.38,603.90,48
upstream-3.2,20,wt,uniform,oltp,2000000,48,1090,1671.11,2291.72,508.53,557.00,48
upstream-3.2,20,wt,uniform,oltp,2000000,48,1100,1565.70,2146.50,593.82,521.20,48
upstream-3.2,20,wt,uniform,oltp,2000000,48,1110,1728.20,2368.80,625.20,576.90,48
upstream-3.2,20,wt,uniform,oltp,2000000,48,1120,1951.80,2678.40,541.85,650.30,48
upstream-3.2,20,wt,uniform,oltp,2000000,48,1130,1779.10,2419.90,576.83,593.30,48
upstream-3.2,20,wt,uniform,oltp,2000000,48,1140,1616.70,2225.80,583.25,538.90,48
upstream-3.2,20,wt,uniform,oltp,2000000,48,1150,3062.30,4191.99,346.05,1020.90,48
upstream-3.2,20,wt,uniform,oltp,2000000,48,1160,2152.70,2942.60,439.02,717.30,48
upstream-3.2,20,wt,uniform,oltp,2000000,48,1170,2260.30,3085.70,459.60,753.60,48
upstream-3.2,20,wt,uniform,oltp,2000000,48,1180,1759.90,2403.50,590.10,586.70,48
upstream-3.2,20,wt,uniform,oltp,2000000,48,1190,3144.00,4306.00,305.07,1046.70,48
upstream-3.2,20,wt,uniform,oltp,2000000,48,1200,1555.80,2139.70,662.38,518.50,48
upstream-3.2,20,wt,uniform,oltp,2000000,48,1210,1111.80,1520.20,956.07,372.00,48
upstream-3.2,20,wt,uniform,oltp,2000000,48,1220,1369.80,1878.70,613.89,456.40,48
upstream-3.2,20,wt,uniform,oltp,2000000,48,1230,1067.80,1448.00,871.87,356.10,48
upstream-3.2,20,wt,uniform,oltp,2000000,48,1240,915.30,1260.70,1102.15,305.10,48
upstream-3.2,20,wt,uniform,oltp,2000000,48,1250,990.60,1350.30,968.17,330.20,48
upstream-3.2,20,wt,uniform,oltp,2000000,48,1260,1686.20,2308.40,533.64,562.00,48
upstream-3.2,20,wt,uniform,oltp,2000000,48,1270,1574.60,2160.40,579.95,524.90,48
upstream-3.2,20,wt,uniform,oltp,2000000,48,1280,2347.79,3209.69,381.75,782.70,48
upstream-3.2,20,wt,uniform,oltp,2000000,48,1290,2649.11,3616.52,348.13,882.90,48
upstream-3.2,20,wt,uniform,oltp,2000000,48,1300,2870.20,3936.60,309.67,956.70,48
upstream-3.2,20,wt,uniform,oltp,2000000,48,1310,3109.10,4251.80,286.14,1036.20,48
upstream-3.2,20,wt,uniform,oltp,2000000,48,1320,3150.60,4294.80,276.38,1050.50,48
upstream-3.2,20,wt,uniform,oltp,2000000,48,1330,3091.40,4250.80,281.72,1030.40,48
upstream-3.2,20,wt,uniform,oltp,2000000,48,1340,2457.90,3368.30,364.00,819.40,48
upstream-3.2,20,wt,uniform,oltp,2000000,48,1350,2681.30,3670.60,341.31,893.80,48
upstream-3.2,20,wt,uniform,oltp,2000000,48,1360,2351.40,3220.70,377.32,783.60,48
upstream-3.2,20,wt,uniform,oltp,2000000,48,1370,1926.70,2642.20,504.59,642.30,48
upstream-3.2,20,wt,uniform,oltp,2000000,48,1380,1792.30,2454.90,492.65,597.50,48
upstream-3.2,20,wt,uniform,oltp,2000000,48,1390,2656.80,3646.70,327.60,885.50,48
upstream-3.2,20,wt,uniform,oltp,2000000,48,1400,1732.20,2378.50,498.73,577.60,48
upstream-3.2,20,wt,uniform,oltp,2000000,48,1410,1848.60,2526.40,560.15,616.20,48
upstream-3.2,20,wt,uniform,oltp,2000000,48,1420,2575.20,3539.00,365.20,858.30,48
upstream-3.2,20,wt,uniform,oltp,2000000,48,1430,2911.30,3986.90,310.51,970.40,48
upstream-3.2,20,wt,uniform,oltp,2000000,48,1440,3299.90,4533.20,268.23,1099.50,48
upstream-3.2,20,wt,uniform,oltp,2000000,48,1450,3134.50,4304.30,291.42,1044.90,48
upstream-3.2,20,wt,uniform,oltp,2000000,48,1460,3104.10,4241.20,300.90,1035.20,48
upstream-3.2,20,wt,uniform,oltp,2000000,48,1470,1830.00,2497.20,559.15,610.00,48
upstream-3.2,20,wt,uniform,oltp,2000000,48,1480,1938.40,2669.90,492.94,646.10,48
upstream-3.2,20,wt,uniform,oltp,2000000,48,1490,2307.90,3157.10,430.95,769.30,48
upstream-3.2,20,wt,uniform,oltp,2000000,48,1500,1971.90,2710.90,524.30,657.20,48
upstream-3.2,20,wt,uniform,oltp,2000000,48,1510,2265.20,3098.30,445.24,755.20,48
upstream-3.2,20,wt,uniform,oltp,2000000,48,1520,1939.40,2641.90,539.26,646.20,48
upstream-3.2,20,wt,uniform,oltp,2000000,48,1530,2393.50,3256.30,415.74,798.10,48
upstream-3.2,20,wt,uniform,oltp,2000000,48,1540,2163.70,2969.70,444.71,720.90,48
upstream-3.2,20,wt,uniform,oltp,2000000,48,1550,2453.20,3352.40,398.92,817.80,48
upstream-3.2,20,wt,uniform,oltp,2000000,48,1560,2401.50,3268.00,422.77,800.80,48
upstream-3.2,20,wt,uniform,oltp,2000000,48,1570,2819.20,3861.40,349.59,939.80,48
upstream-3.2,20,wt,uniform,oltp,2000000,48,1580,2197.60,3012.40,462.77,732.30,48
upstream-3.2,20,wt,uniform,oltp,2000000,48,1590,2043.20,2806.50,499.03,681.20,48
upstream-3.2,20,wt,uniform,oltp,2000000,48,1600,2602.00,3579.50,372.49,866.90,48
upstream-3.2,20,wt,uniform,oltp,2000000,48,1610,2206.80,3026.70,491.32,735.90,48
upstream-3.2,20,wt,uniform,oltp,2000000,48,1620,2366.30,3242.60,448.72,788.90,48
upstream-3.2,20,wt,uniform,oltp,2000000,48,1630,2228.00,3051.10,475.69,742.70,48
upstream-3.2,20,wt,uniform,oltp,2000000,48,1640,2451.20,3359.40,440.21,817.10,48
upstream-3.2,20,wt,uniform,oltp,2000000,48,1650,2604.30,3562.50,384.50,867.80,48
upstream-3.2,20,wt,uniform,oltp,2000000,48,1660,2259.70,3092.90,457.67,753.50,48
upstream-3.2,20,wt,uniform,oltp,2000000,48,1670,2924.50,3983.80,365.53,974.70,48
upstream-3.2,20,wt,uniform,oltp,2000000,48,1680,2551.20,3501.00,399.40,850.30,48
upstream-3.2,20,wt,uniform,oltp,2000000,48,1690,2196.30,2982.00,429.79,730.30,48
upstream-3.2,20,wt,uniform,oltp,2000000,48,1700,2480.60,3392.00,423.03,827.40,48
upstream-3.2,20,wt,uniform,oltp,2000000,48,1710,2508.40,3423.00,416.87,837.50,48
upstream-3.2,20,wt,uniform,oltp,2000000,48,1720,2890.00,3951.90,365.64,963.40,48
upstream-3.2,20,wt,uniform,oltp,2000000,48,1730,2309.00,3160.30,456.03,769.40,48
upstream-3.2,20,wt,uniform,oltp,2000000,48,1740,2642.20,3608.10,405.30,880.60,48
upstream-3.2,20,wt,uniform,oltp,2000000,48,1750,2845.10,3903.10,359.24,948.70,48
upstream-3.2,20,wt,uniform,oltp,2000000,48,1760,2903.00,3976.00,351.58,967.60,48
upstream-3.2,20,wt,uniform,oltp,2000000,48,1770,2451.70,3364.30,425.57,815.60,48
upstream-3.2,20,wt,uniform,oltp,2000000,48,1780,2666.90,3647.40,421.26,890.40,48
upstream-3.2,20,wt,uniform,oltp,2000000,48,1790,2590.00,3555.60,409.69,863.70,48
upstream-3.2,20,wt,uniform,oltp,2000000,48,1800,2940.20,4038.50,323.41,979.50,48
upstream-3.2,20,wt,uniform,oltp,2000000,512,10,20583.30,28283.93,186.39,6858.33,512
upstream-3.2,20,wt,uniform,oltp,2000000,512,20,21688.70,29649.90,141.31,7230.30,512
upstream-3.2,20,wt,uniform,oltp,2000000,512,30,21243.90,29059.90,143.44,7080.10,512
upstream-3.2,20,wt,uniform,oltp,2000000,512,40,21581.46,29523.47,141.69,7193.72,512
upstream-3.2,20,wt,uniform,oltp,2000000,512,50,21818.34,29889.54,139.34,7273.08,512
upstream-3.2,20,wt,uniform,oltp,2000000,512,60,21880.90,29922.36,138.75,7293.17,512
upstream-3.2,20,wt,uniform,oltp,2000000,512,70,21630.60,29646.74,142.84,7209.93,512
upstream-3.2,20,wt,uniform,oltp,2000000,512,80,19407.40,26564.50,150.70,6470.20,512
upstream-3.2,20,wt,uniform,oltp,2000000,512,90,21025.80,28761.20,144.09,7008.30,512
upstream-3.2,20,wt,uniform,oltp,2000000,512,100,20774.39,28434.49,188.86,6925.00,512
upstream-3.2,20,wt,uniform,oltp,2000000,512,110,18446.50,25295.80,183.13,6148.50,512
upstream-3.2,20,wt,uniform,oltp,2000000,512,120,19292.60,26529.70,180.84,6424.60,512
upstream-3.2,20,wt,uniform,oltp,2000000,512,130,19079.40,26014.50,191.94,6366.40,512
upstream-3.2,20,wt,uniform,oltp,2000000,512,140,20805.30,28468.60,170.89,6934.90,512
upstream-3.2,20,wt,uniform,oltp,2000000,512,150,19003.80,26005.00,194.54,6334.30,512
upstream-3.2,20,wt,uniform,oltp,2000000,512,160,17033.50,23366.80,217.39,5678.10,512
upstream-3.2,20,wt,uniform,oltp,2000000,512,170,16061.82,22036.59,229.43,5354.47,512
upstream-3.2,20,wt,uniform,oltp,2000000,512,180,15669.62,21442.89,202.99,5223.17,512
upstream-3.2,20,wt,uniform,oltp,2000000,512,190,21623.31,29650.19,140.26,7207.27,512
upstream-3.2,20,wt,uniform,oltp,2000000,512,200,20794.00,28443.31,147.14,6931.40,512
upstream-3.2,20,wt,uniform,oltp,2000000,512,210,20278.10,27737.01,164.62,6759.60,512
upstream-3.2,20,wt,uniform,oltp,2000000,512,220,20785.09,28388.49,146.30,6927.80,512
upstream-3.2,20,wt,uniform,oltp,2000000,512,230,21508.81,29503.31,142.84,7170.10,512
upstream-3.2,20,wt,uniform,oltp,2000000,512,240,21947.30,30036.40,138.92,7315.30,512
upstream-3.2,20,wt,uniform,oltp,2000000,512,250,21889.45,29949.03,138.88,7296.18,512
upstream-3.2,20,wt,uniform,oltp,2000000,512,260,18100.94,24771.96,196.18,6034.11,512
upstream-3.2,20,wt,uniform,oltp,2000000,512,270,20008.69,27390.88,196.24,6670.00,512
upstream-3.2,20,wt,uniform,oltp,2000000,512,280,15975.61,21883.51,349.06,5324.40,512
upstream-3.2,20,wt,uniform,oltp,2000000,512,290,14909.00,20418.61,200.33,4970.30,512
upstream-3.2,20,wt,uniform,oltp,2000000,512,300,15608.03,21327.01,216.81,5202.58,512
upstream-3.2,20,wt,uniform,oltp,2000000,512,310,15449.36,21222.89,220.34,5143.22,512
upstream-3.2,20,wt,uniform,oltp,2000000,512,320,13956.90,19084.70,278.87,4651.60,512
upstream-3.2,20,wt,uniform,oltp,2000000,512,330,15315.70,20830.50,216.55,5113.00,512
upstream-3.2,20,wt,uniform,oltp,2000000,512,340,20276.70,27716.40,142.24,6758.10,512
upstream-3.2,20,wt,uniform,oltp,2000000,512,350,16877.71,23091.48,203.96,5625.97,512
upstream-3.2,20,wt,uniform,oltp,2000000,512,360,17689.49,24216.72,208.41,5896.53,512
upstream-3.2,20,wt,uniform,oltp,2000000,512,370,19560.71,26754.71,194.54,6520.90,512
upstream-3.2,20,wt,uniform,oltp,2000000,512,380,16849.09,23056.99,207.23,5615.60,512
upstream-3.2,20,wt,uniform,oltp,2000000,512,390,13383.50,18431.70,302.26,4454.90,512
upstream-3.2,20,wt,uniform,oltp,2000000,512,400,15853.95,21584.04,283.16,5291.28,512
upstream-3.2,20,wt,uniform,oltp,2000000,512,410,15486.54,21302.86,200.03,5155.61,512
upstream-3.2,20,wt,uniform,oltp,2000000,512,420,19435.21,26509.51,199.97,6485.10,512
upstream-3.2,20,wt,uniform,oltp,2000000,512,430,17039.59,23339.09,205.50,5678.60,512
upstream-3.2,20,wt,uniform,oltp,2000000,512,440,15575.60,21296.60,206.98,5193.00,512
upstream-3.2,20,wt,uniform,oltp,2000000,512,450,18421.70,25194.11,200.09,6140.20,512
upstream-3.2,20,wt,uniform,oltp,2000000,512,460,20197.20,27613.20,157.39,6731.70,512
upstream-3.2,20,wt,uniform,oltp,2000000,512,470,18228.90,24974.49,160.58,6076.70,512
upstream-3.2,20,wt,uniform,oltp,2000000,512,480,10228.60,14067.30,273.33,3409.80,512
upstream-3.2,20,wt,uniform,oltp,2000000,512,490,15065.40,20744.90,221.53,5014.90,512
upstream-3.2,20,wt,uniform,oltp,2000000,512,500,15379.51,20949.41,216.35,5133.30,512
upstream-3.2,20,wt,uniform,oltp,2000000,512,510,16215.30,22167.20,199.67,5405.50,512
upstream-3.2,20,wt,uniform,oltp,2000000,512,520,17815.09,24381.79,190.96,5938.80,512
upstream-3.2,20,wt,uniform,oltp,2000000,512,530,16074.90,22146.11,203.90,5350.60,512
upstream-3.2,20,wt,uniform,oltp,2000000,512,540,15879.10,21630.80,327.11,5299.70,512
upstream-3.2,20,wt,uniform,oltp,2000000,512,550,11906.30,16267.90,636.91,3969.10,512
upstream-3.2,20,wt,uniform,oltp,2000000,512,560,11266.90,15429.40,520.54,3757.50,512
upstream-3.2,20,wt,uniform,oltp,2000000,512,570,7973.90,11037.50,1065.81,2652.60,512
upstream-3.2,20,wt,uniform,oltp,2000000,512,580,9532.24,12944.32,757.67,3182.78,512
upstream-3.2,20,wt,uniform,oltp,2000000,512,590,10451.67,14387.59,690.94,3478.72,512
upstream-3.2,20,wt,uniform,oltp,2000000,512,600,9747.80,13261.30,625.01,3255.00,512
upstream-3.2,20,wt,uniform,oltp,2000000,512,610,9691.00,13271.10,703.88,3228.10,512
upstream-3.2,20,wt,uniform,oltp,2000000,512,620,7462.90,10240.40,792.70,2489.60,512
upstream-3.2,20,wt,uniform,oltp,2000000,512,630,7500.90,10394.60,817.28,2494.60,512
upstream-3.2,20,wt,uniform,oltp,2000000,512,640,8532.40,11565.40,1110.10,2849.60,512
upstream-3.2,20,wt,uniform,oltp,2000000,512,650,7804.80,10701.30,899.70,2601.50,512
upstream-3.2,20,wt,uniform,oltp,2000000,512,660,8483.50,11592.60,757.67,2828.80,512
upstream-3.2,20,wt,uniform,oltp,2000000,512,670,7852.80,10761.20,878.41,2616.90,512
upstream-3.2,20,wt,uniform,oltp,2000000,512,680,7007.40,9726.60,752.92,2330.90,512
upstream-3.2,20,wt,uniform,oltp,2000000,512,690,6474.90,8747.50,1005.98,2163.20,512
upstream-3.2,20,wt,uniform,oltp,2000000,512,700,6531.80,8946.00,994.60,2177.00,512
upstream-3.2,20,wt,uniform,oltp,2000000,512,710,6080.50,8322.40,1056.92,2027.40,512
upstream-3.2,20,wt,uniform,oltp,2000000,512,720,5694.30,7789.30,1145.20,1895.10,512
upstream-3.2,20,wt,uniform,oltp,2000000,512,730,5615.50,7786.00,1175.77,1869.10,512
upstream-3.2,20,wt,uniform,oltp,2000000,512,740,5369.60,7208.90,1174.71,1795.20,512
upstream-3.2,20,wt,uniform,oltp,2000000,512,750,4985.80,6814.60,1519.15,1662.10,512
upstream-3.2,20,wt,uniform,oltp,2000000,512,760,4957.00,6780.70,1343.70,1652.00,512
upstream-3.2,20,wt,uniform,oltp,2000000,512,770,4296.90,5901.10,1547.15,1432.80,512
upstream-3.2,20,wt,uniform,oltp,2000000,512,780,4733.20,6602.10,1172.95,1571.70,512
upstream-3.2,20,wt,uniform,oltp,2000000,512,790,3762.20,5047.40,1660.90,1260.20,512
upstream-3.2,20,wt,uniform,oltp,2000000,512,800,3867.30,5404.20,1464.68,1283.20,512
upstream-3.2,20,wt,uniform,oltp,2000000,512,810,4393.20,5919.10,1317.41,1468.20,512
upstream-3.2,20,wt,uniform,oltp,2000000,512,820,4019.40,5489.00,1412.15,1341.90,512
upstream-3.2,20,wt,uniform,oltp,2000000,512,830,3715.80,5090.60,1602.29,1238.70,512
upstream-3.2,20,wt,uniform,oltp,2000000,512,840,4354.00,5968.60,1237.89,1451.30,512
upstream-3.2,20,wt,uniform,oltp,2000000,512,850,3570.20,4966.50,1332.08,1184.00,512
upstream-3.2,20,wt,uniform,oltp,2000000,512,860,4450.90,5984.90,1299.78,1489.10,512
upstream-3.2,20,wt,uniform,oltp,2000000,512,870,4008.80,5489.90,1514.16,1336.50,512
upstream-3.2,20,wt,uniform,oltp,2000000,512,880,3344.70,4563.40,1785.14,1115.30,512
upstream-3.2,20,wt,uniform,oltp,2000000,512,890,2835.90,3999.40,2077.70,939.70,512
upstream-3.2,20,wt,uniform,oltp,2000000,512,900,3184.10,4324.50,1773.42,1061.20,512
upstream-3.2,20,wt,uniform,oltp,2000000,512,910,3134.50,4193.30,1832.24,1050.10,512
upstream-3.2,20,wt,uniform,oltp,2000000,512,920,2775.90,3929.10,1707.78,919.90,512
upstream-3.2,20,wt,uniform,oltp,2000000,512,930,2956.80,4054.60,1941.21,985.60,512
upstream-3.2,20,wt,uniform,oltp,2000000,512,940,3365.40,4575.30,2163.38,1121.60,512
upstream-3.2,20,wt,uniform,oltp,2000000,512,950,3560.40,4768.40,2105.88,1193.00,512
upstream-3.2,20,wt,uniform,oltp,2000000,512,960,1887.10,2722.40,1651.48,623.50,512
upstream-3.2,20,wt,uniform,oltp,2000000,512,970,1250.60,1696.40,9494.45,414.90,512
upstream-3.2,20,wt,uniform,oltp,2000000,512,980,1462.70,2020.60,1302.51,488.40,512
upstream-3.2,20,wt,uniform,oltp,2000000,512,990,2533.90,3457.40,8101.57,845.30,512
upstream-3.2,20,wt,uniform,oltp,2000000,512,1000,873.70,1063.00,9474.58,297.10,512
upstream-3.2,20,wt,uniform,oltp,2000000,512,1010,287.70,524.70,1132.92,89.70,512
upstream-3.2,20,wt,uniform,oltp,2000000,512,1020,2127.10,2907.00,10035.06,709.30,512
upstream-3.2,20,wt,uniform,oltp,2000000,512,1030,309.70,288.90,11732.23,106.90,512
upstream-3.2,20,wt,uniform,oltp,2000000,512,1040,2362.30,3358.50,1463.80,784.30,512
upstream-3.2,20,wt,uniform,oltp,2000000,512,1050,1255.70,1721.30,8583.40,417.80,512
upstream-3.2,20,wt,uniform,oltp,2000000,512,1060,1056.90,1442.00,3058.76,352.60,512
upstream-3.2,20,wt,uniform,oltp,2000000,512,1070,1156.10,1572.20,9275.34,385.10,512
upstream-3.2,20,wt,uniform,oltp,2000000,512,1080,2073.60,2710.40,8846.87,696.70,512
upstream-3.2,20,wt,uniform,oltp,2000000,512,1090,1511.20,2179.90,6162.37,496.10,512
upstream-3.2,20,wt,uniform,oltp,2000000,512,1100,1112.90,1556.30,2169.22,373.70,512
upstream-3.2,20,wt,uniform,oltp,2000000,512,1110,2184.80,2966.80,7537.70,725.10,512
upstream-3.2,20,wt,uniform,oltp,2000000,512,1120,1650.70,2123.20,6568.08,559.20,512
upstream-3.2,20,wt,uniform,oltp,2000000,512,1130,1538.10,2099.90,6751.47,512.30,512
upstream-3.2,20,wt,uniform,oltp,2000000,512,1140,1531.10,2217.40,1577.07,504.30,512
upstream-3.2,20,wt,uniform,oltp,2000000,512,1150,2655.80,3596.40,5957.41,885.60,512
upstream-3.2,20,wt,uniform,oltp,2000000,512,1160,881.10,1231.50,7061.52,292.00,512
upstream-3.2,20,wt,uniform,oltp,2000000,512,1170,3940.70,5271.10,1715.98,1319.30,512
upstream-3.2,20,wt,uniform,oltp,2000000,512,1180,3477.70,4774.10,1116.76,1157.50,512
upstream-3.2,20,wt,uniform,oltp,2000000,512,1190,2128.80,2970.20,1357.85,698.80,512
upstream-3.2,20,wt,uniform,oltp,2000000,512,1200,1350.40,1874.50,3207.86,457.00,512
upstream-3.2,20,wt,uniform,oltp,2000000,512,1210,507.70,590.50,9788.81,177.00,512
upstream-3.2,20,wt,uniform,oltp,2000000,512,1220,1464.90,2012.40,2874.98,488.10,512
upstream-3.2,20,wt,uniform,oltp,2000000,512,1230,1585.90,2173.70,2349.00,528.90,512
upstream-3.2,20,wt,uniform,oltp,2000000,512,1240,1333.20,1928.80,2347.60,436.10,512
upstream-3.2,20,wt,uniform,oltp,2000000,512,1250,1468.90,1895.70,3243.58,497.30,512
upstream-3.2,20,wt,uniform,oltp,2000000,512,1260,1616.80,2211.50,2442.95,539.40,512
upstream-3.2,20,wt,uniform,oltp,2000000,512,1270,1298.30,1831.90,3094.67,426.80,512
upstream-3.2,20,wt,uniform,oltp,2000000,512,1280,1555.70,2132.10,2524.72,518.90,512
upstream-3.2,20,wt,uniform,oltp,2000000,512,1290,1853.70,2491.00,1998.40,623.30,512
upstream-3.2,20,wt,uniform,oltp,2000000,512,1300,1661.10,2256.70,2264.09,554.00,512
upstream-3.2,20,wt,uniform,oltp,2000000,512,1310,1545.50,2132.00,2398.03,511.60,512
upstream-3.2,20,wt,uniform,oltp,2000000,512,1320,1749.30,2399.80,2072.11,586.90,512
upstream-3.2,20,wt,uniform,oltp,2000000,512,1330,2017.40,2759.10,1879.46,672.40,512
upstream-3.2,20,wt,uniform,oltp,2000000,512,1340,1862.00,2542.60,2027.32,620.40,512
upstream-3.2,20,wt,uniform,oltp,2000000,512,1350,1638.90,2390.90,2106.51,540.50,512
upstream-3.2,20,wt,uniform,oltp,2000000,512,1360,2058.60,2686.40,2017.64,691.60,512
upstream-3.2,20,wt,uniform,oltp,2000000,512,1370,1840.20,2644.70,1914.67,607.30,512
upstream-3.2,20,wt,uniform,oltp,2000000,512,1380,1998.50,2611.60,2120.43,672.40,512
upstream-3.2,20,wt,uniform,oltp,2000000,512,1390,1890.40,2582.70,2097.07,630.50,512
upstream-3.2,20,wt,uniform,oltp,2000000,512,1400,2031.80,2772.50,1920.41,677.10,512
upstream-3.2,20,wt,uniform,oltp,2000000,512,1410,1926.30,2661.60,1943.54,641.90,512
upstream-3.2,20,wt,uniform,oltp,2000000,512,1420,1677.30,2378.50,2720.10,553.50,512
upstream-3.2,20,wt,uniform,oltp,2000000,512,1430,1722.20,2270.10,2293.42,580.10,512
upstream-3.2,20,wt,uniform,oltp,2000000,512,1440,1770.70,2435.60,2221.13,590.20,512
upstream-3.2,20,wt,uniform,oltp,2000000,512,1450,1282.60,1849.30,2873.26,421.30,512
upstream-3.2,20,wt,uniform,oltp,2000000,512,1460,1814.10,2375.90,2462.03,611.30,512
upstream-3.2,20,wt,uniform,oltp,2000000,512,1470,1831.39,2530.18,2018.85,604.50,512
upstream-3.2,20,wt,uniform,oltp,2000000,512,1480,1958.02,2659.22,1890.74,658.21,512
upstream-3.2,20,wt,uniform,oltp,2000000,512,1490,1646.70,2370.60,2185.51,542.40,512
upstream-3.2,20,wt,uniform,oltp,2000000,512,1500,1955.70,2574.40,2184.86,656.20,512
upstream-3.2,20,wt,uniform,oltp,2000000,512,1510,1828.20,2506.50,1902.67,609.70,512
upstream-3.2,20,wt,uniform,oltp,2000000,512,1520,1641.60,2355.00,2309.96,543.30,512
upstream-3.2,20,wt,uniform,oltp,2000000,512,1530,2052.70,2687.90,2136.99,689.80,512
upstream-3.2,20,wt,uniform,oltp,2000000,512,1540,1973.80,2715.30,1895.28,658.40,512
upstream-3.2,20,wt,uniform,oltp,2000000,512,1550,1695.70,2316.40,2590.56,565.00,512
upstream-3.2,20,wt,uniform,oltp,2000000,512,1560,1774.70,2557.40,1838.83,585.30,512
upstream-3.2,20,wt,uniform,oltp,2000000,512,1570,1971.80,2587.80,2105.88,663.30,512
upstream-3.2,20,wt,uniform,oltp,2000000,512,1580,1896.20,2584.40,2053.59,632.10,512
upstream-3.2,20,wt,uniform,oltp,2000000,512,1590,1753.50,2398.80,2070.87,584.90,512
upstream-3.2,20,wt,uniform,oltp,2000000,512,1600,2409.10,3302.90,1551.79,802.60,512
upstream-3.2,20,wt,uniform,oltp,2000000,512,1610,2581.30,3545.70,1424.46,860.90,512
upstream-3.2,20,wt,uniform,oltp,2000000,512,1620,2697.80,3703.10,1370.51,898.80,512
upstream-3.2,20,wt,uniform,oltp,2000000,512,1630,2130.90,2918.00,1843.80,709.80,512
upstream-3.2,20,wt,uniform,oltp,2000000,512,1640,1879.00,2554.70,2019.45,626.80,512
upstream-3.2,20,wt,uniform,oltp,2000000,512,1650,1877.30,2571.90,2105.25,626.10,512
upstream-3.2,20,wt,uniform,oltp,2000000,512,1660,1966.70,2736.50,1906.66,649.00,512
upstream-3.2,20,wt,uniform,oltp,2000000,512,1670,1824.50,2459.80,2183.55,614.70,512
upstream-3.2,20,wt,uniform,oltp,2000000,512,1680,2160.30,2939.60,1805.56,720.00,512
upstream-3.2,20,wt,uniform,oltp,2000000,512,1690,2109.60,2887.00,1877.77,703.40,512
upstream-3.2,20,wt,uniform,oltp,2000000,512,1700,2135.20,2914.00,1936.57,711.10,512
upstream-3.2,20,wt,uniform,oltp,2000000,512,1710,2109.10,2881.20,1824.58,703.20,512
upstream-3.2,20,wt,uniform,oltp,2000000,512,1720,2204.40,3007.30,1734.57,734.90,512
upstream-3.2,20,wt,uniform,oltp,2000000,512,1730,2277.50,3134.10,1736.13,759.60,512
upstream-3.2,20,wt,uniform,oltp,2000000,512,1740,1932.80,2642.80,1902.10,644.20,512
upstream-3.2,20,wt,uniform,oltp,2000000,512,1750,1987.50,2852.00,1854.87,656.30,512
upstream-3.2,20,wt,uniform,oltp,2000000,512,1760,2143.50,2802.00,1994.22,720.60,512
upstream-3.2,20,wt,uniform,oltp,2000000,512,1770,2032.90,2812.50,1825.12,677.60,512
upstream-3.2,20,wt,uniform,oltp,2000000,512,1780,2049.90,2789.50,2075.84,683.20,512
upstream-3.2,20,wt,uniform,oltp,2000000,512,1790,2218.10,3134.90,1644.57,733.30,512
upstream-3.2,20,wt,uniform,oltp,2000000,512,1800,2380.90,3161.10,1707.78,799.70,512
upstream-3.2,20,wt,uniform,oltp_ro,2000000,128,10,0.00,41272.85,26.42,10053.51,128
upstream-3.2,20,wt,uniform,oltp_ro,2000000,128,20,0.00,43244.21,25.60,10543.60,128
upstream-3.2,20,wt,uniform,oltp_ro,2000000,128,30,0.00,43275.40,25.59,10540.80,128
upstream-3.2,20,wt,uniform,oltp_ro,2000000,128,40,0.00,41137.75,26.11,10014.39,128
upstream-3.2,20,wt,uniform,oltp_ro,2000000,128,50,0.00,43167.38,25.66,10517.37,128
upstream-3.2,20,wt,uniform,oltp_ro,2000000,128,60,0.00,43357.38,25.55,10544.04,128
upstream-3.2,20,wt,uniform,oltp_ro,2000000,128,70,0.00,43332.19,25.60,10569.70,128
upstream-3.2,20,wt,uniform,oltp_ro,2000000,128,80,0.00,43278.37,25.61,10538.99,128
upstream-3.2,20,wt,uniform,oltp_ro,2000000,128,90,0.00,43381.72,25.43,10575.48,128
upstream-3.2,20,wt,uniform,oltp_ro,2000000,128,100,0.00,43241.82,25.67,10540.33,128
upstream-3.2,20,wt,uniform,oltp_ro,2000000,128,110,0.00,43304.10,25.61,10536.40,128
upstream-3.2,20,wt,uniform,oltp_ro,2000000,128,120,0.00,43327.99,25.59,10543.40,128
upstream-3.2,20,wt,uniform,oltp_ro,2000000,128,130,0.00,43318.21,25.59,10554.00,128
upstream-3.2,20,wt,uniform,oltp_ro,2000000,128,140,0.00,43175.67,25.69,10520.79,128
upstream-3.2,20,wt,uniform,oltp_ro,2000000,128,150,0.00,43120.71,25.67,10500.30,128
upstream-3.2,20,wt,uniform,oltp_ro,2000000,128,160,0.00,43136.20,25.71,10496.30,128
upstream-3.2,20,wt,uniform,oltp_ro,2000000,128,170,0.00,43171.70,25.60,10505.00,128
upstream-3.2,20,wt,uniform,oltp_ro,2000000,128,180,0.00,43113.70,25.66,10491.70,128
upstream-3.2,20,wt,uniform,oltp_ro,2000000,128,190,0.00,43190.89,25.73,10510.90,128
upstream-3.2,20,wt,uniform,oltp_ro,2000000,128,200,0.00,43175.91,25.61,10521.60,128
upstream-3.2,20,wt,uniform,oltp_ro,2000000,128,210,0.00,43189.97,25.64,10519.49,128
upstream-3.2,20,wt,uniform,oltp_ro,2000000,128,220,0.00,43200.84,25.69,10520.81,128
upstream-3.2,20,wt,uniform,oltp_ro,2000000,128,230,0.00,43266.40,25.69,10537.10,128
upstream-3.2,20,wt,uniform,oltp_ro,2000000,128,240,0.00,43138.90,25.75,10491.80,128
upstream-3.2,20,wt,uniform,oltp_ro,2000000,128,250,0.00,43077.79,25.66,10494.07,128
upstream-3.2,20,wt,uniform,oltp_ro,2000000,128,260,0.00,43310.02,25.56,10542.18,128
upstream-3.2,20,wt,uniform,oltp_ro,2000000,128,270,0.00,43173.10,25.68,10512.15,128
upstream-3.2,20,wt,uniform,oltp_ro,2000000,128,280,0.00,43089.99,25.70,10504.20,128
upstream-3.2,20,wt,uniform,oltp_ro,2000000,128,290,0.00,43221.98,25.62,10523.25,128
upstream-3.2,20,wt,uniform,oltp_ro,2000000,128,300,0.00,43219.02,25.68,10523.25,128
upstream-3.2,20,wt,uniform,oltp_ro,2000000,128,310,0.00,43255.02,25.69,10529.20,128
upstream-3.2,20,wt,uniform,oltp_ro,2000000,128,320,0.00,43221.69,25.58,10524.90,128
upstream-3.2,20,wt,uniform,oltp_ro,2000000,128,330,0.00,43186.00,25.66,10521.20,128
upstream-3.2,20,wt,uniform,oltp_ro,2000000,128,340,0.00,43145.70,25.61,10513.00,128
upstream-3.2,20,wt,uniform,oltp_ro,2000000,128,350,0.00,43248.20,25.58,10543.00,128
upstream-3.2,20,wt,uniform,oltp_ro,2000000,128,360,0.00,43129.44,25.79,10497.18,128
upstream-3.2,20,wt,uniform,oltp_ro,2000000,128,370,0.00,43192.91,25.58,10532.13,128
upstream-3.2,20,wt,uniform,oltp_ro,2000000,128,380,0.00,43173.15,25.69,10495.09,128
upstream-3.2,20,wt,uniform,oltp_ro,2000000,128,390,0.00,43131.19,25.74,10492.00,128
upstream-3.2,20,wt,uniform,oltp_ro,2000000,128,400,0.00,43107.50,25.83,10483.30,128
upstream-3.2,20,wt,uniform,oltp_ro,2000000,128,410,0.00,43114.30,25.69,10500.30,128
upstream-3.2,20,wt,uniform,oltp_ro,2000000,128,420,0.00,43066.61,25.72,10486.10,128
upstream-3.2,20,wt,uniform,oltp_ro,2000000,128,430,0.00,43083.49,25.62,10493.90,128
upstream-3.2,20,wt,uniform,oltp_ro,2000000,128,440,0.00,43166.10,25.75,10504.00,128
upstream-3.2,20,wt,uniform,oltp_ro,2000000,128,450,0.00,43088.59,25.64,10488.90,128
upstream-3.2,20,wt,uniform,oltp_ro,2000000,128,460,0.00,43085.30,25.81,10492.10,128
upstream-3.2,20,wt,uniform,oltp_ro,2000000,128,470,0.00,43304.81,25.72,10526.10,128
upstream-3.2,20,wt,uniform,oltp_ro,2000000,128,480,0.00,43121.45,25.74,10504.39,128
upstream-3.2,20,wt,uniform,oltp_ro,2000000,128,490,0.00,43104.15,25.74,10503.21,128
upstream-3.2,20,wt,uniform,oltp_ro,2000000,128,500,0.00,43153.89,25.65,10510.60,128
upstream-3.2,20,wt,uniform,oltp_ro,2000000,128,510,0.00,43119.31,25.72,10517.00,128
upstream-3.2,20,wt,uniform,oltp_ro,2000000,128,520,0.00,43183.39,25.74,10516.40,128
upstream-3.2,20,wt,uniform,oltp_ro,2000000,128,530,0.00,43143.10,25.69,10508.50,128
upstream-3.2,20,wt,uniform,oltp_ro,2000000,128,540,0.00,43202.60,25.67,10508.00,128
upstream-3.2,20,wt,uniform,oltp_ro,2000000,128,550,0.00,43219.00,25.72,10502.20,128
upstream-3.2,20,wt,uniform,oltp_ro,2000000,128,560,0.00,43121.61,25.77,10507.70,128
upstream-3.2,20,wt,uniform,oltp_ro,2000000,128,570,0.00,43186.10,25.64,10515.30,128
upstream-3.2,20,wt,uniform,oltp_ro,2000000,128,580,0.00,43242.11,25.69,10527.25,128
upstream-3.2,20,wt,uniform,oltp_ro,2000000,128,590,0.00,43107.70,25.66,10507.03,128
upstream-3.2,20,wt,uniform,oltp_ro,2000000,128,600,0.00,43158.98,25.69,10513.12,128
upstream-3.2,20,wt,uniform,oltp_ro,2000000,128,610,0.00,43176.90,25.75,10512.50,128
upstream-3.2,20,wt,uniform,oltp_ro,2000000,128,620,0.00,43028.11,25.81,10478.20,128
upstream-3.2,20,wt,uniform,oltp_ro,2000000,128,630,0.00,43054.99,25.58,10501.20,128
upstream-3.2,20,wt,uniform,oltp_ro,2000000,128,640,0.00,43067.20,25.72,10502.60,128
upstream-3.2,20,wt,uniform,oltp_ro,2000000,128,650,0.00,43160.90,25.75,10506.60,128
upstream-3.2,20,wt,uniform,oltp_ro,2000000,128,660,0.00,43044.09,25.69,10482.70,128
upstream-3.2,20,wt,uniform,oltp_ro,2000000,128,670,0.00,42987.50,25.80,10479.00,128
upstream-3.2,20,wt,uniform,oltp_ro,2000000,128,680,0.00,43088.30,25.67,10494.50,128
upstream-3.2,20,wt,uniform,oltp_ro,2000000,128,690,0.00,43127.87,25.71,10493.54,128
upstream-3.2,20,wt,uniform,oltp_ro,2000000,128,700,0.00,43135.45,25.56,10511.56,128
upstream-3.2,20,wt,uniform,oltp_ro,2000000,128,710,0.00,43173.29,25.75,10504.70,128
upstream-3.2,20,wt,uniform,oltp_ro,2000000,128,720,0.00,43141.30,25.71,10509.80,128
upstream-3.2,20,wt,uniform,oltp_ro,2000000,128,730,0.00,43102.80,25.66,10494.20,128
upstream-3.2,20,wt,uniform,oltp_ro,2000000,128,740,0.00,43110.11,25.71,10499.00,128
upstream-3.2,20,wt,uniform,oltp_ro,2000000,128,750,0.00,43171.10,25.69,10503.40,128
upstream-3.2,20,wt,uniform,oltp_ro,2000000,128,760,0.00,43301.19,25.63,10544.80,128
upstream-3.2,20,wt,uniform,oltp_ro,2000000,128,770,0.00,43266.90,25.61,10530.00,128
upstream-3.2,20,wt,uniform,oltp_ro,2000000,128,780,0.00,43145.59,25.69,10493.30,128
upstream-3.2,20,wt,uniform,oltp_ro,2000000,128,790,0.00,42950.65,25.72,10469.86,128
upstream-3.2,20,wt,uniform,oltp_ro,2000000,128,800,0.00,43189.25,25.62,10514.84,128
upstream-3.2,20,wt,uniform,oltp_ro,2000000,128,810,0.00,43077.70,25.66,10503.10,128
upstream-3.2,20,wt,uniform,oltp_ro,2000000,128,820,0.00,43126.51,25.77,10496.20,128
upstream-3.2,20,wt,uniform,oltp_ro,2000000,128,830,0.00,43092.70,25.69,10491.80,128
upstream-3.2,20,wt,uniform,oltp_ro,2000000,128,840,0.00,43101.10,25.66,10504.60,128
upstream-3.2,20,wt,uniform,oltp_ro,2000000,128,850,0.00,43042.71,25.84,10474.00,128
upstream-3.2,20,wt,uniform,oltp_ro,2000000,128,860,0.00,43121.14,25.72,10492.09,128
upstream-3.2,20,wt,uniform,oltp_ro,2000000,128,870,0.00,43026.00,25.75,10478.90,128
upstream-3.2,20,wt,uniform,oltp_ro,2000000,128,880,0.00,43070.55,25.65,10495.11,128
upstream-3.2,20,wt,uniform,oltp_ro,2000000,128,890,0.00,43153.09,25.68,10509.50,128
upstream-3.2,20,wt,uniform,oltp_ro,2000000,128,900,0.00,42999.81,25.70,10474.40,128
upstream-3.2,20,wt,uniform,oltp_ro,2000000,128,910,0.00,43078.84,25.73,10501.39,128
upstream-3.2,20,wt,uniform,oltp_ro,2000000,128,920,0.00,43133.36,25.75,10496.11,128
upstream-3.2,20,wt,uniform,oltp_ro,2000000,128,930,0.00,43113.69,25.69,10489.40,128
upstream-3.2,20,wt,uniform,oltp_ro,2000000,128,940,0.00,43196.20,25.62,10522.00,128
upstream-3.2,20,wt,uniform,oltp_ro,2000000,128,950,0.00,43199.30,25.60,10516.80,128
upstream-3.2,20,wt,uniform,oltp_ro,2000000,128,960,0.00,43289.40,25.55,10538.70,128
upstream-3.2,20,wt,uniform,oltp_ro,2000000,128,970,0.00,43189.29,25.63,10520.50,128
upstream-3.2,20,wt,uniform,oltp_ro,2000000,128,980,0.00,43069.20,25.75,10483.10,128
upstream-3.2,20,wt,uniform,oltp_ro,2000000,128,990,0.00,43098.00,25.71,10503.20,128
upstream-3.2,20,wt,uniform,oltp_ro,2000000,128,1000,0.00,43101.90,25.75,10500.30,128
upstream-3.2,20,wt,uniform,oltp_ro,2000000,128,1010,0.00,43122.21,25.63,10508.70,128
upstream-3.2,20,wt,uniform,oltp_ro,2000000,128,1020,0.00,43130.49,25.69,10505.30,128
upstream-3.2,20,wt,uniform,oltp_ro,2000000,128,1030,0.00,43173.21,25.72,10512.20,128
upstream-3.2,20,wt,uniform,oltp_ro,2000000,128,1040,0.00,43104.10,25.69,10505.00,128
upstream-3.2,20,wt,uniform,oltp_ro,2000000,128,1050,0.00,43134.99,25.67,10506.90,128
upstream-3.2,20,wt,uniform,oltp_ro,2000000,128,1060,0.00,43099.01,25.72,10506.80,128
upstream-3.2,20,wt,uniform,oltp_ro,2000000,128,1070,0.00,43158.30,25.72,10505.70,128
upstream-3.2,20,wt,uniform,oltp_ro,2000000,128,1080,0.00,43134.09,25.75,10490.30,128
upstream-3.2,20,wt,uniform,oltp_ro,2000000,128,1090,0.00,43247.61,25.70,10529.60,128
upstream-3.2,20,wt,uniform,oltp_ro,2000000,128,1100,0.00,43514.80,25.55,10584.60,128
upstream-3.2,20,wt,uniform,oltp_ro,2000000,128,1110,0.00,43528.51,25.66,10597.70,128
upstream-3.2,20,wt,uniform,oltp_ro,2000000,128,1120,0.00,43582.50,25.60,10603.30,128
upstream-3.2,20,wt,uniform,oltp_ro,2000000,128,1130,0.00,43382.03,25.58,10565.08,128
upstream-3.2,20,wt,uniform,oltp_ro,2000000,128,1140,0.00,43369.86,25.76,10571.81,128
upstream-3.2,20,wt,uniform,oltp_ro,2000000,128,1150,0.00,43234.41,25.76,10520.20,128
upstream-3.2,20,wt,uniform,oltp_ro,2000000,128,1160,0.00,43358.20,25.70,10551.90,128
upstream-3.2,20,wt,uniform,oltp_ro,2000000,128,1170,0.00,43360.95,25.61,10555.69,128
upstream-3.2,20,wt,uniform,oltp_ro,2000000,128,1180,0.00,43343.65,25.65,10565.61,128
upstream-3.2,20,wt,uniform,oltp_ro,2000000,128,1190,0.00,43310.51,25.65,10560.80,128
upstream-3.2,20,wt,uniform,oltp_ro,2000000,128,1200,0.00,43283.48,25.74,10533.60,128
upstream-3.2,20,wt,uniform,oltp_ro,2000000,128,1210,0.00,43410.60,25.58,10559.10,128
upstream-3.2,20,wt,uniform,oltp_ro,2000000,128,1220,0.00,43312.49,25.65,10559.30,128
upstream-3.2,20,wt,uniform,oltp_ro,2000000,128,1230,0.00,43394.32,25.77,10554.30,128
upstream-3.2,20,wt,uniform,oltp_ro,2000000,128,1240,0.00,43338.79,25.73,10550.80,128
upstream-3.2,20,wt,uniform,oltp_ro,2000000,128,1250,0.00,43373.19,25.65,10573.57,128
upstream-3.2,20,wt,uniform,oltp_ro,2000000,128,1260,0.00,43440.52,25.61,10572.13,128
upstream-3.2,20,wt,uniform,oltp_ro,2000000,128,1270,0.00,43247.68,25.80,10529.40,128
upstream-3.2,20,wt,uniform,oltp_ro,2000000,128,1280,0.00,43279.62,25.73,10527.40,128
upstream-3.2,20,wt,uniform,oltp_ro,2000000,128,1290,0.00,43321.82,25.62,10556.78,128
upstream-3.2,20,wt,uniform,oltp_ro,2000000,128,1300,0.00,43323.97,25.66,10542.82,128
upstream-3.2,20,wt,uniform,oltp_ro,2000000,128,1310,0.00,43349.61,25.72,10556.80,128
upstream-3.2,20,wt,uniform,oltp_ro,2000000,128,1320,0.00,43388.11,25.72,10561.90,128
upstream-3.2,20,wt,uniform,oltp_ro,2000000,128,1330,0.00,43317.00,25.68,10540.10,128
upstream-3.2,20,wt,uniform,oltp_ro,2000000,128,1340,0.00,43404.20,25.69,10566.50,128
upstream-3.2,20,wt,uniform,oltp_ro,2000000,128,1350,0.00,43305.80,25.70,10554.60,128
upstream-3.2,20,wt,uniform,oltp_ro,2000000,128,1360,0.00,43384.30,25.65,10556.80,128
upstream-3.2,20,wt,uniform,oltp_ro,2000000,128,1370,0.00,43370.80,25.69,10557.00,128
upstream-3.2,20,wt,uniform,oltp_ro,2000000,128,1380,0.00,43471.09,25.71,10585.10,128
upstream-3.2,20,wt,uniform,oltp_ro,2000000,128,1390,0.00,43475.50,25.61,10583.20,128
upstream-3.2,20,wt,uniform,oltp_ro,2000000,128,1400,0.00,43390.30,25.72,10560.70,128
upstream-3.2,20,wt,uniform,oltp_ro,2000000,128,1410,0.00,43348.08,25.74,10554.00,128
upstream-3.2,20,wt,uniform,oltp_ro,2000000,128,1420,0.00,43407.12,25.63,10559.60,128
upstream-3.2,20,wt,uniform,oltp_ro,2000000,128,1430,0.00,43428.80,25.59,10572.80,128
upstream-3.2,20,wt,uniform,oltp_ro,2000000,128,1440,0.00,43380.30,25.65,10561.60,128
upstream-3.2,20,wt,uniform,oltp_ro,2000000,128,1450,0.00,43408.51,25.69,10569.10,128
upstream-3.2,20,wt,uniform,oltp_ro,2000000,128,1460,0.00,43204.00,25.69,10536.80,128
upstream-3.2,20,wt,uniform,oltp_ro,2000000,128,1470,0.00,43316.70,25.63,10550.60,128
upstream-3.2,20,wt,uniform,oltp_ro,2000000,128,1480,0.00,43299.49,25.73,10551.30,128
upstream-3.2,20,wt,uniform,oltp_ro,2000000,128,1490,0.00,43259.91,25.75,10526.70,128
upstream-3.2,20,wt,uniform,oltp_ro,2000000,128,1500,0.00,43364.91,25.75,10553.40,128
upstream-3.2,20,wt,uniform,oltp_ro,2000000,128,1510,0.00,43362.28,25.63,10567.00,128
upstream-3.2,20,wt,uniform,oltp_ro,2000000,128,1520,0.00,43447.68,25.70,10573.20,128
upstream-3.2,20,wt,uniform,oltp_ro,2000000,128,1530,0.00,43449.73,25.64,10577.91,128
upstream-3.2,20,wt,uniform,oltp_ro,2000000,128,1540,0.00,43400.58,25.60,10573.10,128
upstream-3.2,20,wt,uniform,oltp_ro,2000000,128,1550,0.00,43281.11,25.69,10539.50,128
upstream-3.2,20,wt,uniform,oltp_ro,2000000,128,1560,0.00,43389.89,25.65,10570.90,128
upstream-3.2,20,wt,uniform,oltp_ro,2000000,128,1570,0.00,43355.91,25.66,10555.70,128
upstream-3.2,20,wt,uniform,oltp_ro,2000000,128,1580,0.00,43423.19,25.73,10580.40,128
upstream-3.2,20,wt,uniform,oltp_ro,2000000,128,1590,0.00,43378.41,25.62,10560.70,128
upstream-3.2,20,wt,uniform,oltp_ro,2000000,128,1600,0.00,43334.60,25.68,10544.70,128
upstream-3.2,20,wt,uniform,oltp_ro,2000000,128,1610,0.00,43404.30,25.60,10559.20,128
upstream-3.2,20,wt,uniform,oltp_ro,2000000,128,1620,0.00,43388.29,25.68,10561.30,128
upstream-3.2,20,wt,uniform,oltp_ro,2000000,128,1630,0.00,43370.80,25.70,10563.70,128
upstream-3.2,20,wt,uniform,oltp_ro,2000000,128,1640,0.00,43379.10,25.66,10559.90,128
upstream-3.2,20,wt,uniform,oltp_ro,2000000,128,1650,0.00,43329.65,25.72,10560.74,128
upstream-3.2,20,wt,uniform,oltp_ro,2000000,128,1660,0.00,43296.26,25.65,10547.46,128
upstream-3.2,20,wt,uniform,oltp_ro,2000000,128,1670,0.00,43225.19,25.79,10532.80,128
upstream-3.2,20,wt,uniform,oltp_ro,2000000,128,1680,0.00,43164.76,25.78,10521.64,128
upstream-3.2,20,wt,uniform,oltp_ro,2000000,128,1690,0.00,43312.05,25.69,10551.56,128
upstream-3.2,20,wt,uniform,oltp_ro,2000000,128,1700,0.00,43261.48,25.72,10529.49,128
upstream-3.2,20,wt,uniform,oltp_ro,2000000,128,1710,0.00,43219.62,25.74,10534.51,128
upstream-3.2,20,wt,uniform,oltp_ro,2000000,128,1720,0.00,43274.39,25.63,10530.10,128
upstream-3.2,20,wt,uniform,oltp_ro,2000000,128,1730,0.00,43364.41,25.65,10551.00,128
upstream-3.2,20,wt,uniform,oltp_ro,2000000,128,1740,0.00,43180.50,25.75,10538.00,128
upstream-3.2,20,wt,uniform,oltp_ro,2000000,128,1750,0.00,43279.60,25.69,10537.60,128
upstream-3.2,20,wt,uniform,oltp_ro,2000000,128,1760,0.00,43404.50,25.64,10568.30,128
upstream-3.2,20,wt,uniform,oltp_ro,2000000,128,1770,0.00,43453.39,25.55,10569.20,128
upstream-3.2,20,wt,uniform,oltp_ro,2000000,128,1780,0.00,43343.50,25.68,10552.50,128
upstream-3.2,20,wt,uniform,oltp_ro,2000000,128,1790,0.00,43346.71,25.61,10559.90,128
upstream-3.2,20,wt,uniform,oltp_ro,2000000,127,1800,0.00,43415.09,25.55,10559.00,128
upstream-3.2,20,wt,uniform,oltp_ro,2000000,48,10,0.00,41905.87,6.74,10207.52,48
upstream-3.2,20,wt,uniform,oltp_ro,2000000,48,20,0.00,43396.81,6.58,10571.80,48
upstream-3.2,20,wt,uniform,oltp_ro,2000000,48,30,0.00,42680.40,6.61,10393.80,48
upstream-3.2,20,wt,uniform,oltp_ro,2000000,48,40,0.00,43300.51,6.55,10554.20,48
upstream-3.2,20,wt,uniform,oltp_ro,2000000,48,50,0.00,43160.70,6.61,10519.20,48
upstream-3.2,20,wt,uniform,oltp_ro,2000000,48,60,0.00,43077.31,6.64,10493.50,48
upstream-3.2,20,wt,uniform,oltp_ro,2000000,48,70,0.00,43433.10,6.55,10570.40,48
upstream-3.2,20,wt,uniform,oltp_ro,2000000,48,80,0.00,43271.79,6.59,10536.40,48
upstream-3.2,20,wt,uniform,oltp_ro,2000000,48,90,0.00,43389.50,6.62,10565.80,48
upstream-3.2,20,wt,uniform,oltp_ro,2000000,48,100,0.00,43259.20,6.58,10539.30,48
upstream-3.2,20,wt,uniform,oltp_ro,2000000,48,110,0.00,43266.10,6.53,10555.40,48
upstream-3.2,20,wt,uniform,oltp_ro,2000000,48,120,0.00,43255.11,6.54,10530.00,48
upstream-3.2,20,wt,uniform,oltp_ro,2000000,48,130,0.00,43130.70,6.53,10504.60,48
upstream-3.2,20,wt,uniform,oltp_ro,2000000,48,140,0.00,43378.00,6.54,10551.00,48
upstream-3.2,20,wt,uniform,oltp_ro,2000000,48,150,0.00,43508.70,6.53,10574.20,48
upstream-3.2,20,wt,uniform,oltp_ro,2000000,48,160,0.00,43484.41,6.52,10591.10,48
upstream-3.2,20,wt,uniform,oltp_ro,2000000,48,170,0.00,43359.29,6.53,10563.80,48
upstream-3.2,20,wt,uniform,oltp_ro,2000000,48,180,0.00,43277.30,6.56,10541.70,48
upstream-3.2,20,wt,uniform,oltp_ro,2000000,48,190,0.00,43104.52,6.54,10516.50,48
upstream-3.2,20,wt,uniform,oltp_ro,2000000,48,200,0.00,43284.08,6.56,10542.60,48
upstream-3.2,20,wt,uniform,oltp_ro,2000000,48,210,0.00,43423.21,6.53,10559.10,48
upstream-3.2,20,wt,uniform,oltp_ro,2000000,48,220,0.00,42913.69,6.61,10450.37,48
upstream-3.2,20,wt,uniform,oltp_ro,2000000,48,230,0.00,43426.32,6.51,10582.53,48
upstream-3.2,20,wt,uniform,oltp_ro,2000000,48,240,0.00,43194.29,6.56,10527.20,48
upstream-3.2,20,wt,uniform,oltp_ro,2000000,48,250,0.00,43256.70,6.55,10538.30,48
upstream-3.2,20,wt,uniform,oltp_ro,2000000,48,260,0.00,43372.41,6.56,10542.60,48
upstream-3.2,20,wt,uniform,oltp_ro,2000000,48,270,0.00,43336.79,6.54,10553.00,48
upstream-3.2,20,wt,uniform,oltp_ro,2000000,48,280,0.00,43437.01,6.54,10574.00,48
upstream-3.2,20,wt,uniform,oltp_ro,2000000,48,290,0.00,43265.90,6.57,10529.80,48
upstream-3.2,20,wt,uniform,oltp_ro,2000000,48,300,0.00,43377.51,6.57,10557.10,48
upstream-3.2,20,wt,uniform,oltp_ro,2000000,48,310,0.00,43191.80,6.55,10517.40,48
upstream-3.2,20,wt,uniform,oltp_ro,2000000,48,320,0.00,43152.10,6.57,10516.30,48
upstream-3.2,20,wt,uniform,oltp_ro,2000000,48,330,0.00,43338.89,6.54,10552.40,48
upstream-3.2,20,wt,uniform,oltp_ro,2000000,48,340,0.00,42968.80,6.60,10480.40,48
upstream-3.2,20,wt,uniform,oltp_ro,2000000,48,350,0.00,43304.50,6.56,10531.10,48
upstream-3.2,20,wt,uniform,oltp_ro,2000000,48,360,0.00,43205.41,6.58,10510.20,48
upstream-3.2,20,wt,uniform,oltp_ro,2000000,48,370,0.00,43242.50,6.53,10537.50,48
upstream-3.2,20,wt,uniform,oltp_ro,2000000,48,380,0.00,43278.60,6.54,10542.40,48
upstream-3.2,20,wt,uniform,oltp_ro,2000000,48,390,0.00,43641.20,6.52,10623.50,48
upstream-3.2,20,wt,uniform,oltp_ro,2000000,48,400,0.00,43573.59,6.57,10618.80,48
upstream-3.2,20,wt,uniform,oltp_ro,2000000,48,410,0.00,43686.99,6.55,10639.50,48
upstream-3.2,20,wt,uniform,oltp_ro,2000000,48,420,0.00,43583.21,6.55,10616.00,48
upstream-3.2,20,wt,uniform,oltp_ro,2000000,48,430,0.00,43433.80,6.58,10573.30,48
upstream-3.2,20,wt,uniform,oltp_ro,2000000,48,440,0.00,43286.10,6.60,10546.70,48
upstream-3.2,20,wt,uniform,oltp_ro,2000000,48,450,0.00,43240.30,6.60,10540.30,48
upstream-3.2,20,wt,uniform,oltp_ro,2000000,48,460,0.00,43280.28,6.59,10537.80,48
upstream-3.2,20,wt,uniform,oltp_ro,2000000,48,470,0.00,43470.22,6.59,10575.80,48
upstream-3.2,20,wt,uniform,oltp_ro,2000000,48,480,0.00,43287.81,6.57,10534.40,48
upstream-3.2,20,wt,uniform,oltp_ro,2000000,48,490,0.00,43359.80,6.58,10565.60,48
upstream-3.2,20,wt,uniform,oltp_ro,2000000,48,500,0.00,43355.30,6.58,10544.40,48
upstream-3.2,20,wt,uniform,oltp_ro,2000000,48,510,0.00,43201.20,6.57,10518.90,48
upstream-3.2,20,wt,uniform,oltp_ro,2000000,48,520,0.00,43436.49,6.54,10558.80,48
upstream-3.2,20,wt,uniform,oltp_ro,2000000,48,530,0.00,43683.69,6.50,10636.60,48
upstream-3.2,20,wt,uniform,oltp_ro,2000000,48,540,0.00,43716.01,6.57,10651.60,48
upstream-3.2,20,wt,uniform,oltp_ro,2000000,48,550,0.00,43618.20,6.55,10628.80,48
upstream-3.2,20,wt,uniform,oltp_ro,2000000,48,560,0.00,43605.99,6.55,10605.50,48
upstream-3.2,20,wt,uniform,oltp_ro,2000000,48,570,0.00,43503.90,6.57,10582.00,48
upstream-3.2,20,wt,uniform,oltp_ro,2000000,48,580,0.00,43331.61,6.62,10549.30,48
upstream-3.2,20,wt,uniform,oltp_ro,2000000,48,590,0.00,43466.78,6.55,10586.05,48
upstream-3.2,20,wt,uniform,oltp_ro,2000000,48,600,0.00,43434.91,6.52,10581.15,48
upstream-3.2,20,wt,uniform,oltp_ro,2000000,48,610,0.00,43292.70,6.60,10544.50,48
upstream-3.2,20,wt,uniform,oltp_ro,2000000,48,620,0.00,43458.60,6.59,10574.70,48
upstream-3.2,20,wt,uniform,oltp_ro,2000000,48,630,0.00,43178.10,6.57,10524.60,48
upstream-3.2,20,wt,uniform,oltp_ro,2000000,48,640,0.00,43439.90,6.56,10586.80,48
upstream-3.2,20,wt,uniform,oltp_ro,2000000,48,650,0.00,43418.53,6.54,10573.78,48
upstream-3.2,20,wt,uniform,oltp_ro,2000000,48,660,0.00,43705.85,6.53,10635.31,48
upstream-3.2,20,wt,uniform,oltp_ro,2000000,48,670,0.00,43782.62,6.52,10647.60,48
upstream-3.2,20,wt,uniform,oltp_ro,2000000,48,680,0.00,43616.90,6.55,10626.30,48
upstream-3.2,20,wt,uniform,oltp_ro,2000000,48,690,0.00,43737.10,6.50,10665.90,48
upstream-3.2,20,wt,uniform,oltp_ro,2000000,48,700,0.00,43763.00,6.53,10652.40,48
upstream-3.2,20,wt,uniform,oltp_ro,2000000,48,710,0.00,43620.70,6.55,10608.90,48
upstream-3.2,20,wt,uniform,oltp_ro,2000000,48,720,0.00,43603.00,6.53,10617.40,48
upstream-3.2,20,wt,uniform,oltp_ro,2000000,48,730,0.00,43348.59,6.58,10559.80,48
upstream-3.2,20,wt,uniform,oltp_ro,2000000,48,740,0.00,43556.90,6.54,10607.90,48
upstream-3.2,20,wt,uniform,oltp_ro,2000000,48,750,0.00,43440.50,6.59,10569.00,48
upstream-3.2,20,wt,uniform,oltp_ro,2000000,48,760,0.00,43626.50,6.55,10623.90,48
upstream-3.2,20,wt,uniform,oltp_ro,2000000,48,770,0.00,43506.80,6.59,10580.80,48
upstream-3.2,20,wt,uniform,oltp_ro,2000000,48,780,0.00,43633.60,6.50,10624.70,48
upstream-3.2,20,wt,uniform,oltp_ro,2000000,48,790,0.00,43458.21,6.54,10583.50,48
upstream-3.2,20,wt,uniform,oltp_ro,2000000,48,800,0.00,43352.60,6.54,10560.40,48
upstream-3.2,20,wt,uniform,oltp_ro,2000000,48,810,0.00,43349.70,6.55,10566.70,48
upstream-3.2,20,wt,uniform,oltp_ro,2000000,48,820,0.00,43384.67,6.54,10560.87,48
upstream-3.2,20,wt,uniform,oltp_ro,2000000,48,830,0.00,43304.93,6.52,10552.43,48
upstream-3.2,20,wt,uniform,oltp_ro,2000000,48,840,0.00,43509.80,6.51,10605.30,48
upstream-3.2,20,wt,uniform,oltp_ro,2000000,48,850,0.00,43401.60,6.56,10576.90,48
upstream-3.2,20,wt,uniform,oltp_ro,2000000,48,860,0.00,43460.00,6.52,10579.40,48
upstream-3.2,20,wt,uniform,oltp_ro,2000000,48,870,0.00,43453.09,6.53,10583.00,48
upstream-3.2,20,wt,uniform,oltp_ro,2000000,48,880,0.00,43675.31,6.54,10632.60,48
upstream-3.2,20,wt,uniform,oltp_ro,2000000,48,890,0.00,43633.08,6.54,10641.50,48
upstream-3.2,20,wt,uniform,oltp_ro,2000000,48,900,0.00,43661.22,6.55,10627.71,48
upstream-3.2,20,wt,uniform,oltp_ro,2000000,48,910,0.00,43593.69,6.56,10606.90,48
upstream-3.2,20,wt,uniform,oltp_ro,2000000,48,920,0.00,43644.95,6.56,10618.59,48
upstream-3.2,20,wt,uniform,oltp_ro,2000000,48,930,0.00,43528.65,6.55,10605.91,48
upstream-3.2,20,wt,uniform,oltp_ro,2000000,48,940,0.00,43412.49,6.59,10588.20,48
upstream-3.2,20,wt,uniform,oltp_ro,2000000,48,950,0.00,43755.78,6.55,10665.00,48
upstream-3.2,20,wt,uniform,oltp_ro,2000000,48,960,0.00,43875.13,6.55,10692.91,48
upstream-3.2,20,wt,uniform,oltp_ro,2000000,48,970,0.00,43864.58,6.55,10690.40,48
upstream-3.2,20,wt,uniform,oltp_ro,2000000,48,980,0.00,43829.71,6.52,10668.40,48
upstream-3.2,20,wt,uniform,oltp_ro,2000000,48,990,0.00,43946.29,6.49,10694.60,48
upstream-3.2,20,wt,uniform,oltp_ro,2000000,48,1000,0.00,44028.60,6.50,10733.60,48
upstream-3.2,20,wt,uniform,oltp_ro,2000000,48,1010,0.00,43750.20,6.51,10655.10,48
upstream-3.2,20,wt,uniform,oltp_ro,2000000,48,1020,0.00,43764.70,6.51,10654.20,48
upstream-3.2,20,wt,uniform,oltp_ro,2000000,48,1030,0.00,43756.80,6.54,10660.80,48
upstream-3.2,20,wt,uniform,oltp_ro,2000000,48,1040,0.00,44021.16,6.54,10712.37,48
upstream-3.2,20,wt,uniform,oltp_ro,2000000,48,1050,0.00,43877.02,6.49,10692.43,48
upstream-3.2,20,wt,uniform,oltp_ro,2000000,48,1060,0.00,44055.72,6.48,10723.40,48
upstream-3.2,20,wt,uniform,oltp_ro,2000000,48,1070,0.00,43817.60,6.52,10685.50,48
upstream-3.2,20,wt,uniform,oltp_ro,2000000,48,1080,0.00,43966.77,6.49,10698.89,48
upstream-3.2,20,wt,uniform,oltp_ro,2000000,48,1090,0.00,43981.73,6.48,10709.31,48
upstream-3.2,20,wt,uniform,oltp_ro,2000000,48,1100,0.00,43925.80,6.53,10681.30,48
upstream-3.2,20,wt,uniform,oltp_ro,2000000,48,1110,0.00,43954.60,6.51,10713.00,48
upstream-3.2,20,wt,uniform,oltp_ro,2000000,48,1120,0.00,43850.02,6.51,10688.86,48
upstream-3.2,20,wt,uniform,oltp_ro,2000000,48,1130,0.00,43996.08,6.51,10716.74,48
upstream-3.2,20,wt,uniform,oltp_ro,2000000,48,1140,0.00,43858.40,6.49,10685.80,48
upstream-3.2,20,wt,uniform,oltp_ro,2000000,48,1150,0.00,43877.20,6.48,10691.00,48
upstream-3.2,20,wt,uniform,oltp_ro,2000000,48,1160,0.00,44181.80,6.47,10756.50,48
upstream-3.2,20,wt,uniform,oltp_ro,2000000,48,1170,0.00,44013.71,6.48,10714.50,48
upstream-3.2,20,wt,uniform,oltp_ro,2000000,48,1180,0.00,44122.39,6.48,10736.90,48
upstream-3.2,20,wt,uniform,oltp_ro,2000000,48,1190,0.00,44110.71,6.46,10747.30,48
upstream-3.2,20,wt,uniform,oltp_ro,2000000,48,1200,0.00,44116.20,6.47,10741.50,48
upstream-3.2,20,wt,uniform,oltp_ro,2000000,48,1210,0.00,43947.79,6.50,10711.10,48
upstream-3.2,20,wt,uniform,oltp_ro,2000000,48,1220,0.00,43776.61,6.51,10652.40,48
upstream-3.2,20,wt,uniform,oltp_ro,2000000,48,1230,0.00,44151.09,6.50,10753.20,48
upstream-3.2,20,wt,uniform,oltp_ro,2000000,48,1240,0.00,43883.00,6.56,10691.70,48
upstream-3.2,20,wt,uniform,oltp_ro,2000000,48,1250,0.00,43884.81,6.56,10674.00,48
upstream-3.2,20,wt,uniform,oltp_ro,2000000,48,1260,0.00,44271.70,6.50,10784.20,48
upstream-3.2,20,wt,uniform,oltp_ro,2000000,48,1270,0.00,44151.40,6.48,10757.10,48
upstream-3.2,20,wt,uniform,oltp_ro,2000000,48,1280,0.00,43905.45,6.55,10700.79,48
upstream-3.2,20,wt,uniform,oltp_ro,2000000,48,1290,0.00,44041.05,6.54,10733.01,48
upstream-3.2,20,wt,uniform,oltp_ro,2000000,48,1300,0.00,44089.10,6.52,10740.40,48
upstream-3.2,20,wt,uniform,oltp_ro,2000000,48,1310,0.00,44082.59,6.54,10734.10,48
upstream-3.2,20,wt,uniform,oltp_ro,2000000,48,1320,0.00,43934.81,6.56,10693.60,48
upstream-3.2,20,wt,uniform,oltp_ro,2000000,48,1330,0.00,43871.00,6.50,10684.90,48
upstream-3.2,20,wt,uniform,oltp_ro,2000000,48,1340,0.00,43773.59,6.51,10652.80,48
upstream-3.2,20,wt,uniform,oltp_ro,2000000,48,1350,0.00,43968.71,6.49,10717.20,48
upstream-3.2,20,wt,uniform,oltp_ro,2000000,48,1360,0.00,44088.19,6.47,10743.60,48
upstream-3.2,20,wt,uniform,oltp_ro,2000000,48,1370,0.00,43870.01,6.51,10689.20,48
upstream-3.2,20,wt,uniform,oltp_ro,2000000,48,1380,0.00,44109.70,6.45,10749.00,48
upstream-3.2,20,wt,uniform,oltp_ro,2000000,48,1390,0.00,44107.90,6.45,10730.40,48
upstream-3.2,20,wt,uniform,oltp_ro,2000000,48,1400,0.00,43874.80,6.50,10689.00,48
upstream-3.2,20,wt,uniform,oltp_ro,2000000,48,1410,0.00,43994.90,6.50,10711.70,48
upstream-3.2,20,wt,uniform,oltp_ro,2000000,48,1420,0.00,43879.99,6.50,10694.10,48
upstream-3.2,20,wt,uniform,oltp_ro,2000000,48,1430,0.00,43944.61,6.51,10704.50,48
upstream-3.2,20,wt,uniform,oltp_ro,2000000,48,1440,0.00,44022.80,6.51,10720.80,48
upstream-3.2,20,wt,uniform,oltp_ro,2000000,48,1450,0.00,44290.91,6.49,10782.90,48
upstream-3.2,20,wt,uniform,oltp_ro,2000000,48,1460,0.00,44195.09,6.49,10761.40,48
upstream-3.2,20,wt,uniform,oltp_ro,2000000,48,1470,0.00,44046.50,6.51,10724.00,48
upstream-3.2,20,wt,uniform,oltp_ro,2000000,48,1480,0.00,44011.14,6.54,10706.39,48
upstream-3.2,20,wt,uniform,oltp_ro,2000000,48,1490,0.00,44026.85,6.53,10714.41,48
upstream-3.2,20,wt,uniform,oltp_ro,2000000,48,1500,0.00,43964.81,6.47,10702.90,48
upstream-3.2,20,wt,uniform,oltp_ro,2000000,48,1510,0.00,44155.62,6.49,10750.38,48
upstream-3.2,20,wt,uniform,oltp_ro,2000000,48,1520,0.00,43989.08,6.54,10731.32,48
upstream-3.2,20,wt,uniform,oltp_ro,2000000,48,1530,0.00,44093.18,6.51,10727.99,48
upstream-3.2,20,wt,uniform,oltp_ro,2000000,48,1540,0.00,44061.31,6.42,10735.60,48
upstream-3.2,20,wt,uniform,oltp_ro,2000000,48,1550,0.00,43908.79,6.50,10691.70,48
upstream-3.2,20,wt,uniform,oltp_ro,2000000,48,1560,0.00,43833.31,6.52,10673.30,48
upstream-3.2,20,wt,uniform,oltp_ro,2000000,48,1570,0.00,43648.39,6.51,10634.30,48
upstream-3.2,20,wt,uniform,oltp_ro,2000000,48,1580,0.00,43859.50,6.51,10679.10,48
upstream-3.2,20,wt,uniform,oltp_ro,2000000,48,1590,0.00,43857.10,6.51,10683.10,48
upstream-3.2,20,wt,uniform,oltp_ro,2000000,48,1600,0.00,43960.19,6.50,10711.70,48
upstream-3.2,20,wt,uniform,oltp_ro,2000000,48,1610,0.00,44103.91,6.47,10740.50,48
upstream-3.2,20,wt,uniform,oltp_ro,2000000,48,1620,0.00,44001.20,6.46,10709.90,48
upstream-3.2,20,wt,uniform,oltp_ro,2000000,48,1630,0.00,44115.40,6.47,10728.80,48
upstream-3.2,20,wt,uniform,oltp_ro,2000000,48,1640,0.00,43998.41,6.49,10712.10,48
upstream-3.2,20,wt,uniform,oltp_ro,2000000,48,1650,0.00,44096.50,6.48,10731.90,48
upstream-3.2,20,wt,uniform,oltp_ro,2000000,48,1660,0.00,43966.60,6.48,10693.20,48
upstream-3.2,20,wt,uniform,oltp_ro,2000000,48,1670,0.00,44012.91,6.47,10714.90,48
upstream-3.2,20,wt,uniform,oltp_ro,2000000,48,1680,0.00,44155.99,6.46,10757.50,48
upstream-3.2,20,wt,uniform,oltp_ro,2000000,48,1690,0.00,43899.20,6.47,10689.20,48
upstream-3.2,20,wt,uniform,oltp_ro,2000000,48,1700,0.00,44018.29,6.52,10724.50,48
upstream-3.2,20,wt,uniform,oltp_ro,2000000,48,1710,0.00,44068.31,6.50,10743.50,48
upstream-3.2,20,wt,uniform,oltp_ro,2000000,48,1720,0.00,44172.10,6.48,10765.60,48
upstream-3.2,20,wt,uniform,oltp_ro,2000000,48,1730,0.00,43875.30,6.54,10690.80,48
upstream-3.2,20,wt,uniform,oltp_ro,2000000,48,1740,0.00,43953.09,6.54,10696.80,48
upstream-3.2,20,wt,uniform,oltp_ro,2000000,48,1750,0.00,44189.01,6.44,10760.60,48
upstream-3.2,20,wt,uniform,oltp_ro,2000000,48,1760,0.00,43922.41,6.53,10706.40,48
upstream-3.2,20,wt,uniform,oltp_ro,2000000,48,1770,0.00,44026.98,6.51,10714.50,48
upstream-3.2,20,wt,uniform,oltp_ro,2000000,48,1780,0.00,43853.42,6.49,10684.20,48
upstream-3.2,20,wt,uniform,oltp_ro,2000000,48,1790,0.00,44134.05,6.50,10754.31,48
upstream-3.2,20,wt,uniform,oltp_ro,2000000,48,1800,0.00,44269.54,6.47,10773.79,48
upstream-3.2,20,wt,uniform,oltp_ro,2000000,512,10,0.00,36112.23,126.87,8775.01,512
upstream-3.2,20,wt,uniform,oltp_ro,2000000,512,20,0.00,39707.12,123.02,9668.10,512
upstream-3.2,20,wt,uniform,oltp_ro,2000000,512,30,0.00,40602.30,122.43,9889.90,512
upstream-3.2,20,wt,uniform,oltp_ro,2000000,512,40,0.00,40495.31,122.32,9861.70,512
upstream-3.2,20,wt,uniform,oltp_ro,2000000,512,50,0.00,40732.70,122.29,9909.40,512
upstream-3.2,20,wt,uniform,oltp_ro,2000000,512,60,0.00,40589.61,122.43,9899.10,512
upstream-3.2,20,wt,uniform,oltp_ro,2000000,512,70,0.00,40700.09,122.10,9913.70,512
upstream-3.2,20,wt,uniform,oltp_ro,2000000,512,80,0.00,40555.73,122.69,9870.93,512
upstream-3.2,20,wt,uniform,oltp_ro,2000000,512,90,0.00,40560.48,122.54,9888.07,512
upstream-3.2,20,wt,uniform,oltp_ro,2000000,512,100,0.00,40690.28,121.78,9909.79,512
upstream-3.2,20,wt,uniform,oltp_ro,2000000,512,110,0.00,40617.21,122.21,9893.60,512
upstream-3.2,20,wt,uniform,oltp_ro,2000000,512,120,0.00,40638.71,121.99,9898.00,512
upstream-3.2,20,wt,uniform,oltp_ro,2000000,512,130,0.00,40705.40,122.03,9914.60,512
upstream-3.2,20,wt,uniform,oltp_ro,2000000,512,140,0.00,40652.70,122.51,9905.20,512
upstream-3.2,20,wt,uniform,oltp_ro,2000000,512,150,0.00,40680.69,122.14,9905.70,512
upstream-3.2,20,wt,uniform,oltp_ro,2000000,512,160,0.00,40802.49,121.70,9927.70,512
upstream-3.2,20,wt,uniform,oltp_ro,2000000,512,170,0.00,40640.92,122.18,9902.51,512
upstream-3.2,20,wt,uniform,oltp_ro,2000000,512,180,0.00,40552.77,122.21,9883.99,512
upstream-3.2,20,wt,uniform,oltp_ro,2000000,512,190,0.00,40447.11,122.62,9854.90,512
upstream-3.2,20,wt,uniform,oltp_ro,2000000,512,200,0.00,40512.80,122.36,9872.10,512
upstream-3.2,20,wt,uniform,oltp_ro,2000000,512,210,0.00,40443.69,122.80,9859.10,512
upstream-3.2,20,wt,uniform,oltp_ro,2000000,512,220,0.00,40505.30,122.84,9856.20,512
upstream-3.2,20,wt,uniform,oltp_ro,2000000,512,230,0.00,40577.48,122.62,9878.59,512
upstream-3.2,20,wt,uniform,oltp_ro,2000000,512,240,0.00,40520.20,123.10,9865.40,512
upstream-3.2,20,wt,uniform,oltp_ro,2000000,512,250,0.00,40700.31,121.89,9909.10,512
upstream-3.2,20,wt,uniform,oltp_ro,2000000,512,260,0.00,40625.42,122.14,9900.75,512
upstream-3.2,20,wt,uniform,oltp_ro,2000000,512,270,0.00,40603.80,122.91,9880.25,512
upstream-3.2,20,wt,uniform,oltp_ro,2000000,512,280,0.00,40638.57,122.25,9901.44,512
upstream-3.2,20,wt,uniform,oltp_ro,2000000,512,290,0.00,40643.43,122.54,9896.66,512
upstream-3.2,20,wt,uniform,oltp_ro,2000000,512,300,0.00,40683.91,122.10,9904.70,512
upstream-3.2,20,wt,uniform,oltp_ro,2000000,512,310,0.00,40461.20,122.87,9857.00,512
upstream-3.2,20,wt,uniform,oltp_ro,2000000,512,320,0.00,40424.30,122.76,9836.30,512
upstream-3.2,20,wt,uniform,oltp_ro,2000000,512,330,0.00,40465.89,122.69,9860.90,512
upstream-3.2,20,wt,uniform,oltp_ro,2000000,512,340,0.00,40699.71,122.07,9902.60,512
upstream-3.2,20,wt,uniform,oltp_ro,2000000,512,350,0.00,40640.00,122.62,9894.08,512
upstream-3.2,20,wt,uniform,oltp_ro,2000000,512,360,0.00,40551.11,122.65,9879.13,512
upstream-3.2,20,wt,uniform,oltp_ro,2000000,512,370,0.00,40649.40,122.32,9892.60,512
upstream-3.2,20,wt,uniform,oltp_ro,2000000,512,380,0.00,40583.28,122.21,9896.39,512
upstream-3.2,20,wt,uniform,oltp_ro,2000000,512,390,0.00,40614.18,122.65,9892.60,512
upstream-3.2,20,wt,uniform,oltp_ro,2000000,512,400,0.00,40572.32,122.47,9888.51,512
upstream-3.2,20,wt,uniform,oltp_ro,2000000,512,410,0.00,40588.10,122.43,9886.50,512
upstream-3.2,20,wt,uniform,oltp_ro,2000000,512,420,0.00,40533.30,122.80,9875.20,512
upstream-3.2,20,wt,uniform,oltp_ro,2000000,512,430,0.00,40530.07,122.32,9881.57,512
upstream-3.2,20,wt,uniform,oltp_ro,2000000,512,440,0.00,40591.93,122.58,9875.53,512
upstream-3.2,20,wt,uniform,oltp_ro,2000000,512,450,0.00,40553.90,123.13,9857.08,512
upstream-3.2,20,wt,uniform,oltp_ro,2000000,512,460,0.00,40582.11,121.99,9889.43,512
upstream-3.2,20,wt,uniform,oltp_ro,2000000,512,470,0.00,40592.40,122.40,9879.40,512
upstream-3.2,20,wt,uniform,oltp_ro,2000000,512,480,0.00,40528.83,122.25,9887.88,512
upstream-3.2,20,wt,uniform,oltp_ro,2000000,512,490,0.00,40565.36,123.10,9874.12,512
upstream-3.2,20,wt,uniform,oltp_ro,2000000,512,500,0.00,40650.59,122.14,9885.10,512
upstream-3.2,20,wt,uniform,oltp_ro,2000000,512,510,0.00,40564.71,122.43,9880.20,512
upstream-3.2,20,wt,uniform,oltp_ro,2000000,512,520,0.00,40622.29,122.29,9891.00,512
upstream-3.2,20,wt,uniform,oltp_ro,2000000,512,530,0.00,40485.20,123.10,9843.60,512
upstream-3.2,20,wt,uniform,oltp_ro,2000000,512,540,0.00,40431.67,122.95,9844.87,512
upstream-3.2,20,wt,uniform,oltp_ro,2000000,512,550,0.00,40491.53,122.14,9875.43,512
upstream-3.2,20,wt,uniform,oltp_ro,2000000,512,560,0.00,40525.20,122.76,9858.80,512
upstream-3.2,20,wt,uniform,oltp_ro,2000000,512,570,0.00,40491.90,122.40,9862.40,512
upstream-3.2,20,wt,uniform,oltp_ro,2000000,512,580,0.00,40489.99,122.47,9862.80,512
upstream-3.2,20,wt,uniform,oltp_ro,2000000,512,590,0.00,40583.30,122.36,9882.20,512
upstream-3.2,20,wt,uniform,oltp_ro,2000000,512,600,0.00,40486.41,122.76,9861.50,512
upstream-3.2,20,wt,uniform,oltp_ro,2000000,512,610,0.00,40509.30,122.76,9878.20,512
upstream-3.2,20,wt,uniform,oltp_ro,2000000,512,620,0.00,40577.91,122.40,9886.60,512
upstream-3.2,20,wt,uniform,oltp_ro,2000000,512,630,0.00,40518.38,122.95,9870.40,512
upstream-3.2,20,wt,uniform,oltp_ro,2000000,512,640,0.00,40440.80,122.76,9858.90,512
upstream-3.2,20,wt,uniform,oltp_ro,2000000,512,650,0.00,40568.09,122.47,9885.20,512
upstream-3.2,20,wt,uniform,oltp_ro,2000000,512,660,0.00,40515.18,122.76,9867.77,512
upstream-3.2,20,wt,uniform,oltp_ro,2000000,512,670,0.00,40577.43,122.58,9877.73,512
upstream-3.2,20,wt,uniform,oltp_ro,2000000,512,680,0.00,40464.21,122.73,9850.00,512
upstream-3.2,20,wt,uniform,oltp_ro,2000000,512,690,0.00,40604.31,122.25,9883.20,512
upstream-3.2,20,wt,uniform,oltp_ro,2000000,512,700,0.00,40728.90,121.85,9912.60,512
upstream-3.2,20,wt,uniform,oltp_ro,2000000,512,710,0.00,40357.97,123.02,9841.39,512
upstream-3.2,20,wt,uniform,oltp_ro,2000000,512,720,0.00,40680.62,122.36,9894.40,512
upstream-3.2,20,wt,uniform,oltp_ro,2000000,512,730,0.00,40531.60,122.29,9878.60,512
upstream-3.2,20,wt,uniform,oltp_ro,2000000,512,740,0.00,40635.41,122.40,9884.20,512
upstream-3.2,20,wt,uniform,oltp_ro,2000000,512,750,0.00,40621.10,122.07,9888.70,512
upstream-3.2,20,wt,uniform,oltp_ro,2000000,512,760,0.00,40530.39,122.80,9852.70,512
upstream-3.2,20,wt,uniform,oltp_ro,2000000,512,770,0.00,40518.51,122.36,9866.20,512
upstream-3.2,20,wt,uniform,oltp_ro,2000000,512,780,0.00,40402.89,123.24,9830.70,512
upstream-3.2,20,wt,uniform,oltp_ro,2000000,512,790,0.00,40599.00,122.18,9880.00,512
upstream-3.2,20,wt,uniform,oltp_ro,2000000,512,800,0.00,40492.69,122.73,9859.60,512
upstream-3.2,20,wt,uniform,oltp_ro,2000000,512,810,0.00,40422.80,122.62,9857.80,512
upstream-3.2,20,wt,uniform,oltp_ro,2000000,512,820,0.00,40549.12,122.69,9866.90,512
upstream-3.2,20,wt,uniform,oltp_ro,2000000,512,830,0.00,40593.09,122.54,9889.10,512
upstream-3.2,20,wt,uniform,oltp_ro,2000000,512,840,0.00,40516.21,122.91,9856.70,512
upstream-3.2,20,wt,uniform,oltp_ro,2000000,512,850,0.00,40579.39,122.14,9880.60,512
upstream-3.2,20,wt,uniform,oltp_ro,2000000,512,860,0.00,40605.29,122.07,9896.60,512
upstream-3.2,20,wt,uniform,oltp_ro,2000000,512,870,0.00,40660.71,122.10,9892.30,512
upstream-3.2,20,wt,uniform,oltp_ro,2000000,512,880,0.00,40687.76,121.85,9905.34,512
upstream-3.2,20,wt,uniform,oltp_ro,2000000,512,890,0.00,40486.72,122.25,9862.90,512
upstream-3.2,20,wt,uniform,oltp_ro,2000000,512,900,0.00,40642.18,122.21,9886.84,512
upstream-3.2,20,wt,uniform,oltp_ro,2000000,512,910,0.00,40567.15,122.43,9875.56,512
upstream-3.2,20,wt,uniform,oltp_ro,2000000,512,920,0.00,40563.69,122.32,9884.65,512
upstream-3.2,20,wt,uniform,oltp_ro,2000000,512,930,0.00,40517.70,122.87,9864.40,512
upstream-3.2,20,wt,uniform,oltp_ro,2000000,512,940,0.00,40604.48,122.14,9891.70,512
upstream-3.2,20,wt,uniform,oltp_ro,2000000,512,950,0.00,40598.90,122.29,9883.30,512
upstream-3.2,20,wt,uniform,oltp_ro,2000000,512,960,0.00,40598.92,122.29,9891.86,512
upstream-3.2,20,wt,uniform,oltp_ro,2000000,512,970,0.00,40613.58,122.14,9902.04,512
upstream-3.2,20,wt,uniform,oltp_ro,2000000,512,980,0.00,40703.56,122.36,9900.39,512
upstream-3.2,20,wt,uniform,oltp_ro,2000000,512,990,0.00,40699.46,122.32,9899.51,512
upstream-3.2,20,wt,uniform,oltp_ro,2000000,512,1000,0.00,40514.58,122.84,9856.35,512
upstream-3.2,20,wt,uniform,oltp_ro,2000000,512,1010,0.00,40602.61,122.51,9884.15,512
upstream-3.2,20,wt,uniform,oltp_ro,2000000,512,1020,0.00,40672.83,122.29,9895.86,512
upstream-3.2,20,wt,uniform,oltp_ro,2000000,512,1030,0.00,40584.16,122.62,9882.14,512
upstream-3.2,20,wt,uniform,oltp_ro,2000000,512,1040,0.00,40535.31,122.40,9868.20,512
upstream-3.2,20,wt,uniform,oltp_ro,2000000,512,1050,0.00,40512.00,122.62,9869.60,512
upstream-3.2,20,wt,uniform,oltp_ro,2000000,512,1060,0.00,40500.69,122.54,9863.63,512
upstream-3.2,20,wt,uniform,oltp_ro,2000000,512,1070,0.00,40693.30,122.29,9899.57,512
upstream-3.2,20,wt,uniform,oltp_ro,2000000,512,1080,0.00,40745.59,121.92,9914.60,512
upstream-3.2,20,wt,uniform,oltp_ro,2000000,512,1090,0.00,40678.11,122.51,9908.20,512
upstream-3.2,20,wt,uniform,oltp_ro,2000000,512,1100,0.00,40693.30,122.14,9906.10,512
upstream-3.2,20,wt,uniform,oltp_ro,2000000,512,1110,0.00,40615.71,122.84,9879.50,512
upstream-3.2,20,wt,uniform,oltp_ro,2000000,512,1120,0.00,40654.69,122.18,9895.90,512
upstream-3.2,20,wt,uniform,oltp_ro,2000000,512,1130,0.00,40599.70,122.43,9888.90,512
upstream-3.2,20,wt,uniform,oltp_ro,2000000,512,1140,0.00,40639.20,122.32,9903.28,512
upstream-3.2,20,wt,uniform,oltp_ro,2000000,512,1150,0.00,40680.21,122.36,9891.38,512
upstream-3.2,20,wt,uniform,oltp_ro,2000000,512,1160,0.00,40598.36,122.36,9882.90,512
upstream-3.2,20,wt,uniform,oltp_ro,2000000,512,1170,0.00,40578.33,121.99,9893.53,512
upstream-3.2,20,wt,uniform,oltp_ro,2000000,512,1180,0.00,40624.50,122.32,9884.70,512
upstream-3.2,20,wt,uniform,oltp_ro,2000000,512,1190,0.00,40518.40,122.95,9869.10,512
upstream-3.2,20,wt,uniform,oltp_ro,2000000,512,1200,0.00,40439.50,123.35,9848.40,512
upstream-3.2,20,wt,uniform,oltp_ro,2000000,512,1210,0.00,40669.80,121.85,9901.10,512
upstream-3.2,20,wt,uniform,oltp_ro,2000000,512,1220,0.00,40583.91,122.29,9890.10,512
upstream-3.2,20,wt,uniform,oltp_ro,2000000,512,1230,0.00,40450.30,123.17,9854.00,512
upstream-3.2,20,wt,uniform,oltp_ro,2000000,512,1240,0.00,40393.10,123.10,9845.50,512
upstream-3.2,20,wt,uniform,oltp_ro,2000000,512,1250,0.00,40409.60,122.87,9846.00,512
upstream-3.2,20,wt,uniform,oltp_ro,2000000,512,1260,0.00,40537.39,122.58,9879.30,512
upstream-3.2,20,wt,uniform,oltp_ro,2000000,512,1270,0.00,40577.70,122.21,9881.10,512
upstream-3.2,20,wt,uniform,oltp_ro,2000000,512,1280,0.00,40564.11,123.06,9880.70,512
upstream-3.2,20,wt,uniform,oltp_ro,2000000,512,1290,0.00,40529.90,122.29,9871.60,512
upstream-3.2,20,wt,uniform,oltp_ro,2000000,512,1300,0.00,40618.71,122.14,9894.60,512
upstream-3.2,20,wt,uniform,oltp_ro,2000000,512,1310,0.00,40711.60,122.14,9912.70,512
upstream-3.2,20,wt,uniform,oltp_ro,2000000,512,1320,0.00,40498.60,122.73,9872.30,512
upstream-3.2,20,wt,uniform,oltp_ro,2000000,512,1330,0.00,40501.09,123.17,9862.20,512
upstream-3.2,20,wt,uniform,oltp_ro,2000000,512,1340,0.00,40712.31,122.21,9907.30,512
upstream-3.2,20,wt,uniform,oltp_ro,2000000,512,1350,0.00,40568.89,122.73,9872.35,512
upstream-3.2,20,wt,uniform,oltp_ro,2000000,512,1360,0.00,40567.11,122.47,9872.45,512
upstream-3.2,20,wt,uniform,oltp_ro,2000000,512,1370,0.00,40650.71,122.14,9899.20,512
upstream-3.2,20,wt,uniform,oltp_ro,2000000,512,1380,0.00,40663.40,121.85,9908.10,512
upstream-3.2,20,wt,uniform,oltp_ro,2000000,512,1390,0.00,40563.36,122.65,9881.79,512
upstream-3.2,20,wt,uniform,oltp_ro,2000000,512,1400,0.00,40570.44,122.36,9888.91,512
upstream-3.2,20,wt,uniform,oltp_ro,2000000,512,1410,0.00,40636.21,122.58,9900.30,512
upstream-3.2,20,wt,uniform,oltp_ro,2000000,512,1420,0.00,40478.80,122.87,9853.15,512
upstream-3.2,20,wt,uniform,oltp_ro,2000000,512,1430,0.00,40504.49,122.58,9866.37,512
upstream-3.2,20,wt,uniform,oltp_ro,2000000,512,1440,0.00,40674.80,122.25,9894.27,512
upstream-3.2,20,wt,uniform,oltp_ro,2000000,512,1450,0.00,40631.60,122.36,9896.90,512
upstream-3.2,20,wt,uniform,oltp_ro,2000000,512,1460,0.00,40645.79,122.36,9897.00,512
upstream-3.2,20,wt,uniform,oltp_ro,2000000,512,1470,0.00,40573.92,122.80,9881.30,512
upstream-3.2,20,wt,uniform,oltp_ro,2000000,512,1480,0.00,40653.19,122.40,9897.90,512
upstream-3.2,20,wt,uniform,oltp_ro,2000000,512,1490,0.00,40522.89,122.62,9880.40,512
upstream-3.2,20,wt,uniform,oltp_ro,2000000,512,1500,0.00,40633.31,122.40,9892.28,512
upstream-3.2,20,wt,uniform,oltp_ro,2000000,512,1510,0.00,40629.31,122.32,9893.33,512
upstream-3.2,20,wt,uniform,oltp_ro,2000000,512,1520,0.00,40547.20,122.65,9881.40,512
upstream-3.2,20,wt,uniform,oltp_ro,2000000,512,1530,0.00,40569.30,122.58,9883.50,512
upstream-3.2,20,wt,uniform,oltp_ro,2000000,512,1540,0.00,40661.89,121.92,9918.99,512
upstream-3.2,20,wt,uniform,oltp_ro,2000000,512,1550,0.00,40521.90,122.73,9865.80,512
upstream-3.2,20,wt,uniform,oltp_ro,2000000,512,1560,0.00,40485.81,122.95,9874.20,512
upstream-3.2,20,wt,uniform,oltp_ro,2000000,512,1570,0.00,40707.19,121.63,9920.90,512
upstream-3.2,20,wt,uniform,oltp_ro,2000000,512,1580,0.00,40663.70,122.36,9900.80,512
upstream-3.2,20,wt,uniform,oltp_ro,2000000,512,1590,0.00,40673.21,122.47,9905.10,512
upstream-3.2,20,wt,uniform,oltp_ro,2000000,512,1600,0.00,40592.01,122.62,9877.88,512
upstream-3.2,20,wt,uniform,oltp_ro,2000000,512,1610,0.00,40692.77,121.99,9911.81,512
upstream-3.2,20,wt,uniform,oltp_ro,2000000,512,1620,0.00,40655.01,122.29,9894.50,512
upstream-3.2,20,wt,uniform,oltp_ro,2000000,512,1630,0.00,40655.30,122.40,9881.50,512
upstream-3.2,20,wt,uniform,oltp_ro,2000000,512,1640,0.00,40647.59,121.96,9894.25,512
upstream-3.2,20,wt,uniform,oltp_ro,2000000,512,1650,0.00,40696.80,121.85,9913.35,512
upstream-3.2,20,wt,uniform,oltp_ro,2000000,512,1660,0.00,40643.51,122.14,9909.70,512
upstream-3.2,20,wt,uniform,oltp_ro,2000000,512,1670,0.00,40659.42,122.18,9901.10,512
upstream-3.2,20,wt,uniform,oltp_ro,2000000,512,1680,0.00,40606.37,123.32,9869.07,512
upstream-3.2,20,wt,uniform,oltp_ro,2000000,512,1690,0.00,40507.42,122.69,9861.53,512
upstream-3.2,20,wt,uniform,oltp_ro,2000000,512,1700,0.00,40560.29,122.21,9877.30,512
upstream-3.2,20,wt,uniform,oltp_ro,2000000,512,1710,0.00,40671.41,122.18,9905.80,512
upstream-3.2,20,wt,uniform,oltp_ro,2000000,512,1720,0.00,40593.40,122.32,9888.80,512
upstream-3.2,20,wt,uniform,oltp_ro,2000000,512,1730,0.00,40569.09,122.25,9879.80,512
upstream-3.2,20,wt,uniform,oltp_ro,2000000,512,1740,0.00,40625.71,122.47,9890.50,512
upstream-3.2,20,wt,uniform,oltp_ro,2000000,512,1750,0.00,40702.80,122.14,9907.90,512
upstream-3.2,20,wt,uniform,oltp_ro,2000000,512,1760,0.00,40602.02,122.25,9880.96,512
upstream-3.2,20,wt,uniform,oltp_ro,2000000,512,1770,0.00,40479.88,123.10,9850.54,512
upstream-3.2,20,wt,uniform,oltp_ro,2000000,512,1780,0.00,40599.49,122.40,9883.60,512
upstream-3.2,20,wt,uniform,oltp_ro,2000000,512,1790,0.00,40460.24,122.47,9860.86,512
upstream-3.2,20,wt,uniform,oltp_ro,2000000,512,1800,0.00,40629.64,121.96,9900.93,512
