10,18837.68,0.06,mysql56.bpi32,1
20,19082.87,0.06,mysql56.bpi32,1
30,17563.18,0.06,mysql56.bpi32,1
40,17021.73,0.07,mysql56.bpi32,1
50,16059.78,0.07,mysql56.bpi32,1
60,16066.88,0.07,mysql56.bpi32,1
70,16047.32,0.07,mysql56.bpi32,1
80,16002.92,0.07,mysql56.bpi32,1
90,15992.47,0.07,mysql56.bpi32,1
100,15810.51,0.07,mysql56.bpi32,1
110,15972.09,0.07,mysql56.bpi32,1
120,16090.32,0.07,mysql56.bpi32,1
130,15911.28,0.07,mysql56.bpi32,1
140,16181.62,0.07,mysql56.bpi32,1
150,16171.08,0.07,mysql56.bpi32,1
160,16028.52,0.07,mysql56.bpi32,1
170,17805.86,0.06,mysql56.bpi32,1
180,15947.14,0.07,mysql56.bpi32,1
190,16030.77,0.07,mysql56.bpi32,1
200,15974.62,0.07,mysql56.bpi32,1
210,17198.67,0.07,mysql56.bpi32,1
220,16121.93,0.07,mysql56.bpi32,1
230,16119.18,0.07,mysql56.bpi32,1
240,17965.51,0.06,mysql56.bpi32,1
250,18178.19,0.06,mysql56.bpi32,1
260,18128.83,0.06,mysql56.bpi32,1
270,17874.35,0.06,mysql56.bpi32,1
280,18166.85,0.06,mysql56.bpi32,1
290,17417.48,0.07,mysql56.bpi32,1
300,15974.42,0.07,mysql56.bpi32,1
10,14927.28,0.07,mysql57.bpi32,1
20,15186.00,0.07,mysql57.bpi32,1
30,15224.74,0.07,mysql57.bpi32,1
40,15260.06,0.07,mysql57.bpi32,1
50,15267.23,0.07,mysql57.bpi32,1
60,14960.77,0.07,mysql57.bpi32,1
70,15220.44,0.07,mysql57.bpi32,1
80,15061.45,0.07,mysql57.bpi32,1
90,15146.55,0.07,mysql57.bpi32,1
100,15274.76,0.07,mysql57.bpi32,1
110,15249.14,0.07,mysql57.bpi32,1
120,14965.86,0.07,mysql57.bpi32,1
130,15459.11,0.07,mysql57.bpi32,1
140,15399.90,0.07,mysql57.bpi32,1
150,15476.99,0.07,mysql57.bpi32,1
160,15523.31,0.07,mysql57.bpi32,1
170,15559.00,0.07,mysql57.bpi32,1
180,15532.60,0.07,mysql57.bpi32,1
190,15544.90,0.07,mysql57.bpi32,1
200,15555.29,0.07,mysql57.bpi32,1
210,15463.51,0.07,mysql57.bpi32,1
220,15568.40,0.07,mysql57.bpi32,1
230,15625.30,0.07,mysql57.bpi32,1
240,15430.50,0.07,mysql57.bpi32,1
250,15485.39,0.07,mysql57.bpi32,1
260,14673.81,0.07,mysql57.bpi32,1
270,14443.60,0.07,mysql57.bpi32,1
280,14385.20,0.07,mysql57.bpi32,1
290,14357.50,0.07,mysql57.bpi32,1
300,14420.60,0.07,mysql57.bpi32,1
10,33524.21,0.07,mysql56.bpi32,2
20,35481.07,0.07,mysql56.bpi32,2
30,35797.54,0.06,mysql56.bpi32,2
40,34921.52,0.06,mysql56.bpi32,2
50,35990.24,0.06,mysql56.bpi32,2
60,36234.44,0.06,mysql56.bpi32,2
70,36011.24,0.06,mysql56.bpi32,2
80,34071.47,0.07,mysql56.bpi32,2
90,34252.72,0.07,mysql56.bpi32,2
100,35230.79,0.07,mysql56.bpi32,2
110,36619.00,0.06,mysql56.bpi32,2
120,36343.95,0.06,mysql56.bpi32,2
130,34208.25,0.07,mysql56.bpi32,2
140,33505.12,0.07,mysql56.bpi32,2
150,34221.50,0.07,mysql56.bpi32,2
160,34799.48,0.07,mysql56.bpi32,2
170,34060.39,0.07,mysql56.bpi32,2
180,33385.32,0.07,mysql56.bpi32,2
190,34490.30,0.07,mysql56.bpi32,2
200,34821.10,0.07,mysql56.bpi32,2
210,34900.30,0.07,mysql56.bpi32,2
220,34804.13,0.07,mysql56.bpi32,2
230,34693.07,0.07,mysql56.bpi32,2
240,35713.51,0.07,mysql56.bpi32,2
250,33957.67,0.07,mysql56.bpi32,2
260,34045.99,0.07,mysql56.bpi32,2
270,33937.32,0.07,mysql56.bpi32,2
280,34363.98,0.07,mysql56.bpi32,2
290,38004.03,0.06,mysql56.bpi32,2
10,27681.14,0.08,mysql57.bpi32,2
20,26968.63,0.08,mysql57.bpi32,2
30,28532.79,0.07,mysql57.bpi32,2
40,28587.42,0.07,mysql57.bpi32,2
50,29896.01,0.07,mysql57.bpi32,2
60,28508.80,0.08,mysql57.bpi32,2
70,30176.00,0.07,mysql57.bpi32,2
80,27123.62,0.08,mysql57.bpi32,2
90,27164.28,0.08,mysql57.bpi32,2
100,27157.50,0.08,mysql57.bpi32,2
110,27155.40,0.08,mysql57.bpi32,2
120,28476.46,0.07,mysql57.bpi32,2
130,28424.14,0.07,mysql57.bpi32,2
140,26946.12,0.08,mysql57.bpi32,2
150,28340.68,0.07,mysql57.bpi32,2
160,26938.92,0.08,mysql57.bpi32,2
170,27818.06,0.08,mysql57.bpi32,2
180,28398.44,0.07,mysql57.bpi32,2
190,28587.65,0.07,mysql57.bpi32,2
200,28818.36,0.07,mysql57.bpi32,2
210,28670.68,0.08,mysql57.bpi32,2
220,26917.42,0.08,mysql57.bpi32,2
230,28225.37,0.08,mysql57.bpi32,2
240,28972.10,0.07,mysql57.bpi32,2
250,29567.31,0.07,mysql57.bpi32,2
260,28380.26,0.08,mysql57.bpi32,2
270,26835.65,0.08,mysql57.bpi32,2
280,27188.32,0.08,mysql57.bpi32,2
290,27092.59,0.08,mysql57.bpi32,2
10,50178.45,0.07,mysql56.bpi32,3
20,51287.37,0.07,mysql56.bpi32,3
30,51540.47,0.07,mysql56.bpi32,3
40,51116.38,0.07,mysql56.bpi32,3
50,51987.78,0.06,mysql56.bpi32,3
60,51109.91,0.07,mysql56.bpi32,3
70,50907.70,0.07,mysql56.bpi32,3
80,48869.59,0.07,mysql56.bpi32,3
90,48561.22,0.07,mysql56.bpi32,3
100,49517.82,0.07,mysql56.bpi32,3
110,48914.99,0.07,mysql56.bpi32,3
120,52116.97,0.07,mysql56.bpi32,3
130,51901.32,0.06,mysql56.bpi32,3
140,50351.39,0.07,mysql56.bpi32,3
150,51158.62,0.07,mysql56.bpi32,3
160,52152.24,0.07,mysql56.bpi32,3
170,51619.17,0.07,mysql56.bpi32,3
180,50835.93,0.07,mysql56.bpi32,3
190,50675.27,0.07,mysql56.bpi32,3
200,51343.87,0.07,mysql56.bpi32,3
210,52532.80,0.06,mysql56.bpi32,3
220,52621.89,0.06,mysql56.bpi32,3
230,52545.12,0.06,mysql56.bpi32,3
240,51936.25,0.07,mysql56.bpi32,3
250,51217.66,0.07,mysql56.bpi32,3
260,49282.48,0.07,mysql56.bpi32,3
270,50220.38,0.07,mysql56.bpi32,3
280,52809.83,0.06,mysql56.bpi32,3
290,53591.46,0.06,mysql56.bpi32,3
300,52827.03,0.06,mysql56.bpi32,3
10,41052.46,0.08,mysql57.bpi32,3
20,42077.02,0.08,mysql57.bpi32,3
30,42176.41,0.08,mysql57.bpi32,3
40,41027.36,0.08,mysql57.bpi32,3
50,41126.57,0.08,mysql57.bpi32,3
60,41431.18,0.08,mysql57.bpi32,3
70,41043.73,0.08,mysql57.bpi32,3
80,41523.11,0.08,mysql57.bpi32,3
90,43002.49,0.08,mysql57.bpi32,3
100,41217.18,0.08,mysql57.bpi32,3
110,42771.42,0.08,mysql57.bpi32,3
120,42262.71,0.08,mysql57.bpi32,3
130,42705.39,0.07,mysql57.bpi32,3
140,42095.41,0.08,mysql57.bpi32,3
150,42807.50,0.07,mysql57.bpi32,3
160,41951.71,0.08,mysql57.bpi32,3
170,40473.67,0.09,mysql57.bpi32,3
180,40276.03,0.08,mysql57.bpi32,3
190,40390.09,0.09,mysql57.bpi32,3
200,43164.91,0.08,mysql57.bpi32,3
210,42675.79,0.07,mysql57.bpi32,3
220,42438.61,0.07,mysql57.bpi32,3
230,43006.59,0.08,mysql57.bpi32,3
240,40097.99,0.09,mysql57.bpi32,3
250,42916.26,0.08,mysql57.bpi32,3
260,42341.55,0.08,mysql57.bpi32,3
270,42277.69,0.08,mysql57.bpi32,3
280,39937.71,0.09,mysql57.bpi32,3
290,40800.80,0.09,mysql57.bpi32,3
300,42457.90,0.08,mysql57.bpi32,3
10,68003.47,0.07,mysql56.bpi32,4
20,69349.13,0.06,mysql56.bpi32,4
30,66736.57,0.07,mysql56.bpi32,4
40,66958.16,0.07,mysql56.bpi32,4
50,66993.18,0.07,mysql56.bpi32,4
60,68774.90,0.06,mysql56.bpi32,4
70,71116.86,0.06,mysql56.bpi32,4
80,70408.40,0.06,mysql56.bpi32,4
90,69715.46,0.06,mysql56.bpi32,4
100,67690.10,0.07,mysql56.bpi32,4
110,69014.02,0.07,mysql56.bpi32,4
120,68080.32,0.07,mysql56.bpi32,4
130,67287.66,0.07,mysql56.bpi32,4
140,67734.75,0.07,mysql56.bpi32,4
150,65888.95,0.07,mysql56.bpi32,4
160,65986.44,0.07,mysql56.bpi32,4
170,67823.59,0.07,mysql56.bpi32,4
180,67678.02,0.07,mysql56.bpi32,4
190,67838.75,0.07,mysql56.bpi32,4
200,67548.53,0.07,mysql56.bpi32,4
210,68362.17,0.07,mysql56.bpi32,4
220,68443.45,0.07,mysql56.bpi32,4
230,66199.93,0.07,mysql56.bpi32,4
240,68450.96,0.07,mysql56.bpi32,4
250,68427.57,0.07,mysql56.bpi32,4
260,69043.52,0.06,mysql56.bpi32,4
270,70100.02,0.06,mysql56.bpi32,4
280,69558.78,0.06,mysql56.bpi32,4
290,68558.76,0.07,mysql56.bpi32,4
300,68009.51,0.07,mysql56.bpi32,4
10,54186.50,0.08,mysql57.bpi32,4
20,52992.13,0.09,mysql57.bpi32,4
30,53687.09,0.09,mysql57.bpi32,4
40,53237.92,0.09,mysql57.bpi32,4
50,53798.31,0.08,mysql57.bpi32,4
60,52632.52,0.08,mysql57.bpi32,4
70,52698.24,0.09,mysql57.bpi32,4
80,51536.98,0.09,mysql57.bpi32,4
90,53286.83,0.09,mysql57.bpi32,4
100,52989.37,0.09,mysql57.bpi32,4
110,54103.24,0.08,mysql57.bpi32,4
120,53372.86,0.08,mysql57.bpi32,4
130,53259.57,0.09,mysql57.bpi32,4
140,51764.99,0.09,mysql57.bpi32,4
150,53235.61,0.09,mysql57.bpi32,4
160,53103.20,0.09,mysql57.bpi32,4
170,53694.74,0.09,mysql57.bpi32,4
180,54486.29,0.08,mysql57.bpi32,4
190,53307.07,0.08,mysql57.bpi32,4
200,51692.32,0.09,mysql57.bpi32,4
210,52535.13,0.09,mysql57.bpi32,4
220,54089.37,0.08,mysql57.bpi32,4
230,54494.11,0.08,mysql57.bpi32,4
240,53489.71,0.09,mysql57.bpi32,4
250,52203.64,0.09,mysql57.bpi32,4
260,53964.24,0.09,mysql57.bpi32,4
270,51771.06,0.09,mysql57.bpi32,4
280,54005.21,0.08,mysql57.bpi32,4
290,54389.67,0.08,mysql57.bpi32,4
10,80863.75,0.07,mysql56.bpi32,5
20,80866.19,0.07,mysql56.bpi32,5
30,82893.39,0.07,mysql56.bpi32,5
40,81827.70,0.07,mysql56.bpi32,5
50,82326.84,0.07,mysql56.bpi32,5
60,82654.25,0.07,mysql56.bpi32,5
70,81955.53,0.07,mysql56.bpi32,5
80,81730.38,0.07,mysql56.bpi32,5
90,81914.23,0.07,mysql56.bpi32,5
100,85290.46,0.06,mysql56.bpi32,5
110,82035.65,0.07,mysql56.bpi32,5
120,81763.57,0.07,mysql56.bpi32,5
130,80554.21,0.07,mysql56.bpi32,5
140,83069.93,0.07,mysql56.bpi32,5
150,81529.01,0.07,mysql56.bpi32,5
160,80702.24,0.07,mysql56.bpi32,5
170,81519.08,0.07,mysql56.bpi32,5
180,81010.22,0.07,mysql56.bpi32,5
190,82435.67,0.07,mysql56.bpi32,5
200,83854.03,0.07,mysql56.bpi32,5
210,82567.21,0.07,mysql56.bpi32,5
220,80600.53,0.07,mysql56.bpi32,5
230,81216.86,0.07,mysql56.bpi32,5
240,82535.90,0.07,mysql56.bpi32,5
250,82973.25,0.07,mysql56.bpi32,5
260,81322.04,0.07,mysql56.bpi32,5
270,83525.44,0.07,mysql56.bpi32,5
280,82725.06,0.07,mysql56.bpi32,5
290,81830.67,0.07,mysql56.bpi32,5
10,67473.62,0.08,mysql57.bpi32,5
20,67436.76,0.08,mysql57.bpi32,5
30,66539.13,0.08,mysql57.bpi32,5
40,67013.09,0.08,mysql57.bpi32,5
50,67611.67,0.08,mysql57.bpi32,5
60,68597.43,0.08,mysql57.bpi32,5
70,67029.56,0.08,mysql57.bpi32,5
80,67660.59,0.08,mysql57.bpi32,5
90,68183.91,0.08,mysql57.bpi32,5
100,66775.24,0.08,mysql57.bpi32,5
110,66683.68,0.08,mysql57.bpi32,5
120,66414.66,0.08,mysql57.bpi32,5
130,67165.52,0.08,mysql57.bpi32,5
140,67086.98,0.08,mysql57.bpi32,5
150,67118.83,0.08,mysql57.bpi32,5
160,64963.08,0.08,mysql57.bpi32,5
170,67382.35,0.08,mysql57.bpi32,5
180,66544.83,0.09,mysql57.bpi32,5
190,66016.58,0.08,mysql57.bpi32,5
200,66095.34,0.08,mysql57.bpi32,5
210,66687.08,0.08,mysql57.bpi32,5
220,65320.32,0.08,mysql57.bpi32,5
230,65625.44,0.08,mysql57.bpi32,5
240,66219.47,0.09,mysql57.bpi32,5
250,67606.22,0.08,mysql57.bpi32,5
260,66970.18,0.08,mysql57.bpi32,5
270,65230.85,0.08,mysql57.bpi32,5
280,65837.44,0.08,mysql57.bpi32,5
290,65614.76,0.08,mysql57.bpi32,5
300,65732.05,0.08,mysql57.bpi32,5
10,97200.41,0.07,mysql56.bpi32,6
20,96752.20,0.07,mysql56.bpi32,6
30,97421.90,0.07,mysql56.bpi32,6
40,98833.43,0.07,mysql56.bpi32,6
50,99746.84,0.07,mysql56.bpi32,6
60,96876.21,0.07,mysql56.bpi32,6
70,97368.76,0.07,mysql56.bpi32,6
80,95835.04,0.07,mysql56.bpi32,6
90,95835.44,0.07,mysql56.bpi32,6
100,97685.81,0.07,mysql56.bpi32,6
110,97727.62,0.07,mysql56.bpi32,6
120,97364.37,0.07,mysql56.bpi32,6
130,98364.21,0.07,mysql56.bpi32,6
140,98613.30,0.07,mysql56.bpi32,6
150,98731.70,0.07,mysql56.bpi32,6
160,100502.91,0.07,mysql56.bpi32,6
170,99567.32,0.07,mysql56.bpi32,6
180,100570.77,0.07,mysql56.bpi32,6
190,98132.16,0.07,mysql56.bpi32,6
200,96886.47,0.07,mysql56.bpi32,6
210,96410.89,0.07,mysql56.bpi32,6
220,95123.11,0.07,mysql56.bpi32,6
230,97774.57,0.07,mysql56.bpi32,6
240,98797.05,0.07,mysql56.bpi32,6
250,96285.53,0.07,mysql56.bpi32,6
260,95937.74,0.07,mysql56.bpi32,6
270,97019.51,0.07,mysql56.bpi32,6
280,96727.90,0.07,mysql56.bpi32,6
290,100127.14,0.07,mysql56.bpi32,6
300,101811.17,0.06,mysql56.bpi32,6
10,76912.83,0.09,mysql57.bpi32,6
20,79472.90,0.08,mysql57.bpi32,6
30,80582.20,0.08,mysql57.bpi32,6
40,79188.03,0.08,mysql57.bpi32,6
50,79259.77,0.08,mysql57.bpi32,6
60,80144.38,0.08,mysql57.bpi32,6
70,80249.01,0.08,mysql57.bpi32,6
80,81235.76,0.08,mysql57.bpi32,6
90,78865.11,0.08,mysql57.bpi32,6
100,77969.03,0.08,mysql57.bpi32,6
110,77328.34,0.09,mysql57.bpi32,6
120,78520.92,0.09,mysql57.bpi32,6
130,78044.34,0.09,mysql57.bpi32,6
140,78453.70,0.09,mysql57.bpi32,6
150,78900.20,0.09,mysql57.bpi32,6
160,78731.70,0.09,mysql57.bpi32,6
170,79665.14,0.08,mysql57.bpi32,6
180,79316.62,0.08,mysql57.bpi32,6
190,78980.08,0.08,mysql57.bpi32,6
200,78090.22,0.09,mysql57.bpi32,6
210,78469.93,0.08,mysql57.bpi32,6
220,79674.50,0.08,mysql57.bpi32,6
230,78938.69,0.08,mysql57.bpi32,6
240,79724.69,0.08,mysql57.bpi32,6
250,77844.01,0.09,mysql57.bpi32,6
260,79092.60,0.09,mysql57.bpi32,6
270,79932.08,0.09,mysql57.bpi32,6
280,79819.80,0.09,mysql57.bpi32,6
290,81025.34,0.08,mysql57.bpi32,6
300,80824.23,0.08,mysql57.bpi32,6
10,125870.20,0.07,mysql56.bpi32,8
20,126004.03,0.08,mysql56.bpi32,8
30,128650.65,0.08,mysql56.bpi32,8
40,130506.30,0.07,mysql56.bpi32,8
50,129513.86,0.07,mysql56.bpi32,8
60,131683.36,0.07,mysql56.bpi32,8
70,130014.67,0.07,mysql56.bpi32,8
80,131647.12,0.07,mysql56.bpi32,8
90,132972.49,0.07,mysql56.bpi32,8
100,131564.71,0.07,mysql56.bpi32,8
110,131163.49,0.07,mysql56.bpi32,8
120,128524.29,0.07,mysql56.bpi32,8
130,130949.60,0.07,mysql56.bpi32,8
140,129353.45,0.07,mysql56.bpi32,8
150,130183.32,0.07,mysql56.bpi32,8
160,132542.69,0.07,mysql56.bpi32,8
170,127942.55,0.07,mysql56.bpi32,8
180,130517.18,0.07,mysql56.bpi32,8
190,130231.99,0.07,mysql56.bpi32,8
200,131741.29,0.07,mysql56.bpi32,8
210,131947.10,0.07,mysql56.bpi32,8
220,131492.19,0.07,mysql56.bpi32,8
230,130148.91,0.07,mysql56.bpi32,8
240,131860.21,0.07,mysql56.bpi32,8
250,129692.44,0.07,mysql56.bpi32,8
260,131203.23,0.07,mysql56.bpi32,8
270,131139.62,0.07,mysql56.bpi32,8
280,130383.68,0.07,mysql56.bpi32,8
290,130520.10,0.07,mysql56.bpi32,8
300,127912.60,0.07,mysql56.bpi32,8
10,100182.44,0.09,mysql57.bpi32,8
20,103361.96,0.09,mysql57.bpi32,8
30,103822.17,0.09,mysql57.bpi32,8
40,105007.65,0.09,mysql57.bpi32,8
50,103866.28,0.09,mysql57.bpi32,8
60,104552.32,0.09,mysql57.bpi32,8
70,104784.13,0.09,mysql57.bpi32,8
80,104585.76,0.09,mysql57.bpi32,8
90,104572.49,0.09,mysql57.bpi32,8
100,105006.39,0.09,mysql57.bpi32,8
110,106534.83,0.08,mysql57.bpi32,8
120,106538.96,0.08,mysql57.bpi32,8
130,105983.47,0.08,mysql57.bpi32,8
140,103111.84,0.09,mysql57.bpi32,8
150,104236.71,0.09,mysql57.bpi32,8
160,105106.13,0.09,mysql57.bpi32,8
170,104811.13,0.09,mysql57.bpi32,8
180,104734.30,0.09,mysql57.bpi32,8
190,104581.45,0.09,mysql57.bpi32,8
200,103892.88,0.09,mysql57.bpi32,8
210,103367.51,0.09,mysql57.bpi32,8
220,103125.29,0.09,mysql57.bpi32,8
230,103524.55,0.09,mysql57.bpi32,8
240,103523.53,0.09,mysql57.bpi32,8
250,105371.03,0.09,mysql57.bpi32,8
260,106158.62,0.09,mysql57.bpi32,8
270,104225.07,0.09,mysql57.bpi32,8
280,103663.27,0.09,mysql57.bpi32,8
290,104319.92,0.09,mysql57.bpi32,8
10,157046.54,0.08,mysql56.bpi32,10
20,163007.88,0.07,mysql56.bpi32,10
30,162152.49,0.07,mysql56.bpi32,10
40,162040.91,0.07,mysql56.bpi32,10
50,161031.11,0.07,mysql56.bpi32,10
60,162017.96,0.07,mysql56.bpi32,10
70,162173.18,0.07,mysql56.bpi32,10
80,161707.27,0.07,mysql56.bpi32,10
90,161515.12,0.07,mysql56.bpi32,10
100,159950.78,0.07,mysql56.bpi32,10
110,161255.87,0.07,mysql56.bpi32,10
120,162997.55,0.07,mysql56.bpi32,10
130,162278.14,0.07,mysql56.bpi32,10
140,159577.86,0.07,mysql56.bpi32,10
150,162260.12,0.07,mysql56.bpi32,10
160,162955.80,0.07,mysql56.bpi32,10
170,160101.57,0.07,mysql56.bpi32,10
180,161564.38,0.07,mysql56.bpi32,10
190,160534.21,0.07,mysql56.bpi32,10
200,162626.09,0.07,mysql56.bpi32,10
210,162925.79,0.07,mysql56.bpi32,10
220,161095.87,0.07,mysql56.bpi32,10
230,163072.16,0.07,mysql56.bpi32,10
240,162026.68,0.07,mysql56.bpi32,10
250,161252.65,0.07,mysql56.bpi32,10
260,161824.58,0.07,mysql56.bpi32,10
270,161379.75,0.07,mysql56.bpi32,10
280,162742.32,0.07,mysql56.bpi32,10
290,162105.52,0.07,mysql56.bpi32,10
300,161903.83,0.07,mysql56.bpi32,10
10,129625.97,0.09,mysql57.bpi32,10
20,130139.26,0.08,mysql57.bpi32,10
30,130050.58,0.08,mysql57.bpi32,10
40,131543.73,0.08,mysql57.bpi32,10
50,129593.67,0.09,mysql57.bpi32,10
60,132107.71,0.08,mysql57.bpi32,10
70,132681.70,0.08,mysql57.bpi32,10
80,130858.58,0.08,mysql57.bpi32,10
90,131522.42,0.08,mysql57.bpi32,10
100,130754.82,0.09,mysql57.bpi32,10
110,130888.65,0.09,mysql57.bpi32,10
120,131228.72,0.08,mysql57.bpi32,10
130,130719.46,0.08,mysql57.bpi32,10
140,131038.37,0.09,mysql57.bpi32,10
150,130545.16,0.09,mysql57.bpi32,10
160,131671.19,0.08,mysql57.bpi32,10
170,132018.72,0.08,mysql57.bpi32,10
180,132063.51,0.08,mysql57.bpi32,10
190,130355.91,0.09,mysql57.bpi32,10
200,130904.69,0.09,mysql57.bpi32,10
210,131169.40,0.09,mysql57.bpi32,10
220,130373.05,0.09,mysql57.bpi32,10
230,130642.30,0.09,mysql57.bpi32,10
240,128882.93,0.09,mysql57.bpi32,10
250,130624.49,0.08,mysql57.bpi32,10
260,131261.01,0.08,mysql57.bpi32,10
270,130944.11,0.08,mysql57.bpi32,10
280,130670.88,0.09,mysql57.bpi32,10
290,132026.53,0.08,mysql57.bpi32,10
300,130858.56,0.09,mysql57.bpi32,10
10,202357.38,0.08,mysql56.bpi32,13
20,205625.84,0.07,mysql56.bpi32,13
30,206569.00,0.07,mysql56.bpi32,13
40,208113.05,0.07,mysql56.bpi32,13
50,208250.20,0.07,mysql56.bpi32,13
60,203862.24,0.08,mysql56.bpi32,13
70,202811.23,0.08,mysql56.bpi32,13
80,208803.85,0.07,mysql56.bpi32,13
90,207220.09,0.07,mysql56.bpi32,13
100,209239.66,0.07,mysql56.bpi32,13
110,208582.58,0.07,mysql56.bpi32,13
120,209704.12,0.07,mysql56.bpi32,13
130,209346.89,0.07,mysql56.bpi32,13
140,209017.30,0.07,mysql56.bpi32,13
150,207771.04,0.07,mysql56.bpi32,13
160,208207.26,0.07,mysql56.bpi32,13
170,203858.38,0.08,mysql56.bpi32,13
180,204302.56,0.08,mysql56.bpi32,13
190,201407.50,0.08,mysql56.bpi32,13
200,207752.50,0.07,mysql56.bpi32,13
210,207746.47,0.07,mysql56.bpi32,13
220,207157.21,0.07,mysql56.bpi32,13
230,206895.05,0.07,mysql56.bpi32,13
240,201463.68,0.08,mysql56.bpi32,13
250,207297.58,0.07,mysql56.bpi32,13
260,206605.68,0.07,mysql56.bpi32,13
270,206043.22,0.07,mysql56.bpi32,13
280,207803.40,0.07,mysql56.bpi32,13
290,208263.78,0.07,mysql56.bpi32,13
300,200277.45,0.08,mysql56.bpi32,13
10,161739.44,0.10,mysql57.bpi32,13
20,169320.43,0.09,mysql57.bpi32,13
30,169233.01,0.09,mysql57.bpi32,13
40,171390.06,0.08,mysql57.bpi32,13
50,172088.21,0.08,mysql57.bpi32,13
60,170177.86,0.08,mysql57.bpi32,13
70,167434.46,0.09,mysql57.bpi32,13
80,168942.09,0.09,mysql57.bpi32,13
90,169009.35,0.09,mysql57.bpi32,13
100,166723.60,0.09,mysql57.bpi32,13
110,171020.71,0.08,mysql57.bpi32,13
120,166976.08,0.09,mysql57.bpi32,13
130,169683.03,0.09,mysql57.bpi32,13
140,169735.35,0.09,mysql57.bpi32,13
150,167203.66,0.09,mysql57.bpi32,13
160,167748.06,0.09,mysql57.bpi32,13
170,164961.89,0.09,mysql57.bpi32,13
180,162989.50,0.09,mysql57.bpi32,13
190,169604.75,0.09,mysql57.bpi32,13
200,166494.47,0.08,mysql57.bpi32,13
210,164608.02,0.09,mysql57.bpi32,13
220,164407.12,0.10,mysql57.bpi32,13
230,168012.49,0.09,mysql57.bpi32,13
240,170507.22,0.09,mysql57.bpi32,13
250,171145.73,0.09,mysql57.bpi32,13
260,171855.73,0.08,mysql57.bpi32,13
270,171761.22,0.08,mysql57.bpi32,13
280,171641.09,0.09,mysql57.bpi32,13
290,167468.97,0.09,mysql57.bpi32,13
300,171044.71,0.09,mysql57.bpi32,13
10,230804.80,0.09,mysql56.bpi32,16
20,234976.87,0.08,mysql56.bpi32,16
30,235956.00,0.08,mysql56.bpi32,16
40,230290.84,0.09,mysql56.bpi32,16
50,234896.32,0.08,mysql56.bpi32,16
60,231636.71,0.09,mysql56.bpi32,16
70,236128.23,0.08,mysql56.bpi32,16
80,235924.25,0.08,mysql56.bpi32,16
90,235687.64,0.09,mysql56.bpi32,16
100,235416.35,0.08,mysql56.bpi32,16
110,236486.52,0.08,mysql56.bpi32,16
120,232615.89,0.09,mysql56.bpi32,16
130,234844.12,0.08,mysql56.bpi32,16
140,228404.82,0.09,mysql56.bpi32,16
150,233852.70,0.09,mysql56.bpi32,16
160,236124.90,0.08,mysql56.bpi32,16
170,234890.89,0.09,mysql56.bpi32,16
180,235830.70,0.08,mysql56.bpi32,16
190,235755.00,0.09,mysql56.bpi32,16
200,216481.81,0.09,mysql56.bpi32,16
210,216581.58,0.09,mysql56.bpi32,16
220,231025.58,0.09,mysql56.bpi32,16
230,236798.23,0.08,mysql56.bpi32,16
240,236308.19,0.08,mysql56.bpi32,16
250,238661.59,0.08,mysql56.bpi32,16
260,238846.08,0.08,mysql56.bpi32,16
270,238185.90,0.08,mysql56.bpi32,16
280,239113.02,0.08,mysql56.bpi32,16
290,234748.30,0.08,mysql56.bpi32,16
300,234551.77,0.08,mysql56.bpi32,16
10,192664.36,0.10,mysql57.bpi32,16
20,197916.37,0.10,mysql57.bpi32,16
30,198307.76,0.10,mysql57.bpi32,16
40,197624.43,0.10,mysql57.bpi32,16
50,200663.61,0.09,mysql57.bpi32,16
60,192949.75,0.10,mysql57.bpi32,16
70,199059.55,0.10,mysql57.bpi32,16
80,198729.84,0.10,mysql57.bpi32,16
90,200711.49,0.09,mysql57.bpi32,16
100,199218.58,0.09,mysql57.bpi32,16
110,197905.81,0.10,mysql57.bpi32,16
120,195434.04,0.10,mysql57.bpi32,16
130,191821.36,0.10,mysql57.bpi32,16
140,198426.46,0.10,mysql57.bpi32,16
150,195886.60,0.10,mysql57.bpi32,16
160,195814.97,0.10,mysql57.bpi32,16
170,199033.82,0.10,mysql57.bpi32,16
180,198088.28,0.10,mysql57.bpi32,16
190,197501.16,0.10,mysql57.bpi32,16
200,198581.92,0.10,mysql57.bpi32,16
210,196946.10,0.10,mysql57.bpi32,16
220,201196.89,0.10,mysql57.bpi32,16
230,198150.51,0.10,mysql57.bpi32,16
240,197591.95,0.10,mysql57.bpi32,16
250,201343.71,0.09,mysql57.bpi32,16
260,199632.10,0.09,mysql57.bpi32,16
270,197399.22,0.10,mysql57.bpi32,16
280,197403.28,0.10,mysql57.bpi32,16
290,197730.02,0.10,mysql57.bpi32,16
300,194440.89,0.10,mysql57.bpi32,16
10,265011.33,0.09,mysql56.bpi32,20
20,261516.53,0.09,mysql56.bpi32,20
30,266191.06,0.09,mysql56.bpi32,20
40,263794.08,0.09,mysql56.bpi32,20
50,264001.84,0.09,mysql56.bpi32,20
60,264111.89,0.09,mysql56.bpi32,20
70,266916.13,0.09,mysql56.bpi32,20
80,262721.50,0.09,mysql56.bpi32,20
90,264579.26,0.09,mysql56.bpi32,20
100,263547.93,0.09,mysql56.bpi32,20
110,264757.09,0.09,mysql56.bpi32,20
120,266749.87,0.09,mysql56.bpi32,20
130,265705.40,0.09,mysql56.bpi32,20
140,263802.40,0.09,mysql56.bpi32,20
150,267861.42,0.09,mysql56.bpi32,20
160,264454.17,0.09,mysql56.bpi32,20
170,265050.20,0.09,mysql56.bpi32,20
180,262726.21,0.09,mysql56.bpi32,20
190,264119.61,0.09,mysql56.bpi32,20
200,266090.89,0.09,mysql56.bpi32,20
210,265173.80,0.09,mysql56.bpi32,20
220,262968.92,0.09,mysql56.bpi32,20
230,265660.61,0.09,mysql56.bpi32,20
240,266081.73,0.09,mysql56.bpi32,20
250,265488.42,0.09,mysql56.bpi32,20
260,265698.32,0.09,mysql56.bpi32,20
270,264478.29,0.09,mysql56.bpi32,20
280,263003.89,0.09,mysql56.bpi32,20
290,265235.16,0.09,mysql56.bpi32,20
300,265183.22,0.09,mysql56.bpi32,20
10,226204.32,0.11,mysql57.bpi32,20
20,223230.63,0.11,mysql57.bpi32,20
30,226876.02,0.10,mysql57.bpi32,20
40,225881.25,0.10,mysql57.bpi32,20
50,223468.94,0.11,mysql57.bpi32,20
60,224201.97,0.11,mysql57.bpi32,20
70,225802.50,0.11,mysql57.bpi32,20
80,226180.30,0.11,mysql57.bpi32,20
90,227782.97,0.11,mysql57.bpi32,20
100,226650.91,0.10,mysql57.bpi32,20
110,227183.05,0.11,mysql57.bpi32,20
120,224840.49,0.11,mysql57.bpi32,20
130,227441.80,0.11,mysql57.bpi32,20
140,225231.41,0.11,mysql57.bpi32,20
150,222067.06,0.11,mysql57.bpi32,20
160,225743.03,0.11,mysql57.bpi32,20
170,226711.04,0.11,mysql57.bpi32,20
180,226401.85,0.11,mysql57.bpi32,20
190,226436.98,0.11,mysql57.bpi32,20
200,226047.98,0.11,mysql57.bpi32,20
210,226304.28,0.11,mysql57.bpi32,20
220,225699.22,0.11,mysql57.bpi32,20
230,226493.84,0.11,mysql57.bpi32,20
240,226722.70,0.10,mysql57.bpi32,20
250,226489.57,0.10,mysql57.bpi32,20
260,224358.25,0.10,mysql57.bpi32,20
270,226952.67,0.10,mysql57.bpi32,20
280,225771.31,0.10,mysql57.bpi32,20
290,225273.59,0.10,mysql57.bpi32,20
300,224284.29,0.10,mysql57.bpi32,20
10,299499.48,0.10,mysql56.bpi32,25
20,301911.00,0.10,mysql56.bpi32,25
30,300516.83,0.10,mysql56.bpi32,25
40,300997.73,0.10,mysql56.bpi32,25
50,302182.42,0.10,mysql56.bpi32,25
60,301653.65,0.10,mysql56.bpi32,25
70,301570.46,0.10,mysql56.bpi32,25
80,301355.66,0.10,mysql56.bpi32,25
90,300045.35,0.10,mysql56.bpi32,25
100,301787.98,0.10,mysql56.bpi32,25
110,301650.24,0.10,mysql56.bpi32,25
120,300004.83,0.10,mysql56.bpi32,25
130,300676.91,0.10,mysql56.bpi32,25
140,301305.71,0.10,mysql56.bpi32,25
150,301227.12,0.10,mysql56.bpi32,25
160,300775.82,0.10,mysql56.bpi32,25
170,301431.78,0.10,mysql56.bpi32,25
180,301110.98,0.10,mysql56.bpi32,25
190,301710.67,0.10,mysql56.bpi32,25
200,301485.51,0.10,mysql56.bpi32,25
210,302120.49,0.10,mysql56.bpi32,25
220,300907.13,0.10,mysql56.bpi32,25
230,299092.29,0.10,mysql56.bpi32,25
240,302396.41,0.10,mysql56.bpi32,25
250,300176.10,0.10,mysql56.bpi32,25
260,301535.89,0.10,mysql56.bpi32,25
270,302829.57,0.10,mysql56.bpi32,25
280,301826.09,0.10,mysql56.bpi32,25
290,299991.52,0.10,mysql56.bpi32,25
300,300312.13,0.10,mysql56.bpi32,25
10,261923.48,0.11,mysql57.bpi32,25
20,259029.19,0.11,mysql57.bpi32,25
30,261471.49,0.11,mysql57.bpi32,25
40,262239.41,0.11,mysql57.bpi32,25
50,261258.45,0.11,mysql57.bpi32,25
60,260939.61,0.11,mysql57.bpi32,25
70,259538.10,0.11,mysql57.bpi32,25
80,260828.94,0.11,mysql57.bpi32,25
90,260270.74,0.11,mysql57.bpi32,25
100,260829.18,0.11,mysql57.bpi32,25
110,259548.81,0.11,mysql57.bpi32,25
120,258979.94,0.11,mysql57.bpi32,25
130,261149.57,0.11,mysql57.bpi32,25
140,259833.14,0.11,mysql57.bpi32,25
150,261155.17,0.11,mysql57.bpi32,25
160,260774.60,0.11,mysql57.bpi32,25
170,260756.11,0.11,mysql57.bpi32,25
180,262286.68,0.11,mysql57.bpi32,25
190,262171.54,0.11,mysql57.bpi32,25
200,260176.94,0.11,mysql57.bpi32,25
210,260374.03,0.11,mysql57.bpi32,25
220,261777.83,0.11,mysql57.bpi32,25
230,261283.65,0.11,mysql57.bpi32,25
240,260973.09,0.11,mysql57.bpi32,25
250,260168.48,0.11,mysql57.bpi32,25
260,260198.97,0.11,mysql57.bpi32,25
270,260363.93,0.11,mysql57.bpi32,25
280,261151.67,0.11,mysql57.bpi32,25
290,259611.91,0.11,mysql57.bpi32,25
300,259410.60,0.11,mysql57.bpi32,25
10,337349.90,0.12,mysql56.bpi32,31
20,337383.45,0.12,mysql56.bpi32,31
30,337381.15,0.12,mysql56.bpi32,31
40,337262.57,0.12,mysql56.bpi32,31
50,337203.32,0.12,mysql56.bpi32,31
60,337290.98,0.12,mysql56.bpi32,31
70,337237.93,0.12,mysql56.bpi32,31
80,337162.44,0.12,mysql56.bpi32,31
90,337328.22,0.12,mysql56.bpi32,31
100,337375.07,0.12,mysql56.bpi32,31
110,337551.52,0.12,mysql56.bpi32,31
120,337279.94,0.12,mysql56.bpi32,31
130,337365.81,0.12,mysql56.bpi32,31
140,337265.48,0.12,mysql56.bpi32,31
150,337374.46,0.12,mysql56.bpi32,31
160,337533.05,0.12,mysql56.bpi32,31
170,337418.03,0.12,mysql56.bpi32,31
180,337078.31,0.12,mysql56.bpi32,31
190,337133.14,0.12,mysql56.bpi32,31
200,337259.41,0.12,mysql56.bpi32,31
210,337631.89,0.12,mysql56.bpi32,31
220,337324.68,0.12,mysql56.bpi32,31
230,337382.86,0.12,mysql56.bpi32,31
240,337290.43,0.12,mysql56.bpi32,31
250,337279.63,0.12,mysql56.bpi32,31
260,337101.76,0.12,mysql56.bpi32,31
270,337111.35,0.12,mysql56.bpi32,31
280,337217.33,0.12,mysql56.bpi32,31
290,337334.68,0.12,mysql56.bpi32,31
300,337478.40,0.12,mysql56.bpi32,31
10,300514.32,0.13,mysql57.bpi32,31
20,300329.49,0.13,mysql57.bpi32,31
30,300398.43,0.13,mysql57.bpi32,31
40,300215.08,0.13,mysql57.bpi32,31
50,300630.72,0.13,mysql57.bpi32,31
60,300414.46,0.13,mysql57.bpi32,31
70,300581.10,0.13,mysql57.bpi32,31
80,300371.89,0.13,mysql57.bpi32,31
90,300495.53,0.13,mysql57.bpi32,31
100,300339.76,0.13,mysql57.bpi32,31
110,300559.50,0.13,mysql57.bpi32,31
120,300476.11,0.13,mysql57.bpi32,31
130,300495.30,0.13,mysql57.bpi32,31
140,300401.41,0.13,mysql57.bpi32,31
150,300577.27,0.13,mysql57.bpi32,31
160,300448.68,0.13,mysql57.bpi32,31
170,300351.48,0.13,mysql57.bpi32,31
180,300357.89,0.13,mysql57.bpi32,31
190,300431.89,0.13,mysql57.bpi32,31
200,300420.64,0.13,mysql57.bpi32,31
210,300412.05,0.13,mysql57.bpi32,31
220,300405.22,0.13,mysql57.bpi32,31
230,300536.03,0.13,mysql57.bpi32,31
240,300283.84,0.13,mysql57.bpi32,31
250,300598.24,0.13,mysql57.bpi32,31
260,300454.48,0.13,mysql57.bpi32,31
270,300536.92,0.13,mysql57.bpi32,31
280,300417.26,0.13,mysql57.bpi32,31
290,300477.65,0.13,mysql57.bpi32,31
300,300400.04,0.13,mysql57.bpi32,31
10,356224.78,0.16,mysql56.bpi32,38
20,357063.93,0.15,mysql56.bpi32,38
30,357116.23,0.15,mysql56.bpi32,38
40,357116.79,0.15,mysql56.bpi32,38
50,357239.91,0.15,mysql56.bpi32,38
60,357033.32,0.15,mysql56.bpi32,38
70,357199.18,0.15,mysql56.bpi32,38
80,357001.63,0.15,mysql56.bpi32,38
90,356966.33,0.15,mysql56.bpi32,38
100,357043.71,0.15,mysql56.bpi32,38
110,357053.84,0.15,mysql56.bpi32,38
120,356797.05,0.15,mysql56.bpi32,38
130,356039.86,0.16,mysql56.bpi32,38
140,356376.34,0.16,mysql56.bpi32,38
150,356353.10,0.16,mysql56.bpi32,38
160,356633.63,0.15,mysql56.bpi32,38
170,356395.33,0.16,mysql56.bpi32,38
180,356426.03,0.16,mysql56.bpi32,38
190,356591.34,0.15,mysql56.bpi32,38
200,356787.53,0.15,mysql56.bpi32,38
210,357020.08,0.15,mysql56.bpi32,38
220,356768.29,0.15,mysql56.bpi32,38
230,356883.31,0.15,mysql56.bpi32,38
240,356995.47,0.15,mysql56.bpi32,38
250,357040.89,0.15,mysql56.bpi32,38
260,356855.23,0.15,mysql56.bpi32,38
270,356875.47,0.15,mysql56.bpi32,38
280,356526.75,0.15,mysql56.bpi32,38
290,356788.65,0.15,mysql56.bpi32,38
300,356120.34,0.15,mysql56.bpi32,38
10,328354.78,0.14,mysql57.bpi32,38
20,328759.26,0.14,mysql57.bpi32,38
30,328499.91,0.14,mysql57.bpi32,38
40,328303.32,0.14,mysql57.bpi32,38
50,328202.25,0.14,mysql57.bpi32,38
60,328163.50,0.14,mysql57.bpi32,38
70,328794.62,0.14,mysql57.bpi32,38
80,328414.73,0.14,mysql57.bpi32,38
90,328513.75,0.14,mysql57.bpi32,38
100,328351.06,0.14,mysql57.bpi32,38
110,328682.35,0.14,mysql57.bpi32,38
120,328449.93,0.14,mysql57.bpi32,38
130,328513.77,0.14,mysql57.bpi32,38
140,328144.30,0.14,mysql57.bpi32,38
150,328157.88,0.14,mysql57.bpi32,38
160,328368.52,0.14,mysql57.bpi32,38
170,328419.17,0.14,mysql57.bpi32,38
180,328595.52,0.14,mysql57.bpi32,38
190,328529.46,0.14,mysql57.bpi32,38
200,328561.75,0.14,mysql57.bpi32,38
210,328128.04,0.14,mysql57.bpi32,38
220,328297.09,0.14,mysql57.bpi32,38
230,328459.09,0.14,mysql57.bpi32,38
240,328609.40,0.14,mysql57.bpi32,38
250,328357.93,0.14,mysql57.bpi32,38
260,328439.99,0.14,mysql57.bpi32,38
270,328661.25,0.14,mysql57.bpi32,38
280,328841.39,0.14,mysql57.bpi32,38
290,328806.57,0.14,mysql57.bpi32,38
300,326852.68,0.14,mysql57.bpi32,38
10,375776.59,0.22,mysql56.bpi32,46
20,377258.25,0.22,mysql56.bpi32,46
30,377413.07,0.22,mysql56.bpi32,46
40,377292.90,0.22,mysql56.bpi32,46
50,377305.44,0.22,mysql56.bpi32,46
60,377254.58,0.22,mysql56.bpi32,46
70,377197.58,0.22,mysql56.bpi32,46
80,377254.40,0.22,mysql56.bpi32,46
90,377088.02,0.22,mysql56.bpi32,46
100,377191.79,0.22,mysql56.bpi32,46
110,377482.06,0.22,mysql56.bpi32,46
120,377006.47,0.22,mysql56.bpi32,46
130,376831.22,0.22,mysql56.bpi32,46
140,376878.34,0.22,mysql56.bpi32,46
150,377272.55,0.22,mysql56.bpi32,46
160,377058.31,0.22,mysql56.bpi32,46
170,377279.20,0.22,mysql56.bpi32,46
180,377602.39,0.22,mysql56.bpi32,46
190,377179.98,0.22,mysql56.bpi32,46
200,377287.73,0.22,mysql56.bpi32,46
210,377154.01,0.22,mysql56.bpi32,46
220,376705.37,0.22,mysql56.bpi32,46
230,377110.23,0.22,mysql56.bpi32,46
240,377477.30,0.22,mysql56.bpi32,46
250,377247.33,0.22,mysql56.bpi32,46
260,377123.51,0.22,mysql56.bpi32,46
270,377311.56,0.22,mysql56.bpi32,46
280,377106.93,0.22,mysql56.bpi32,46
290,377052.91,0.22,mysql56.bpi32,46
300,375510.17,0.22,mysql56.bpi32,46
10,350781.66,0.25,mysql57.bpi32,46
20,350550.24,0.25,mysql57.bpi32,46
30,350788.61,0.25,mysql57.bpi32,46
40,350634.59,0.25,mysql57.bpi32,46
50,350913.03,0.25,mysql57.bpi32,46
60,351185.36,0.25,mysql57.bpi32,46
70,350792.92,0.25,mysql57.bpi32,46
80,351005.30,0.25,mysql57.bpi32,46
90,350849.46,0.25,mysql57.bpi32,46
100,351387.74,0.25,mysql57.bpi32,46
110,350857.29,0.25,mysql57.bpi32,46
120,350852.01,0.25,mysql57.bpi32,46
130,350713.22,0.25,mysql57.bpi32,46
140,350303.89,0.25,mysql57.bpi32,46
150,350629.34,0.25,mysql57.bpi32,46
160,350007.80,0.25,mysql57.bpi32,46
170,351155.86,0.25,mysql57.bpi32,46
180,350842.24,0.25,mysql57.bpi32,46
190,350650.82,0.25,mysql57.bpi32,46
200,350966.15,0.25,mysql57.bpi32,46
210,351050.05,0.25,mysql57.bpi32,46
220,350908.74,0.25,mysql57.bpi32,46
230,350959.94,0.25,mysql57.bpi32,46
240,350793.72,0.25,mysql57.bpi32,46
250,350786.37,0.25,mysql57.bpi32,46
260,351084.98,0.25,mysql57.bpi32,46
270,351691.68,0.25,mysql57.bpi32,46
280,351265.13,0.25,mysql57.bpi32,46
290,351350.81,0.25,mysql57.bpi32,46
300,351209.43,0.25,mysql57.bpi32,46
10,391720.50,0.27,mysql56.bpi32,56
20,393764.78,0.27,mysql56.bpi32,56
30,394032.51,0.27,mysql56.bpi32,56
40,393904.31,0.27,mysql56.bpi32,56
50,394013.95,0.27,mysql56.bpi32,56
60,394102.63,0.27,mysql56.bpi32,56
70,393626.06,0.27,mysql56.bpi32,56
80,393694.62,0.27,mysql56.bpi32,56
90,393369.62,0.27,mysql56.bpi32,56
100,393777.81,0.27,mysql56.bpi32,56
110,394245.93,0.26,mysql56.bpi32,56
120,394151.76,0.27,mysql56.bpi32,56
130,393994.45,0.27,mysql56.bpi32,56
140,393598.33,0.27,mysql56.bpi32,56
150,394254.28,0.27,mysql56.bpi32,56
160,393942.56,0.27,mysql56.bpi32,56
170,394062.62,0.27,mysql56.bpi32,56
180,394679.52,0.26,mysql56.bpi32,56
190,393798.24,0.27,mysql56.bpi32,56
200,393816.50,0.27,mysql56.bpi32,56
210,393626.74,0.27,mysql56.bpi32,56
220,394227.71,0.27,mysql56.bpi32,56
230,393622.13,0.27,mysql56.bpi32,56
240,393872.21,0.27,mysql56.bpi32,56
250,393831.26,0.27,mysql56.bpi32,56
260,393870.90,0.27,mysql56.bpi32,56
270,394011.25,0.27,mysql56.bpi32,56
280,394022.97,0.27,mysql56.bpi32,56
290,394148.44,0.27,mysql56.bpi32,56
300,393352.66,0.26,mysql56.bpi32,56
10,372894.17,0.27,mysql57.bpi32,56
20,373714.70,0.27,mysql57.bpi32,56
30,373852.72,0.27,mysql57.bpi32,56
40,373947.00,0.27,mysql57.bpi32,56
50,374073.05,0.27,mysql57.bpi32,56
60,373723.45,0.27,mysql57.bpi32,56
70,374381.77,0.27,mysql57.bpi32,56
80,374287.20,0.27,mysql57.bpi32,56
90,373896.45,0.27,mysql57.bpi32,56
100,373243.30,0.27,mysql57.bpi32,56
110,373640.91,0.27,mysql57.bpi32,56
120,373655.86,0.27,mysql57.bpi32,56
130,374056.91,0.27,mysql57.bpi32,56
140,374043.71,0.27,mysql57.bpi32,56
150,373387.05,0.27,mysql57.bpi32,56
160,373770.65,0.27,mysql57.bpi32,56
170,374298.41,0.27,mysql57.bpi32,56
180,374303.37,0.27,mysql57.bpi32,56
190,373601.38,0.27,mysql57.bpi32,56
200,374289.82,0.27,mysql57.bpi32,56
210,374122.46,0.27,mysql57.bpi32,56
220,374002.64,0.27,mysql57.bpi32,56
230,373738.68,0.27,mysql57.bpi32,56
240,373768.44,0.27,mysql57.bpi32,56
250,374368.62,0.27,mysql57.bpi32,56
260,373597.60,0.27,mysql57.bpi32,56
270,372793.72,0.27,mysql57.bpi32,56
280,373526.07,0.27,mysql57.bpi32,56
290,372806.44,0.27,mysql57.bpi32,56
300,371546.70,0.27,mysql57.bpi32,56
10,407229.41,0.35,mysql56.bpi32,68
20,410157.83,0.35,mysql56.bpi32,68
30,409472.42,0.35,mysql56.bpi32,68
40,409573.87,0.35,mysql56.bpi32,68
50,409465.59,0.35,mysql56.bpi32,68
60,409727.66,0.35,mysql56.bpi32,68
70,409850.14,0.35,mysql56.bpi32,68
80,409764.65,0.35,mysql56.bpi32,68
90,409373.37,0.35,mysql56.bpi32,68
100,409791.05,0.35,mysql56.bpi32,68
110,410108.05,0.35,mysql56.bpi32,68
120,409373.13,0.35,mysql56.bpi32,68
130,408818.73,0.35,mysql56.bpi32,68
140,409772.54,0.35,mysql56.bpi32,68
150,409788.17,0.35,mysql56.bpi32,68
160,409387.18,0.35,mysql56.bpi32,68
170,409622.50,0.35,mysql56.bpi32,68
180,409931.50,0.35,mysql56.bpi32,68
190,410035.51,0.35,mysql56.bpi32,68
200,410133.85,0.35,mysql56.bpi32,68
210,409737.09,0.35,mysql56.bpi32,68
220,409950.01,0.35,mysql56.bpi32,68
230,409220.53,0.35,mysql56.bpi32,68
240,409361.34,0.35,mysql56.bpi32,68
250,410335.78,0.35,mysql56.bpi32,68
260,409597.81,0.35,mysql56.bpi32,68
270,409675.77,0.35,mysql56.bpi32,68
280,409719.37,0.35,mysql56.bpi32,68
290,409664.02,0.35,mysql56.bpi32,68
300,409601.09,0.35,mysql56.bpi32,68
10,392087.33,0.38,mysql57.bpi32,68
20,391421.44,0.38,mysql57.bpi32,68
30,392155.05,0.38,mysql57.bpi32,68
40,392642.92,0.38,mysql57.bpi32,68
50,392353.51,0.38,mysql57.bpi32,68
60,392834.16,0.38,mysql57.bpi32,68
70,392052.55,0.38,mysql57.bpi32,68
80,392133.02,0.38,mysql57.bpi32,68
90,393236.79,0.38,mysql57.bpi32,68
100,392560.80,0.38,mysql57.bpi32,68
110,392719.05,0.38,mysql57.bpi32,68
120,392946.69,0.38,mysql57.bpi32,68
130,392650.81,0.38,mysql57.bpi32,68
140,392042.89,0.38,mysql57.bpi32,68
150,392081.82,0.38,mysql57.bpi32,68
160,391716.83,0.38,mysql57.bpi32,68
170,392456.90,0.38,mysql57.bpi32,68
180,392339.16,0.38,mysql57.bpi32,68
190,391993.71,0.38,mysql57.bpi32,68
200,392469.03,0.38,mysql57.bpi32,68
210,392119.25,0.38,mysql57.bpi32,68
220,392652.10,0.38,mysql57.bpi32,68
230,392200.74,0.38,mysql57.bpi32,68
240,392089.45,0.38,mysql57.bpi32,68
250,392711.42,0.38,mysql57.bpi32,68
260,392207.49,0.38,mysql57.bpi32,68
270,392197.36,0.38,mysql57.bpi32,68
280,392116.29,0.38,mysql57.bpi32,68
290,392385.20,0.38,mysql57.bpi32,68
300,392170.40,0.38,mysql57.bpi32,68
10,414697.65,0.43,mysql56.bpi32,82
20,416405.82,0.43,mysql56.bpi32,82
30,416112.50,0.43,mysql56.bpi32,82
40,416172.55,0.43,mysql56.bpi32,82
50,416158.11,0.43,mysql56.bpi32,82
60,416285.48,0.43,mysql56.bpi32,82
70,416367.18,0.43,mysql56.bpi32,82
80,416236.63,0.43,mysql56.bpi32,82
90,415832.81,0.43,mysql56.bpi32,82
100,416357.97,0.43,mysql56.bpi32,82
110,416845.44,0.43,mysql56.bpi32,82
120,415822.11,0.43,mysql56.bpi32,82
130,415570.93,0.43,mysql56.bpi32,82
140,415775.22,0.43,mysql56.bpi32,82
150,415362.15,0.43,mysql56.bpi32,82
160,416214.70,0.43,mysql56.bpi32,82
170,415857.68,0.43,mysql56.bpi32,82
180,415820.52,0.43,mysql56.bpi32,82
190,416316.16,0.43,mysql56.bpi32,82
200,415798.71,0.43,mysql56.bpi32,82
210,415721.16,0.43,mysql56.bpi32,82
220,415763.45,0.43,mysql56.bpi32,82
230,416807.70,0.43,mysql56.bpi32,82
240,416507.92,0.43,mysql56.bpi32,82
250,417373.27,0.43,mysql56.bpi32,82
260,417138.99,0.43,mysql56.bpi32,82
270,416202.23,0.43,mysql56.bpi32,82
280,416646.27,0.43,mysql56.bpi32,82
290,416800.30,0.43,mysql56.bpi32,82
300,417067.02,0.42,mysql56.bpi32,82
10,402880.83,0.40,mysql57.bpi32,82
20,403331.71,0.40,mysql57.bpi32,82
30,403671.62,0.40,mysql57.bpi32,82
40,403722.26,0.40,mysql57.bpi32,82
50,403551.27,0.40,mysql57.bpi32,82
60,403621.85,0.40,mysql57.bpi32,82
70,403781.39,0.40,mysql57.bpi32,82
80,403065.72,0.40,mysql57.bpi32,82
90,403929.91,0.40,mysql57.bpi32,82
100,403670.36,0.40,mysql57.bpi32,82
110,404058.38,0.40,mysql57.bpi32,82
120,403441.70,0.40,mysql57.bpi32,82
130,403668.03,0.40,mysql57.bpi32,82
140,402555.26,0.40,mysql57.bpi32,82
150,403191.86,0.40,mysql57.bpi32,82
160,403331.26,0.40,mysql57.bpi32,82
170,402679.29,0.40,mysql57.bpi32,82
180,402953.70,0.40,mysql57.bpi32,82
190,403325.00,0.40,mysql57.bpi32,82
200,403600.56,0.40,mysql57.bpi32,82
210,403131.75,0.40,mysql57.bpi32,82
220,403299.39,0.40,mysql57.bpi32,82
230,403635.94,0.40,mysql57.bpi32,82
240,403648.70,0.40,mysql57.bpi32,82
250,403048.93,0.40,mysql57.bpi32,82
260,403472.38,0.40,mysql57.bpi32,82
270,402954.51,0.40,mysql57.bpi32,82
280,403014.30,0.40,mysql57.bpi32,82
290,402839.37,0.40,mysql57.bpi32,82
300,403005.07,0.40,mysql57.bpi32,82
10,417235.67,0.54,mysql56.bpi32,100
20,420373.51,0.53,mysql56.bpi32,100
30,420680.74,0.53,mysql56.bpi32,100
40,420673.81,0.53,mysql56.bpi32,100
50,420360.69,0.53,mysql56.bpi32,100
60,420359.06,0.53,mysql56.bpi32,100
70,419871.63,0.53,mysql56.bpi32,100
80,420468.12,0.53,mysql56.bpi32,100
90,420822.91,0.53,mysql56.bpi32,100
100,420126.43,0.53,mysql56.bpi32,100
110,420177.11,0.53,mysql56.bpi32,100
120,420084.09,0.53,mysql56.bpi32,100
130,420336.46,0.53,mysql56.bpi32,100
140,420328.74,0.53,mysql56.bpi32,100
150,420175.73,0.53,mysql56.bpi32,100
160,419634.87,0.53,mysql56.bpi32,100
170,420454.35,0.53,mysql56.bpi32,100
180,420213.35,0.54,mysql56.bpi32,100
190,420788.37,0.54,mysql56.bpi32,100
200,420329.16,0.53,mysql56.bpi32,100
210,420181.90,0.53,mysql56.bpi32,100
220,420318.54,0.53,mysql56.bpi32,100
230,420550.99,0.53,mysql56.bpi32,100
240,420066.55,0.53,mysql56.bpi32,100
250,419562.21,0.53,mysql56.bpi32,100
260,419623.81,0.53,mysql56.bpi32,100
270,420670.22,0.53,mysql56.bpi32,100
280,420326.13,0.53,mysql56.bpi32,100
290,420275.35,0.53,mysql56.bpi32,100
300,420121.47,0.53,mysql56.bpi32,100
10,410041.09,0.51,mysql57.bpi32,100
20,409392.88,0.51,mysql57.bpi32,100
30,409314.29,0.51,mysql57.bpi32,100
40,409513.70,0.51,mysql57.bpi32,100
50,409616.93,0.51,mysql57.bpi32,100
60,409756.45,0.51,mysql57.bpi32,100
70,408949.20,0.51,mysql57.bpi32,100
80,409618.79,0.51,mysql57.bpi32,100
90,409160.38,0.51,mysql57.bpi32,100
100,410137.14,0.51,mysql57.bpi32,100
110,409884.80,0.51,mysql57.bpi32,100
120,410295.16,0.51,mysql57.bpi32,100
130,410287.34,0.51,mysql57.bpi32,100
140,410362.57,0.51,mysql57.bpi32,100
150,410576.46,0.51,mysql57.bpi32,100
160,410465.68,0.51,mysql57.bpi32,100
170,410403.90,0.51,mysql57.bpi32,100
180,410486.31,0.51,mysql57.bpi32,100
190,410598.86,0.51,mysql57.bpi32,100
200,410525.66,0.51,mysql57.bpi32,100
210,410640.05,0.51,mysql57.bpi32,100
220,410128.48,0.51,mysql57.bpi32,100
230,410724.10,0.51,mysql57.bpi32,100
240,410106.91,0.51,mysql57.bpi32,100
250,410342.89,0.51,mysql57.bpi32,100
260,410665.06,0.51,mysql57.bpi32,100
270,410596.50,0.51,mysql57.bpi32,100
280,409898.02,0.51,mysql57.bpi32,100
290,410420.54,0.51,mysql57.bpi32,100
300,410172.92,0.51,mysql57.bpi32,100
10,416041.47,0.69,mysql56.bpi32,120
20,417618.67,0.68,mysql56.bpi32,120
30,417078.79,0.68,mysql56.bpi32,120
40,417128.68,0.69,mysql56.bpi32,120
50,417009.00,0.69,mysql56.bpi32,120
60,416915.22,0.69,mysql56.bpi32,120
70,417375.84,0.68,mysql56.bpi32,120
80,417402.09,0.68,mysql56.bpi32,120
90,417018.55,0.69,mysql56.bpi32,120
100,416890.74,0.69,mysql56.bpi32,120
110,417163.18,0.69,mysql56.bpi32,120
120,416433.10,0.69,mysql56.bpi32,120
130,416906.64,0.68,mysql56.bpi32,120
140,417548.51,0.68,mysql56.bpi32,120
150,416981.23,0.69,mysql56.bpi32,120
160,417345.24,0.68,mysql56.bpi32,120
170,417064.03,0.68,mysql56.bpi32,120
180,416936.81,0.68,mysql56.bpi32,120
190,417550.80,0.68,mysql56.bpi32,120
200,416871.66,0.68,mysql56.bpi32,120
210,417316.22,0.68,mysql56.bpi32,120
220,417765.41,0.68,mysql56.bpi32,120
230,416608.98,0.69,mysql56.bpi32,120
240,417235.34,0.69,mysql56.bpi32,120
250,417467.50,0.68,mysql56.bpi32,120
260,416901.92,0.69,mysql56.bpi32,120
270,417281.03,0.68,mysql56.bpi32,120
280,416630.50,0.68,mysql56.bpi32,120
290,417376.18,0.68,mysql56.bpi32,120
300,417610.94,0.68,mysql56.bpi32,120
10,413589.99,0.56,mysql57.bpi32,120
20,413771.44,0.56,mysql57.bpi32,120
30,413664.58,0.57,mysql57.bpi32,120
40,414041.68,0.56,mysql57.bpi32,120
50,414287.05,0.56,mysql57.bpi32,120
60,414002.05,0.56,mysql57.bpi32,120
70,414256.88,0.56,mysql57.bpi32,120
80,414191.75,0.56,mysql57.bpi32,120
90,414201.36,0.57,mysql57.bpi32,120
100,413874.40,0.57,mysql57.bpi32,120
110,413751.24,0.56,mysql57.bpi32,120
120,414100.50,0.57,mysql57.bpi32,120
130,414017.47,0.57,mysql57.bpi32,120
140,414049.93,0.56,mysql57.bpi32,120
150,414713.16,0.56,mysql57.bpi32,120
160,414476.11,0.57,mysql57.bpi32,120
170,414570.12,0.56,mysql57.bpi32,120
180,414393.61,0.56,mysql57.bpi32,120
190,414583.59,0.56,mysql57.bpi32,120
200,414466.67,0.57,mysql57.bpi32,120
210,414359.92,0.56,mysql57.bpi32,120
220,414375.85,0.56,mysql57.bpi32,120
230,414493.00,0.56,mysql57.bpi32,120
240,413936.71,0.57,mysql57.bpi32,120
250,413906.95,0.56,mysql57.bpi32,120
260,414444.10,0.56,mysql57.bpi32,120
270,414113.37,0.56,mysql57.bpi32,120
280,413878.12,0.57,mysql57.bpi32,120
290,414249.95,0.56,mysql57.bpi32,120
300,414015.36,0.56,mysql57.bpi32,120
10,413916.20,1.06,mysql56.bpi32,145
20,412591.49,1.06,mysql56.bpi32,145
30,413562.63,1.06,mysql56.bpi32,145
40,413798.20,1.05,mysql56.bpi32,145
50,412890.03,1.06,mysql56.bpi32,145
60,413966.16,1.05,mysql56.bpi32,145
70,414049.49,1.07,mysql56.bpi32,145
80,414434.58,1.05,mysql56.bpi32,145
90,414118.74,1.05,mysql56.bpi32,145
100,413722.63,1.05,mysql56.bpi32,145
110,414536.03,1.05,mysql56.bpi32,145
120,413768.52,1.05,mysql56.bpi32,145
130,414094.24,1.05,mysql56.bpi32,145
140,414323.55,1.05,mysql56.bpi32,145
150,413696.97,1.06,mysql56.bpi32,145
160,413806.31,1.06,mysql56.bpi32,145
170,414447.70,1.04,mysql56.bpi32,145
180,414276.92,1.05,mysql56.bpi32,145
190,414011.68,1.06,mysql56.bpi32,145
200,413934.96,1.06,mysql56.bpi32,145
210,413977.41,1.05,mysql56.bpi32,145
220,413941.43,1.06,mysql56.bpi32,145
230,414452.36,1.05,mysql56.bpi32,145
240,413840.64,1.07,mysql56.bpi32,145
250,413314.26,1.06,mysql56.bpi32,145
260,413356.48,1.07,mysql56.bpi32,145
270,412933.62,1.06,mysql56.bpi32,145
280,412403.39,1.08,mysql56.bpi32,145
290,413261.27,1.07,mysql56.bpi32,145
10,414059.95,0.67,mysql57.bpi32,145
20,413909.08,0.67,mysql57.bpi32,145
30,414836.02,0.67,mysql57.bpi32,145
40,415416.64,0.66,mysql57.bpi32,145
50,415652.96,0.66,mysql57.bpi32,145
60,415800.68,0.66,mysql57.bpi32,145
70,416226.96,0.66,mysql57.bpi32,145
80,415876.85,0.66,mysql57.bpi32,145
90,414903.46,0.67,mysql57.bpi32,145
100,415677.66,0.66,mysql57.bpi32,145
110,415725.61,0.66,mysql57.bpi32,145
120,415577.40,0.67,mysql57.bpi32,145
130,415004.20,0.67,mysql57.bpi32,145
140,415235.90,0.67,mysql57.bpi32,145
150,415004.78,0.67,mysql57.bpi32,145
160,415655.28,0.66,mysql57.bpi32,145
170,415789.23,0.67,mysql57.bpi32,145
180,415450.59,0.67,mysql57.bpi32,145
190,415265.39,0.66,mysql57.bpi32,145
200,415211.30,0.67,mysql57.bpi32,145
210,415322.28,0.67,mysql57.bpi32,145
220,414804.01,0.67,mysql57.bpi32,145
230,414655.58,0.67,mysql57.bpi32,145
240,415211.57,0.66,mysql57.bpi32,145
250,415828.75,0.66,mysql57.bpi32,145
260,415654.55,0.66,mysql57.bpi32,145
270,415634.85,0.66,mysql57.bpi32,145
280,415483.23,0.67,mysql57.bpi32,145
290,415209.18,0.67,mysql57.bpi32,145
10,409766.30,1.70,mysql56.bpi32,175
20,410028.23,1.71,mysql56.bpi32,175
30,410917.18,1.71,mysql56.bpi32,175
40,411446.05,1.70,mysql56.bpi32,175
50,410852.83,1.70,mysql56.bpi32,175
60,411408.19,1.69,mysql56.bpi32,175
70,411255.10,1.71,mysql56.bpi32,175
80,410966.03,1.72,mysql56.bpi32,175
90,411236.30,1.71,mysql56.bpi32,175
100,410876.23,1.70,mysql56.bpi32,175
110,411028.86,1.68,mysql56.bpi32,175
120,411489.44,1.70,mysql56.bpi32,175
130,410535.92,1.69,mysql56.bpi32,175
140,410965.55,1.70,mysql56.bpi32,175
150,410623.96,1.70,mysql56.bpi32,175
160,411002.51,1.71,mysql56.bpi32,175
170,410261.90,1.70,mysql56.bpi32,175
180,411032.39,1.70,mysql56.bpi32,175
190,410945.84,1.71,mysql56.bpi32,175
200,410860.21,1.70,mysql56.bpi32,175
210,410720.17,1.71,mysql56.bpi32,175
220,410841.51,1.69,mysql56.bpi32,175
230,410614.96,1.69,mysql56.bpi32,175
240,409894.54,1.71,mysql56.bpi32,175
250,409611.00,1.73,mysql56.bpi32,175
260,410861.39,1.70,mysql56.bpi32,175
270,409881.03,1.71,mysql56.bpi32,175
280,409807.10,1.72,mysql56.bpi32,175
290,410659.62,1.71,mysql56.bpi32,175
300,409444.68,1.71,mysql56.bpi32,175
10,418222.75,0.73,mysql57.bpi32,175
20,417947.66,0.72,mysql57.bpi32,175
30,418284.93,0.72,mysql57.bpi32,175
40,418766.07,0.72,mysql57.bpi32,175
50,418988.99,0.72,mysql57.bpi32,175
60,419084.39,0.72,mysql57.bpi32,175
70,418846.43,0.72,mysql57.bpi32,175
80,418853.13,0.72,mysql57.bpi32,175
90,418728.58,0.73,mysql57.bpi32,175
100,418556.77,0.73,mysql57.bpi32,175
110,418540.83,0.72,mysql57.bpi32,175
120,418803.57,0.72,mysql57.bpi32,175
130,418964.99,0.73,mysql57.bpi32,175
140,418624.18,0.72,mysql57.bpi32,175
150,418599.28,0.72,mysql57.bpi32,175
160,418538.57,0.72,mysql57.bpi32,175
170,418783.80,0.72,mysql57.bpi32,175
180,418885.83,0.72,mysql57.bpi32,175
190,418943.87,0.72,mysql57.bpi32,175
200,418458.83,0.72,mysql57.bpi32,175
210,418831.56,0.72,mysql57.bpi32,175
220,418732.69,0.72,mysql57.bpi32,175
230,418339.82,0.72,mysql57.bpi32,175
240,418656.29,0.72,mysql57.bpi32,175
250,418351.11,0.72,mysql57.bpi32,175
260,418324.88,0.72,mysql57.bpi32,175
270,418345.23,0.73,mysql57.bpi32,175
280,417899.91,0.73,mysql57.bpi32,175
290,418315.83,0.73,mysql57.bpi32,175
300,418572.42,0.72,mysql57.bpi32,175
10,406185.45,2.51,mysql56.bpi32,210
20,405649.40,2.51,mysql56.bpi32,210
30,405577.15,2.50,mysql56.bpi32,210
40,406230.90,2.52,mysql56.bpi32,210
50,406445.29,2.53,mysql56.bpi32,210
60,406227.74,2.51,mysql56.bpi32,210
70,406867.03,2.53,mysql56.bpi32,210
80,407140.28,2.50,mysql56.bpi32,210
90,406101.55,2.50,mysql56.bpi32,210
100,406908.26,2.52,mysql56.bpi32,210
110,405969.31,2.52,mysql56.bpi32,210
120,406282.91,2.51,mysql56.bpi32,210
130,406269.79,2.53,mysql56.bpi32,210
140,406402.61,2.52,mysql56.bpi32,210
150,406311.34,2.51,mysql56.bpi32,210
160,404997.74,2.55,mysql56.bpi32,210
170,405919.54,2.52,mysql56.bpi32,210
180,403726.18,2.54,mysql56.bpi32,210
190,402882.58,2.58,mysql56.bpi32,210
200,403325.24,2.54,mysql56.bpi32,210
210,397384.35,2.59,mysql56.bpi32,210
220,399448.91,2.59,mysql56.bpi32,210
230,398848.97,2.57,mysql56.bpi32,210
240,401249.95,2.56,mysql56.bpi32,210
250,401599.13,2.57,mysql56.bpi32,210
260,402288.12,2.54,mysql56.bpi32,210
270,402674.68,2.56,mysql56.bpi32,210
280,403787.95,2.53,mysql56.bpi32,210
290,404689.23,2.52,mysql56.bpi32,210
300,405604.41,2.50,mysql56.bpi32,210
10,420048.74,0.78,mysql57.bpi32,210
20,419184.46,0.78,mysql57.bpi32,210
30,419694.62,0.78,mysql57.bpi32,210
40,419956.42,0.78,mysql57.bpi32,210
50,420180.30,0.78,mysql57.bpi32,210
60,419982.00,0.78,mysql57.bpi32,210
70,419696.20,0.78,mysql57.bpi32,210
80,419859.68,0.78,mysql57.bpi32,210
90,419964.76,0.78,mysql57.bpi32,210
100,420018.12,0.78,mysql57.bpi32,210
110,419943.07,0.78,mysql57.bpi32,210
120,420028.98,0.78,mysql57.bpi32,210
130,419626.95,0.78,mysql57.bpi32,210
140,419788.30,0.78,mysql57.bpi32,210
150,419855.12,0.78,mysql57.bpi32,210
160,419854.60,0.78,mysql57.bpi32,210
170,419851.19,0.78,mysql57.bpi32,210
180,419885.65,0.78,mysql57.bpi32,210
190,419605.80,0.78,mysql57.bpi32,210
200,419427.47,0.79,mysql57.bpi32,210
210,419649.11,0.78,mysql57.bpi32,210
220,420021.51,0.78,mysql57.bpi32,210
230,419876.16,0.78,mysql57.bpi32,210
240,419893.20,0.78,mysql57.bpi32,210
250,420027.62,0.78,mysql57.bpi32,210
260,420114.60,0.78,mysql57.bpi32,210
270,420013.87,0.78,mysql57.bpi32,210
280,420147.04,0.78,mysql57.bpi32,210
290,419958.51,0.78,mysql57.bpi32,210
300,420110.45,0.78,mysql57.bpi32,210
10,402342.36,3.43,mysql56.bpi32,250
20,402062.22,3.46,mysql56.bpi32,250
30,403638.81,3.41,mysql56.bpi32,250
40,404784.86,3.42,mysql56.bpi32,250
50,404414.88,3.41,mysql56.bpi32,250
60,405442.03,3.42,mysql56.bpi32,250
70,405442.33,3.38,mysql56.bpi32,250
80,404764.17,3.41,mysql56.bpi32,250
90,404920.89,3.39,mysql56.bpi32,250
100,404143.35,3.42,mysql56.bpi32,250
110,404156.72,3.42,mysql56.bpi32,250
120,403088.25,3.46,mysql56.bpi32,250
130,402911.96,3.44,mysql56.bpi32,250
140,401249.27,3.44,mysql56.bpi32,250
150,400622.41,3.45,mysql56.bpi32,250
160,400592.81,3.43,mysql56.bpi32,250
170,400850.64,3.44,mysql56.bpi32,250
180,395810.08,3.50,mysql56.bpi32,250
190,397827.52,3.47,mysql56.bpi32,250
200,398425.68,3.43,mysql56.bpi32,250
210,397462.16,3.48,mysql56.bpi32,250
220,398621.70,3.48,mysql56.bpi32,250
230,399798.94,3.45,mysql56.bpi32,250
240,401225.41,3.43,mysql56.bpi32,250
250,402675.62,3.43,mysql56.bpi32,250
260,403711.20,3.42,mysql56.bpi32,250
270,403793.75,3.41,mysql56.bpi32,250
280,404750.30,3.39,mysql56.bpi32,250
290,404787.28,3.44,mysql56.bpi32,250
300,405030.29,3.44,mysql56.bpi32,250
10,418884.45,0.81,mysql57.bpi32,250
20,418296.19,0.82,mysql57.bpi32,250
30,418488.44,0.82,mysql57.bpi32,250
40,418919.01,0.81,mysql57.bpi32,250
50,419078.02,0.81,mysql57.bpi32,250
60,418947.39,0.81,mysql57.bpi32,250
70,418641.02,0.81,mysql57.bpi32,250
80,418812.37,0.81,mysql57.bpi32,250
90,418451.99,0.81,mysql57.bpi32,250
100,418611.07,0.81,mysql57.bpi32,250
110,418399.20,0.82,mysql57.bpi32,250
120,418781.63,0.81,mysql57.bpi32,250
130,418864.20,0.81,mysql57.bpi32,250
140,418666.90,0.81,mysql57.bpi32,250
150,418919.87,0.81,mysql57.bpi32,250
160,419214.02,0.81,mysql57.bpi32,250
170,418546.45,0.82,mysql57.bpi32,250
180,418924.35,0.81,mysql57.bpi32,250
190,419005.65,0.81,mysql57.bpi32,250
200,419119.05,0.81,mysql57.bpi32,250
210,418756.73,0.82,mysql57.bpi32,250
220,418363.26,0.81,mysql57.bpi32,250
230,418681.36,0.81,mysql57.bpi32,250
240,418852.68,0.82,mysql57.bpi32,250
250,418593.21,0.82,mysql57.bpi32,250
260,418622.61,0.81,mysql57.bpi32,250
270,418362.94,0.82,mysql57.bpi32,250
280,418373.44,0.81,mysql57.bpi32,250
290,418804.55,0.81,mysql57.bpi32,250
300,418846.07,0.81,mysql57.bpi32,250
10,400056.42,4.54,mysql56.bpi32,300
20,400071.26,4.51,mysql56.bpi32,300
30,400550.47,4.51,mysql56.bpi32,300
40,401061.89,4.52,mysql56.bpi32,300
50,401491.33,4.51,mysql56.bpi32,300
60,400544.81,4.52,mysql56.bpi32,300
70,402181.40,4.52,mysql56.bpi32,300
80,402477.09,4.55,mysql56.bpi32,300
90,401696.50,4.53,mysql56.bpi32,300
100,401070.01,4.53,mysql56.bpi32,300
110,400819.35,4.53,mysql56.bpi32,300
120,397804.73,4.56,mysql56.bpi32,300
130,397372.26,4.57,mysql56.bpi32,300
140,396530.95,4.53,mysql56.bpi32,300
150,396394.83,4.57,mysql56.bpi32,300
160,394209.41,4.59,mysql56.bpi32,300
170,396758.59,4.56,mysql56.bpi32,300
180,397309.29,4.53,mysql56.bpi32,300
190,398581.85,4.54,mysql56.bpi32,300
200,398699.25,4.51,mysql56.bpi32,300
210,400589.03,4.53,mysql56.bpi32,300
220,401105.27,4.50,mysql56.bpi32,300
230,400372.36,4.52,mysql56.bpi32,300
240,401351.57,4.52,mysql56.bpi32,300
250,400988.76,4.50,mysql56.bpi32,300
260,401181.20,4.55,mysql56.bpi32,300
270,400161.94,4.53,mysql56.bpi32,300
280,400268.06,4.52,mysql56.bpi32,300
290,400254.65,4.53,mysql56.bpi32,300
300,399667.47,4.53,mysql56.bpi32,300
10,417401.63,0.84,mysql57.bpi32,300
20,416917.09,0.84,mysql57.bpi32,300
30,416802.54,0.83,mysql57.bpi32,300
40,417173.29,0.84,mysql57.bpi32,300
50,417200.74,0.83,mysql57.bpi32,300
60,417026.20,0.83,mysql57.bpi32,300
70,417212.10,0.83,mysql57.bpi32,300
80,417174.47,0.83,mysql57.bpi32,300
90,417345.53,0.83,mysql57.bpi32,300
100,417077.95,0.84,mysql57.bpi32,300
110,417095.42,0.84,mysql57.bpi32,300
120,417301.33,0.84,mysql57.bpi32,300
130,417278.78,0.83,mysql57.bpi32,300
140,417029.54,0.83,mysql57.bpi32,300
150,416979.45,0.84,mysql57.bpi32,300
160,417342.01,0.83,mysql57.bpi32,300
170,417661.08,0.83,mysql57.bpi32,300
180,417657.89,0.83,mysql57.bpi32,300
190,417622.49,0.83,mysql57.bpi32,300
200,417658.71,0.83,mysql57.bpi32,300
210,417657.12,0.83,mysql57.bpi32,300
220,417391.89,0.83,mysql57.bpi32,300
230,418080.01,0.83,mysql57.bpi32,300
240,418094.07,0.84,mysql57.bpi32,300
250,417991.08,0.84,mysql57.bpi32,300
260,417743.52,0.83,mysql57.bpi32,300
270,418052.77,0.84,mysql57.bpi32,300
280,418097.59,0.84,mysql57.bpi32,300
290,417871.72,0.84,mysql57.bpi32,300
300,417506.84,0.84,mysql57.bpi32,300
10,400166.70,5.74,mysql56.bpi32,360
20,399361.84,5.76,mysql56.bpi32,360
30,400680.93,5.70,mysql56.bpi32,360
40,400337.18,5.72,mysql56.bpi32,360
50,399833.36,5.75,mysql56.bpi32,360
60,400574.79,5.73,mysql56.bpi32,360
70,399153.06,5.70,mysql56.bpi32,360
80,400786.74,5.73,mysql56.bpi32,360
90,399936.35,5.73,mysql56.bpi32,360
100,399833.19,5.72,mysql56.bpi32,360
110,398697.01,5.74,mysql56.bpi32,360
120,398578.27,5.73,mysql56.bpi32,360
130,399232.30,5.65,mysql56.bpi32,360
140,400471.45,5.76,mysql56.bpi32,360
150,398013.14,5.74,mysql56.bpi32,360
160,400262.54,5.72,mysql56.bpi32,360
170,399977.55,5.74,mysql56.bpi32,360
180,400325.74,5.75,mysql56.bpi32,360
190,400903.95,5.71,mysql56.bpi32,360
200,400903.70,5.74,mysql56.bpi32,360
210,400163.71,5.73,mysql56.bpi32,360
220,400034.45,5.76,mysql56.bpi32,360
230,400593.02,5.74,mysql56.bpi32,360
240,400237.73,5.76,mysql56.bpi32,360
250,399684.51,5.72,mysql56.bpi32,360
260,400263.34,5.69,mysql56.bpi32,360
270,399513.71,5.74,mysql56.bpi32,360
280,399442.57,5.70,mysql56.bpi32,360
290,397652.17,5.81,mysql56.bpi32,360
300,398785.97,5.72,mysql56.bpi32,360
10,415729.86,0.83,mysql57.bpi32,360
20,415718.12,0.83,mysql57.bpi32,360
30,415366.02,0.83,mysql57.bpi32,360
40,415637.11,0.83,mysql57.bpi32,360
50,416001.50,0.83,mysql57.bpi32,360
60,416131.64,0.83,mysql57.bpi32,360
70,415637.29,0.83,mysql57.bpi32,360
80,415981.68,0.83,mysql57.bpi32,360
90,415993.74,0.83,mysql57.bpi32,360
100,416054.44,0.83,mysql57.bpi32,360
110,416050.33,0.83,mysql57.bpi32,360
120,416036.91,0.83,mysql57.bpi32,360
130,415573.35,0.83,mysql57.bpi32,360
140,415531.51,0.83,mysql57.bpi32,360
150,415952.04,0.83,mysql57.bpi32,360
160,416064.75,0.83,mysql57.bpi32,360
170,416121.07,0.83,mysql57.bpi32,360
180,415788.87,0.84,mysql57.bpi32,360
190,416342.43,0.83,mysql57.bpi32,360
200,416298.68,0.83,mysql57.bpi32,360
210,416303.11,0.83,mysql57.bpi32,360
220,416348.38,0.83,mysql57.bpi32,360
230,416325.79,0.83,mysql57.bpi32,360
240,415999.59,0.83,mysql57.bpi32,360
250,416093.80,0.83,mysql57.bpi32,360
260,416289.67,0.83,mysql57.bpi32,360
270,416284.03,0.83,mysql57.bpi32,360
280,416329.50,0.83,mysql57.bpi32,360
290,416289.87,0.83,mysql57.bpi32,360
300,416301.15,0.83,mysql57.bpi32,360
10,400425.23,7.04,mysql56.bpi32,430
20,399767.33,7.06,mysql56.bpi32,430
30,399830.48,7.04,mysql56.bpi32,430
40,398998.11,7.07,mysql56.bpi32,430
50,400192.60,6.99,mysql56.bpi32,430
60,399349.48,6.98,mysql56.bpi32,430
70,398344.90,7.02,mysql56.bpi32,430
80,399247.89,7.06,mysql56.bpi32,430
90,399262.63,7.04,mysql56.bpi32,430
100,398515.58,7.06,mysql56.bpi32,430
110,398984.87,7.09,mysql56.bpi32,430
120,398320.20,7.03,mysql56.bpi32,430
130,399495.85,6.99,mysql56.bpi32,430
140,398591.43,7.12,mysql56.bpi32,430
150,399235.43,7.00,mysql56.bpi32,430
160,398462.72,7.04,mysql56.bpi32,430
170,399084.51,7.03,mysql56.bpi32,430
180,400213.36,7.07,mysql56.bpi32,430
190,400181.80,6.96,mysql56.bpi32,430
200,397982.03,7.10,mysql56.bpi32,430
210,398282.34,7.03,mysql56.bpi32,430
220,398761.00,7.04,mysql56.bpi32,430
230,399489.70,7.07,mysql56.bpi32,430
240,398415.48,7.07,mysql56.bpi32,430
250,399936.04,6.99,mysql56.bpi32,430
260,399193.44,7.08,mysql56.bpi32,430
270,398308.49,7.09,mysql56.bpi32,430
280,399551.67,7.04,mysql56.bpi32,430
290,400029.58,7.09,mysql56.bpi32,430
300,399644.59,6.97,mysql56.bpi32,430
10,413208.89,0.80,mysql57.bpi32,430
20,414069.53,0.80,mysql57.bpi32,430
30,413635.50,0.80,mysql57.bpi32,430
40,413791.61,0.80,mysql57.bpi32,430
50,413655.21,0.80,mysql57.bpi32,430
60,413848.35,0.80,mysql57.bpi32,430
70,413913.93,0.81,mysql57.bpi32,430
80,413262.56,0.81,mysql57.bpi32,430
90,414088.50,0.80,mysql57.bpi32,430
100,414356.27,0.80,mysql57.bpi32,430
110,414393.64,0.80,mysql57.bpi32,430
120,414176.73,0.80,mysql57.bpi32,430
130,413618.71,0.80,mysql57.bpi32,430
140,414405.27,0.80,mysql57.bpi32,430
150,414459.74,0.80,mysql57.bpi32,430
160,414455.07,0.80,mysql57.bpi32,430
170,414463.96,0.80,mysql57.bpi32,430
180,414494.21,0.80,mysql57.bpi32,430
190,413842.24,0.80,mysql57.bpi32,430
200,413775.66,0.80,mysql57.bpi32,430
210,413862.99,0.80,mysql57.bpi32,430
220,413444.99,0.80,mysql57.bpi32,430
230,414347.47,0.80,mysql57.bpi32,430
240,414360.99,0.80,mysql57.bpi32,430
250,414363.85,0.80,mysql57.bpi32,430
260,414087.65,0.80,mysql57.bpi32,430
270,414367.50,0.80,mysql57.bpi32,430
280,414385.07,0.80,mysql57.bpi32,430
290,414353.90,0.80,mysql57.bpi32,430
300,414403.47,0.80,mysql57.bpi32,430
10,398550.56,8.35,mysql56.bpi32,520
20,399731.86,8.42,mysql56.bpi32,520
30,400071.27,8.41,mysql56.bpi32,520
40,398478.83,8.42,mysql56.bpi32,520
50,397232.93,8.46,mysql56.bpi32,520
60,398497.92,8.48,mysql56.bpi32,520
70,398126.94,8.53,mysql56.bpi32,520
80,398100.57,8.52,mysql56.bpi32,520
90,398769.25,8.56,mysql56.bpi32,520
100,399660.96,8.42,mysql56.bpi32,520
110,400704.57,8.50,mysql56.bpi32,520
120,400603.22,8.48,mysql56.bpi32,520
130,399135.02,8.32,mysql56.bpi32,520
140,399349.33,8.44,mysql56.bpi32,520
150,399359.56,8.49,mysql56.bpi32,520
160,397326.42,8.59,mysql56.bpi32,520
170,397868.91,8.47,mysql56.bpi32,520
180,397999.36,8.56,mysql56.bpi32,520
190,398524.05,8.49,mysql56.bpi32,520
200,397965.64,8.38,mysql56.bpi32,520
210,400324.64,8.44,mysql56.bpi32,520
220,399616.32,8.54,mysql56.bpi32,520
230,399392.96,8.59,mysql56.bpi32,520
240,399773.05,8.53,mysql56.bpi32,520
250,398628.32,8.32,mysql56.bpi32,520
260,399267.19,8.49,mysql56.bpi32,520
270,398650.59,8.58,mysql56.bpi32,520
280,399526.20,8.55,mysql56.bpi32,520
290,398530.19,8.47,mysql56.bpi32,520
300,399114.97,8.36,mysql56.bpi32,520
10,411854.40,0.73,mysql57.bpi32,520
20,412815.52,0.68,mysql57.bpi32,520
30,412855.55,0.68,mysql57.bpi32,520
40,412057.84,0.68,mysql57.bpi32,520
50,412141.48,0.69,mysql57.bpi32,520
60,412180.61,0.69,mysql57.bpi32,520
70,412352.24,0.69,mysql57.bpi32,520
80,412553.61,0.68,mysql57.bpi32,520
90,412397.89,0.68,mysql57.bpi32,520
100,412240.29,0.68,mysql57.bpi32,520
110,412136.23,0.68,mysql57.bpi32,520
120,412525.78,0.68,mysql57.bpi32,520
130,412045.82,0.70,mysql57.bpi32,520
140,412351.19,0.69,mysql57.bpi32,520
150,412444.24,0.69,mysql57.bpi32,520
160,412670.68,0.68,mysql57.bpi32,520
170,412665.07,0.68,mysql57.bpi32,520
180,412642.04,0.68,mysql57.bpi32,520
190,412318.62,0.68,mysql57.bpi32,520
200,412495.60,0.68,mysql57.bpi32,520
210,412817.63,0.68,mysql57.bpi32,520
220,413301.65,0.68,mysql57.bpi32,520
230,413289.22,0.67,mysql57.bpi32,520
240,412869.35,0.68,mysql57.bpi32,520
250,413246.75,0.67,mysql57.bpi32,520
260,413339.96,0.68,mysql57.bpi32,520
270,413354.40,0.67,mysql57.bpi32,520
280,413336.47,0.68,mysql57.bpi32,520
290,413325.96,0.68,mysql57.bpi32,520
10,398132.24,9.98,mysql56.bpi32,630
20,398968.42,9.62,mysql56.bpi32,630
30,399860.91,10.06,mysql56.bpi32,630
40,397903.98,10.02,mysql56.bpi32,630
50,397393.24,10.17,mysql56.bpi32,630
60,396449.21,10.26,mysql56.bpi32,630
70,398992.69,10.07,mysql56.bpi32,630
80,397689.38,10.03,mysql56.bpi32,630
90,398701.03,10.20,mysql56.bpi32,630
100,398524.54,10.22,mysql56.bpi32,630
110,399796.43,9.99,mysql56.bpi32,630
120,398486.52,10.12,mysql56.bpi32,630
130,399524.85,10.19,mysql56.bpi32,630
140,399444.46,9.94,mysql56.bpi32,630
150,399074.04,10.14,mysql56.bpi32,630
160,399971.28,10.06,mysql56.bpi32,630
170,397190.20,10.25,mysql56.bpi32,630
180,398703.02,10.12,mysql56.bpi32,630
190,398146.69,10.16,mysql56.bpi32,630
200,399339.59,9.73,mysql56.bpi32,630
210,398887.39,10.06,mysql56.bpi32,630
220,399448.87,10.06,mysql56.bpi32,630
230,400614.44,10.03,mysql56.bpi32,630
240,398918.01,9.86,mysql56.bpi32,630
250,400696.18,10.25,mysql56.bpi32,630
260,401411.95,9.53,mysql56.bpi32,630
270,401210.33,9.84,mysql56.bpi32,630
280,398973.30,9.77,mysql56.bpi32,630
290,400228.88,9.86,mysql56.bpi32,630
300,400879.55,9.84,mysql56.bpi32,630
10,407030.45,1.00,mysql57.bpi32,630
20,410679.19,0.27,mysql57.bpi32,630
30,410673.41,0.25,mysql57.bpi32,630
40,410154.84,0.27,mysql57.bpi32,630
50,409569.63,0.42,mysql57.bpi32,630
60,409750.05,0.39,mysql57.bpi32,630
70,409848.36,0.40,mysql57.bpi32,630
80,410557.90,0.38,mysql57.bpi32,630
90,410613.67,0.39,mysql57.bpi32,630
100,410667.78,0.37,mysql57.bpi32,630
110,410659.23,0.27,mysql57.bpi32,630
120,410640.99,0.38,mysql57.bpi32,630
130,410413.69,0.38,mysql57.bpi32,630
140,410121.84,0.40,mysql57.bpi32,630
150,410048.05,0.39,mysql57.bpi32,630
160,409887.03,0.40,mysql57.bpi32,630
170,409391.90,0.40,mysql57.bpi32,630
180,409951.71,0.39,mysql57.bpi32,630
190,410489.96,0.28,mysql57.bpi32,630
200,410515.27,0.29,mysql57.bpi32,630
210,409789.63,0.40,mysql57.bpi32,630
220,410153.37,0.30,mysql57.bpi32,630
230,410264.92,0.27,mysql57.bpi32,630
240,410316.62,0.27,mysql57.bpi32,630
250,410262.04,0.26,mysql57.bpi32,630
260,410538.45,0.26,mysql57.bpi32,630
270,410606.82,0.25,mysql57.bpi32,630
280,410802.13,0.23,mysql57.bpi32,630
290,410867.35,0.24,mysql57.bpi32,630
300,410873.08,0.24,mysql57.bpi32,630
10,400701.47,11.31,mysql56.bpi32,750
20,399755.29,11.95,mysql56.bpi32,750
30,402100.74,11.31,mysql56.bpi32,750
40,402287.66,11.60,mysql56.bpi32,750
50,401760.24,11.45,mysql56.bpi32,750
60,399286.01,11.52,mysql56.bpi32,750
70,398592.39,11.66,mysql56.bpi32,750
80,399529.72,11.41,mysql56.bpi32,750
90,400613.90,11.52,mysql56.bpi32,750
100,401139.68,11.33,mysql56.bpi32,750
110,402158.71,11.43,mysql56.bpi32,750
120,399799.78,11.24,mysql56.bpi32,750
130,401609.64,11.37,mysql56.bpi32,750
140,401810.73,11.39,mysql56.bpi32,750
150,399707.84,11.77,mysql56.bpi32,750
160,398979.07,11.63,mysql56.bpi32,750
170,399692.68,11.40,mysql56.bpi32,750
180,399762.61,11.48,mysql56.bpi32,750
190,398988.49,11.66,mysql56.bpi32,750
200,398980.42,11.44,mysql56.bpi32,750
210,401369.53,11.51,mysql56.bpi32,750
220,401205.97,11.33,mysql56.bpi32,750
230,399125.41,11.85,mysql56.bpi32,750
240,403081.30,10.65,mysql56.bpi32,750
250,397636.24,11.57,mysql56.bpi32,750
260,402233.24,11.29,mysql56.bpi32,750
270,399943.93,11.57,mysql56.bpi32,750
280,399551.59,11.70,mysql56.bpi32,750
290,401635.39,11.48,mysql56.bpi32,750
300,398500.41,11.58,mysql56.bpi32,750
10,409018.23,0.27,mysql57.bpi32,750
20,411290.93,0.16,mysql57.bpi32,750
30,411391.29,0.16,mysql57.bpi32,750
40,411339.44,0.16,mysql57.bpi32,750
50,411385.34,0.16,mysql57.bpi32,750
60,409632.31,0.17,mysql57.bpi32,750
70,409765.66,0.17,mysql57.bpi32,750
80,410902.20,0.17,mysql57.bpi32,750
90,410124.48,0.17,mysql57.bpi32,750
100,410148.43,0.18,mysql57.bpi32,750
110,410254.14,0.17,mysql57.bpi32,750
120,410709.78,0.17,mysql57.bpi32,750
130,410738.03,0.17,mysql57.bpi32,750
140,410841.03,0.16,mysql57.bpi32,750
150,411011.46,0.16,mysql57.bpi32,750
160,410802.52,0.17,mysql57.bpi32,750
170,410590.15,0.17,mysql57.bpi32,750
180,410357.75,0.17,mysql57.bpi32,750
190,410677.00,0.17,mysql57.bpi32,750
200,410093.21,0.17,mysql57.bpi32,750
210,411325.40,0.16,mysql57.bpi32,750
220,411280.79,0.16,mysql57.bpi32,750
230,411072.69,0.16,mysql57.bpi32,750
240,410974.55,0.16,mysql57.bpi32,750
250,411296.09,0.16,mysql57.bpi32,750
260,411289.12,0.16,mysql57.bpi32,750
270,411293.89,0.16,mysql57.bpi32,750
280,411287.41,0.16,mysql57.bpi32,750
290,411321.54,0.16,mysql57.bpi32,750
300,410693.60,0.17,mysql57.bpi32,750
10,400740.49,11.69,mysql56.bpi32,870
20,399513.31,12.95,mysql56.bpi32,870
30,401611.69,12.95,mysql56.bpi32,870
40,398867.96,12.92,mysql56.bpi32,870
50,401653.57,12.82,mysql56.bpi32,870
60,400407.69,12.65,mysql56.bpi32,870
70,400620.25,12.60,mysql56.bpi32,870
80,396349.45,13.50,mysql56.bpi32,870
90,400480.32,12.56,mysql56.bpi32,870
100,401367.40,12.20,mysql56.bpi32,870
110,400328.62,11.69,mysql56.bpi32,870
120,399493.04,11.69,mysql56.bpi32,870
130,400747.11,11.34,mysql56.bpi32,870
140,397697.39,13.07,mysql56.bpi32,870
150,400576.33,12.26,mysql56.bpi32,870
160,397145.92,12.08,mysql56.bpi32,870
170,401583.85,12.54,mysql56.bpi32,870
180,399083.20,12.45,mysql56.bpi32,870
190,402941.02,11.86,mysql56.bpi32,870
200,398357.93,12.72,mysql56.bpi32,870
210,400897.47,12.49,mysql56.bpi32,870
220,402062.60,12.53,mysql56.bpi32,870
230,401441.83,12.13,mysql56.bpi32,870
240,398431.77,12.35,mysql56.bpi32,870
250,400003.58,12.38,mysql56.bpi32,870
260,401887.40,12.93,mysql56.bpi32,870
270,401804.29,11.57,mysql56.bpi32,870
280,396660.15,12.86,mysql56.bpi32,870
290,402287.53,11.81,mysql56.bpi32,870
10,406019.03,1.65,mysql57.bpi32,870
20,411116.22,0.16,mysql57.bpi32,870
30,411202.06,0.16,mysql57.bpi32,870
40,411134.07,0.16,mysql57.bpi32,870
50,411174.07,0.16,mysql57.bpi32,870
60,409419.90,0.17,mysql57.bpi32,870
70,409999.62,0.17,mysql57.bpi32,870
80,410665.74,0.16,mysql57.bpi32,870
90,410731.94,0.16,mysql57.bpi32,870
100,410533.75,0.16,mysql57.bpi32,870
110,410399.90,0.16,mysql57.bpi32,870
120,410662.90,0.16,mysql57.bpi32,870
130,410690.17,0.16,mysql57.bpi32,870
140,411034.45,0.16,mysql57.bpi32,870
150,411037.17,0.16,mysql57.bpi32,870
160,410619.98,0.16,mysql57.bpi32,870
170,410681.70,0.16,mysql57.bpi32,870
180,410576.30,0.16,mysql57.bpi32,870
190,410657.31,0.16,mysql57.bpi32,870
200,411026.95,0.16,mysql57.bpi32,870
210,410684.00,0.16,mysql57.bpi32,870
220,410781.37,0.16,mysql57.bpi32,870
230,410395.92,0.16,mysql57.bpi32,870
240,410290.94,0.17,mysql57.bpi32,870
250,410239.37,0.16,mysql57.bpi32,870
260,411007.45,0.16,mysql57.bpi32,870
270,410729.18,0.16,mysql57.bpi32,870
280,410656.32,0.16,mysql57.bpi32,870
290,410656.37,0.16,mysql57.bpi32,870
300,410974.45,0.16,mysql57.bpi32,870
10,394442.40,13.04,mysql56.bpi32,1000
20,404036.66,13.63,mysql56.bpi32,1000
30,401741.94,13.73,mysql56.bpi32,1000
40,399186.60,13.41,mysql56.bpi32,1000
50,402003.59,13.64,mysql56.bpi32,1000
60,400499.85,12.25,mysql56.bpi32,1000
70,399357.80,13.51,mysql56.bpi32,1000
80,399858.27,13.88,mysql56.bpi32,1000
90,400669.28,14.14,mysql56.bpi32,1000
100,401213.15,14.06,mysql56.bpi32,1000
110,399403.88,13.49,mysql56.bpi32,1000
120,400867.82,13.11,mysql56.bpi32,1000
130,400035.52,13.37,mysql56.bpi32,1000
140,400048.11,13.52,mysql56.bpi32,1000
150,404112.77,14.27,mysql56.bpi32,1000
160,398727.66,13.59,mysql56.bpi32,1000
170,397107.43,14.00,mysql56.bpi32,1000
180,397163.95,13.83,mysql56.bpi32,1000
190,400275.38,13.69,mysql56.bpi32,1000
200,401349.45,13.18,mysql56.bpi32,1000
210,401751.61,14.09,mysql56.bpi32,1000
220,393305.21,12.88,mysql56.bpi32,1000
230,402945.06,13.64,mysql56.bpi32,1000
240,401225.10,13.85,mysql56.bpi32,1000
250,397103.82,13.78,mysql56.bpi32,1000
260,401592.09,12.93,mysql56.bpi32,1000
270,398846.47,13.22,mysql56.bpi32,1000
280,400507.99,13.89,mysql56.bpi32,1000
290,396028.51,13.05,mysql56.bpi32,1000
300,399976.21,13.45,mysql56.bpi32,1000
10,404274.98,1.94,mysql57.bpi32,1000
20,409924.01,0.16,mysql57.bpi32,1000
30,410047.97,0.16,mysql57.bpi32,1000
40,409996.83,0.16,mysql57.bpi32,1000
50,409980.02,0.16,mysql57.bpi32,1000
60,409989.16,0.16,mysql57.bpi32,1000
70,407877.30,0.17,mysql57.bpi32,1000
80,408932.66,0.18,mysql57.bpi32,1000
90,408895.54,0.17,mysql57.bpi32,1000
100,409037.09,0.17,mysql57.bpi32,1000
110,409545.95,0.17,mysql57.bpi32,1000
120,410003.82,0.16,mysql57.bpi32,1000
130,409595.92,0.16,mysql57.bpi32,1000
140,409652.30,0.16,mysql57.bpi32,1000
150,409992.92,0.16,mysql57.bpi32,1000
160,410014.60,0.16,mysql57.bpi32,1000
170,409173.68,0.17,mysql57.bpi32,1000
180,409994.96,0.16,mysql57.bpi32,1000
190,410031.09,0.16,mysql57.bpi32,1000
200,409075.68,0.17,mysql57.bpi32,1000
210,408503.51,0.17,mysql57.bpi32,1000
220,409863.21,0.17,mysql57.bpi32,1000
230,409966.63,0.16,mysql57.bpi32,1000
240,408792.35,0.17,mysql57.bpi32,1000
250,408943.77,0.17,mysql57.bpi32,1000
260,409651.70,0.17,mysql57.bpi32,1000
270,409911.15,0.16,mysql57.bpi32,1000
280,410064.68,0.16,mysql57.bpi32,1000
290,410037.44,0.16,mysql57.bpi32,1000
300,409563.54,0.17,mysql57.bpi32,1000
