10,5104.05,0.20,mysql57,1
20,5109.60,0.20,mysql57,1
30,5112.00,0.20,mysql57,1
40,5111.00,0.20,mysql57,1
50,5110.80,0.20,mysql57,1
60,5108.60,0.20,mysql57,1
70,5111.70,0.20,mysql57,1
80,5112.60,0.20,mysql57,1
90,5112.10,0.20,mysql57,1
100,5111.10,0.20,mysql57,1
110,5109.80,0.20,mysql57,1
120,5111.70,0.20,mysql57,1
130,5110.20,0.20,mysql57,1
140,5102.20,0.20,mysql57,1
150,5102.40,0.20,mysql57,1
160,5101.60,0.20,mysql57,1
170,5102.20,0.20,mysql57,1
180,5082.19,0.21,mysql57,1
190,5090.70,0.20,mysql57,1
200,5090.30,0.20,mysql57,1
210,5091.50,0.20,mysql57,1
220,5092.40,0.20,mysql57,1
230,5094.30,0.20,mysql57,1
240,5095.70,0.20,mysql57,1
250,5093.70,0.20,mysql57,1
260,5095.70,0.20,mysql57,1
270,5097.50,0.20,mysql57,1
280,5096.80,0.20,mysql57,1
290,5093.50,0.20,mysql57,1
300,5100.70,0.20,mysql57,1
310,5100.50,0.20,mysql57,1
320,5100.40,0.20,mysql57,1
330,5099.70,0.20,mysql57,1
340,5099.30,0.20,mysql57,1
350,5099.80,0.20,mysql57,1
360,5100.40,0.20,mysql57,1
370,5099.10,0.20,mysql57,1
380,5099.90,0.20,mysql57,1
390,5100.30,0.20,mysql57,1
400,5100.90,0.20,mysql57,1
410,5101.40,0.20,mysql57,1
420,5102.50,0.20,mysql57,1
430,5100.80,0.20,mysql57,1
440,5101.30,0.20,mysql57,1
450,5102.50,0.20,mysql57,1
460,5104.80,0.20,mysql57,1
470,5102.80,0.20,mysql57,1
480,5102.40,0.20,mysql57,1
490,5103.70,0.20,mysql57,1
500,5103.70,0.20,mysql57,1
510,5104.40,0.20,mysql57,1
520,5105.40,0.20,mysql57,1
530,5105.20,0.20,mysql57,1
540,5104.20,0.20,mysql57,1
550,5105.30,0.20,mysql57,1
560,5095.80,0.20,mysql57,1
570,5101.80,0.20,mysql57,1
580,5105.10,0.20,mysql57,1
590,5104.10,0.20,mysql57,1
600,5102.10,0.20,mysql57,1
610,5102.40,0.20,mysql57,1
620,5105.10,0.20,mysql57,1
630,5104.60,0.20,mysql57,1
640,5105.20,0.20,mysql57,1
650,5107.10,0.20,mysql57,1
660,5105.20,0.20,mysql57,1
670,5105.00,0.20,mysql57,1
680,5106.10,0.20,mysql57,1
690,5104.90,0.20,mysql57,1
700,5104.40,0.20,mysql57,1
710,5103.70,0.20,mysql57,1
720,5105.10,0.20,mysql57,1
730,5095.40,0.20,mysql57,1
740,5097.50,0.20,mysql57,1
750,5095.90,0.20,mysql57,1
760,5096.40,0.20,mysql57,1
770,5096.60,0.20,mysql57,1
780,5097.60,0.20,mysql57,1
790,5096.80,0.20,mysql57,1
800,5098.00,0.20,mysql57,1
810,5096.00,0.20,mysql57,1
820,5094.00,0.20,mysql57,1
830,5096.40,0.20,mysql57,1
840,5097.70,0.20,mysql57,1
850,5095.40,0.20,mysql57,1
860,5094.10,0.20,mysql57,1
870,5097.80,0.20,mysql57,1
880,5095.90,0.20,mysql57,1
890,5096.60,0.20,mysql57,1
900,5097.20,0.20,mysql57,1
10,9836.20,0.21,mysql57,2
20,9766.90,0.21,mysql57,2
30,9800.21,0.21,mysql57,2
40,9856.09,0.21,mysql57,2
50,9762.21,0.21,mysql57,2
60,9753.29,0.21,mysql57,2
70,9775.71,0.21,mysql57,2
80,9786.79,0.21,mysql57,2
90,9749.81,0.21,mysql57,2
100,9802.09,0.21,mysql57,2
110,9766.01,0.21,mysql57,2
120,9755.99,0.21,mysql57,2
130,9784.41,0.21,mysql57,2
140,9775.89,0.21,mysql57,2
150,9768.21,0.21,mysql57,2
160,9747.19,0.21,mysql57,2
170,9747.51,0.21,mysql57,2
180,9789.39,0.21,mysql57,2
190,9767.21,0.21,mysql57,2
200,9769.89,0.21,mysql57,2
210,9766.91,0.21,mysql57,2
220,9772.49,0.21,mysql57,2
230,9776.41,0.21,mysql57,2
240,9748.09,0.21,mysql57,2
250,9769.91,0.21,mysql57,2
260,9774.19,0.21,mysql57,2
270,9786.31,0.21,mysql57,2
280,9799.19,0.21,mysql57,2
290,9787.31,0.21,mysql57,2
300,9786.29,0.21,mysql57,2
310,9763.71,0.21,mysql57,2
320,9757.59,0.21,mysql57,2
330,9740.81,0.21,mysql57,2
340,9764.89,0.21,mysql57,2
350,9752.51,0.21,mysql57,2
360,9760.89,0.21,mysql57,2
370,9750.01,0.21,mysql57,2
380,9808.39,0.21,mysql57,2
390,9752.01,0.21,mysql57,2
400,9758.29,0.21,mysql57,2
410,9763.81,0.21,mysql57,2
420,9784.19,0.21,mysql57,2
430,9786.01,0.21,mysql57,2
440,9832.49,0.21,mysql57,2
450,9786.31,0.21,mysql57,2
460,9782.39,0.21,mysql57,2
470,9762.41,0.21,mysql57,2
480,9776.39,0.21,mysql57,2
490,9771.11,0.21,mysql57,2
500,9753.40,0.21,mysql57,2
510,9766.11,0.21,mysql57,2
520,9792.29,0.21,mysql57,2
530,9821.01,0.21,mysql57,2
540,9772.79,0.21,mysql57,2
550,9746.10,0.21,mysql57,2
560,9789.19,0.21,mysql57,2
570,9753.61,0.21,mysql57,2
580,9768.91,0.21,mysql57,2
590,9765.19,0.21,mysql57,2
600,9763.71,0.21,mysql57,2
610,9784.60,0.21,mysql57,2
620,9771.59,0.21,mysql57,2
630,9772.91,0.21,mysql57,2
640,9782.89,0.21,mysql57,2
650,9766.61,0.21,mysql57,2
660,9766.69,0.21,mysql57,2
670,9761.01,0.21,mysql57,2
680,9780.99,0.21,mysql57,2
690,9774.71,0.21,mysql57,2
700,9751.79,0.21,mysql57,2
710,9778.11,0.21,mysql57,2
720,9772.99,0.21,mysql57,2
730,9777.11,0.21,mysql57,2
740,9772.49,0.21,mysql57,2
750,9773.01,0.21,mysql57,2
760,9752.19,0.21,mysql57,2
770,9750.41,0.21,mysql57,2
780,9776.19,0.21,mysql57,2
790,9755.91,0.21,mysql57,2
800,9759.99,0.21,mysql57,2
810,9815.41,0.21,mysql57,2
820,9772.69,0.21,mysql57,2
830,9764.51,0.21,mysql57,2
840,9763.19,0.21,mysql57,2
850,9796.51,0.21,mysql57,2
860,9765.10,0.21,mysql57,2
870,9807.21,0.21,mysql57,2
880,9760.09,0.21,mysql57,2
890,9767.41,0.21,mysql57,2
900,9784.19,0.21,mysql57,2
10,14701.48,0.21,mysql57,3
20,14682.80,0.21,mysql57,3
30,14678.60,0.21,mysql57,3
40,14682.20,0.21,mysql57,3
50,14705.50,0.21,mysql57,3
60,14689.30,0.21,mysql57,3
70,14688.50,0.21,mysql57,3
80,14688.90,0.21,mysql57,3
90,14686.20,0.21,mysql57,3
100,14698.00,0.21,mysql57,3
110,14679.40,0.21,mysql57,3
120,14661.40,0.21,mysql57,3
130,14691.00,0.21,mysql57,3
140,14702.10,0.21,mysql57,3
150,14702.21,0.21,mysql57,3
160,14710.40,0.21,mysql57,3
170,14679.40,0.21,mysql57,3
180,14675.20,0.21,mysql57,3
190,14720.10,0.21,mysql57,3
200,14696.10,0.21,mysql57,3
210,14664.10,0.21,mysql57,3
220,14687.80,0.21,mysql57,3
230,14648.30,0.21,mysql57,3
240,14649.80,0.21,mysql57,3
250,14647.30,0.21,mysql57,3
260,14654.50,0.21,mysql57,3
270,14702.70,0.21,mysql57,3
280,14687.70,0.21,mysql57,3
290,14735.69,0.21,mysql57,3
300,14699.90,0.21,mysql57,3
310,14718.30,0.21,mysql57,3
320,14750.40,0.21,mysql57,3
330,14685.80,0.21,mysql57,3
340,14666.10,0.21,mysql57,3
350,14644.80,0.21,mysql57,3
360,14641.50,0.21,mysql57,3
370,14695.00,0.21,mysql57,3
380,14642.90,0.21,mysql57,3
390,14714.70,0.21,mysql57,3
400,14717.30,0.21,mysql57,3
410,14684.20,0.21,mysql57,3
420,14669.10,0.21,mysql57,3
430,14649.70,0.21,mysql57,3
440,14646.10,0.21,mysql57,3
450,14648.50,0.21,mysql57,3
460,14722.60,0.21,mysql57,3
470,14680.50,0.21,mysql57,3
480,14701.00,0.21,mysql57,3
490,14715.60,0.21,mysql57,3
500,14687.50,0.21,mysql57,3
510,14722.00,0.21,mysql57,3
520,14758.50,0.21,mysql57,3
530,14683.80,0.21,mysql57,3
540,14724.20,0.21,mysql57,3
550,14679.00,0.21,mysql57,3
560,14689.80,0.21,mysql57,3
570,14719.70,0.21,mysql57,3
580,14703.00,0.21,mysql57,3
590,14734.00,0.21,mysql57,3
600,14691.30,0.21,mysql57,3
610,14686.30,0.21,mysql57,3
620,14685.20,0.21,mysql57,3
630,14686.60,0.21,mysql57,3
640,14717.30,0.21,mysql57,3
650,14673.90,0.21,mysql57,3
660,14679.70,0.21,mysql57,3
670,14647.60,0.21,mysql57,3
680,14648.30,0.21,mysql57,3
690,14645.30,0.21,mysql57,3
700,14646.10,0.21,mysql57,3
710,14669.60,0.21,mysql57,3
720,14647.20,0.21,mysql57,3
730,14655.90,0.21,mysql57,3
740,14657.60,0.21,mysql57,3
750,14667.00,0.21,mysql57,3
760,14631.00,0.21,mysql57,3
770,14721.80,0.21,mysql57,3
780,14709.10,0.21,mysql57,3
790,14680.70,0.21,mysql57,3
800,14722.10,0.21,mysql57,3
810,14669.40,0.21,mysql57,3
820,14786.50,0.21,mysql57,3
830,14723.50,0.21,mysql57,3
840,14651.20,0.21,mysql57,3
850,14688.20,0.21,mysql57,3
860,14717.30,0.21,mysql57,3
870,14671.40,0.21,mysql57,3
880,14717.30,0.21,mysql57,3
890,14698.90,0.21,mysql57,3
900,14711.80,0.21,mysql57,3
10,19606.70,0.21,mysql57,4
20,19599.09,0.21,mysql57,4
30,19572.61,0.21,mysql57,4
40,19565.93,0.21,mysql57,4
50,19568.28,0.21,mysql57,4
60,19639.81,0.21,mysql57,4
70,19683.40,0.21,mysql57,4
80,19646.20,0.21,mysql57,4
90,19638.40,0.21,mysql57,4
100,19644.40,0.21,mysql57,4
110,19639.20,0.21,mysql57,4
120,19615.80,0.21,mysql57,4
130,19615.90,0.21,mysql57,4
140,19627.50,0.21,mysql57,4
150,19588.60,0.21,mysql57,4
160,19632.70,0.21,mysql57,4
170,19628.00,0.21,mysql57,4
180,19626.00,0.21,mysql57,4
190,19593.00,0.21,mysql57,4
200,19597.50,0.21,mysql57,4
210,19601.30,0.21,mysql57,4
220,19633.90,0.21,mysql57,4
230,19618.30,0.21,mysql57,4
240,19597.50,0.21,mysql57,4
250,19638.10,0.21,mysql57,4
260,19636.00,0.21,mysql57,4
270,19623.70,0.21,mysql57,4
280,19610.50,0.21,mysql57,4
290,19612.00,0.21,mysql57,4
300,19603.90,0.21,mysql57,4
310,19604.90,0.21,mysql57,4
320,19609.20,0.21,mysql57,4
330,19568.10,0.21,mysql57,4
340,19569.40,0.21,mysql57,4
350,19570.20,0.21,mysql57,4
360,19565.70,0.21,mysql57,4
370,19649.20,0.21,mysql57,4
380,19617.50,0.21,mysql57,4
390,19617.60,0.21,mysql57,4
400,19611.60,0.21,mysql57,4
410,19631.80,0.21,mysql57,4
420,19619.00,0.21,mysql57,4
430,19604.80,0.21,mysql57,4
440,19619.00,0.21,mysql57,4
450,19613.50,0.21,mysql57,4
460,19609.80,0.21,mysql57,4
470,19635.40,0.21,mysql57,4
480,19597.70,0.21,mysql57,4
490,19586.50,0.21,mysql57,4
500,19592.21,0.21,mysql57,4
510,19605.20,0.21,mysql57,4
520,19618.40,0.21,mysql57,4
530,19612.20,0.21,mysql57,4
540,19621.30,0.21,mysql57,4
550,19619.11,0.21,mysql57,4
560,19627.49,0.21,mysql57,4
570,19661.10,0.21,mysql57,4
580,19654.30,0.21,mysql57,4
590,19630.30,0.21,mysql57,4
600,19634.60,0.21,mysql57,4
610,19636.60,0.21,mysql57,4
620,19663.50,0.21,mysql57,4
630,19634.40,0.21,mysql57,4
640,19642.80,0.21,mysql57,4
650,19622.10,0.21,mysql57,4
660,19634.20,0.21,mysql57,4
670,19637.70,0.21,mysql57,4
680,19638.70,0.21,mysql57,4
690,19631.20,0.21,mysql57,4
700,19604.80,0.21,mysql57,4
710,19593.00,0.21,mysql57,4
720,19635.00,0.21,mysql57,4
730,19598.20,0.21,mysql57,4
740,19618.40,0.21,mysql57,4
750,19633.10,0.21,mysql57,4
760,19605.70,0.21,mysql57,4
770,19608.80,0.21,mysql57,4
780,19609.10,0.21,mysql57,4
790,19611.60,0.21,mysql57,4
800,19615.70,0.21,mysql57,4
810,19611.40,0.21,mysql57,4
820,19618.00,0.21,mysql57,4
830,19614.50,0.21,mysql57,4
840,19606.20,0.21,mysql57,4
850,19621.50,0.21,mysql57,4
860,19603.20,0.21,mysql57,4
870,19610.00,0.21,mysql57,4
880,19667.00,0.21,mysql57,4
890,19607.60,0.21,mysql57,4
900,19589.68,0.21,mysql57,4
10,24632.74,0.21,mysql57,5
20,24597.29,0.21,mysql57,5
30,24599.82,0.21,mysql57,5
40,24608.19,0.21,mysql57,5
50,24608.72,0.21,mysql57,5
60,24605.38,0.21,mysql57,5
70,24595.91,0.21,mysql57,5
80,24605.89,0.21,mysql57,5
90,24613.21,0.21,mysql57,5
100,24592.39,0.21,mysql57,5
110,24585.21,0.21,mysql57,5
120,24564.99,0.21,mysql57,5
130,24467.91,0.21,mysql57,5
140,24614.58,0.21,mysql57,5
150,24615.41,0.21,mysql57,5
160,24620.69,0.21,mysql57,5
170,24620.91,0.21,mysql57,5
180,24607.99,0.21,mysql57,5
190,24501.62,0.21,mysql57,5
200,24507.18,0.21,mysql57,5
210,24493.32,0.21,mysql57,5
220,24517.18,0.21,mysql57,5
230,24511.51,0.21,mysql57,5
240,24601.29,0.21,mysql57,5
250,24589.42,0.21,mysql57,5
260,24600.29,0.21,mysql57,5
270,24611.91,0.21,mysql57,5
280,24619.58,0.21,mysql57,5
290,24618.82,0.21,mysql57,5
300,24625.09,0.21,mysql57,5
310,24483.41,0.21,mysql57,5
320,24471.29,0.21,mysql57,5
330,24475.42,0.21,mysql57,5
340,24473.08,0.21,mysql57,5
350,24584.42,0.21,mysql57,5
360,24580.78,0.21,mysql57,5
370,24597.81,0.21,mysql57,5
380,24595.19,0.21,mysql57,5
390,24502.41,0.21,mysql57,5
400,24625.99,0.21,mysql57,5
410,24627.91,0.21,mysql57,5
420,24564.18,0.21,mysql57,5
430,24537.62,0.21,mysql57,5
440,24549.68,0.21,mysql57,5
450,24529.22,0.21,mysql57,5
460,24529.88,0.21,mysql57,5
470,24539.92,0.21,mysql57,5
480,24535.69,0.21,mysql57,5
490,24684.91,0.21,mysql57,5
500,24636.69,0.21,mysql57,5
510,24632.42,0.21,mysql57,5
520,24539.09,0.21,mysql57,5
530,24519.71,0.21,mysql57,5
540,24499.08,0.21,mysql57,5
550,24583.72,0.21,mysql57,5
560,24582.78,0.21,mysql57,5
570,24578.82,0.21,mysql57,5
580,24603.59,0.21,mysql57,5
590,24587.31,0.21,mysql57,5
600,24589.89,0.21,mysql57,5
610,24656.52,0.21,mysql57,5
620,24612.28,0.21,mysql57,5
630,24603.62,0.21,mysql57,5
640,24603.59,0.21,mysql57,5
650,24607.91,0.21,mysql57,5
660,24530.69,0.21,mysql57,5
670,24629.51,0.21,mysql57,5
680,24528.89,0.21,mysql57,5
690,24506.82,0.21,mysql57,5
700,24511.28,0.21,mysql57,5
710,24510.92,0.21,mysql57,5
720,24544.59,0.21,mysql57,5
730,24529.12,0.21,mysql57,5
740,24536.98,0.21,mysql57,5
750,24514.51,0.21,mysql57,5
760,24623.28,0.21,mysql57,5
770,24630.62,0.21,mysql57,5
780,24590.33,0.21,mysql57,5
790,24584.37,0.21,mysql57,5
800,24590.08,0.21,mysql57,5
810,24633.42,0.21,mysql57,5
820,24630.81,0.21,mysql57,5
830,24676.39,0.21,mysql57,5
840,24644.89,0.21,mysql57,5
850,24562.91,0.21,mysql57,5
860,24586.08,0.21,mysql57,5
870,24589.72,0.21,mysql57,5
880,24520.08,0.21,mysql57,5
890,24621.12,0.21,mysql57,5
900,24603.38,0.21,mysql57,5
10,29407.00,0.21,mysql57,6
20,29349.89,0.21,mysql57,6
30,29350.11,0.21,mysql57,6
40,29390.78,0.21,mysql57,6
50,29386.32,0.21,mysql57,6
60,29448.08,0.21,mysql57,6
70,29380.13,0.21,mysql57,6
80,29454.07,0.21,mysql57,6
90,29342.12,0.21,mysql57,6
100,29357.18,0.21,mysql57,6
110,29337.82,0.21,mysql57,6
120,29439.68,0.21,mysql57,6
130,29419.22,0.21,mysql57,6
140,29417.98,0.21,mysql57,6
150,29395.91,0.21,mysql57,6
160,29531.19,0.21,mysql57,6
170,29369.12,0.21,mysql57,6
180,29336.68,0.21,mysql57,6
190,29378.61,0.21,mysql57,6
200,29485.58,0.21,mysql57,6
210,29391.32,0.21,mysql57,6
220,29369.69,0.21,mysql57,6
230,29458.62,0.21,mysql57,6
240,29441.78,0.21,mysql57,6
250,29422.33,0.21,mysql57,6
260,29537.78,0.21,mysql57,6
270,29345.31,0.21,mysql57,6
280,29325.69,0.21,mysql57,6
290,29315.72,0.21,mysql57,6
300,29339.67,0.21,mysql57,6
310,29344.32,0.21,mysql57,6
320,29348.18,0.21,mysql57,6
330,29355.52,0.21,mysql57,6
340,29331.98,0.21,mysql57,6
350,29336.53,0.21,mysql57,6
360,29555.88,0.21,mysql57,6
370,29423.31,0.21,mysql57,6
380,29550.09,0.21,mysql57,6
390,29433.02,0.21,mysql57,6
400,29374.88,0.21,mysql57,6
410,29359.53,0.21,mysql57,6
420,29419.83,0.21,mysql57,6
430,29363.46,0.21,mysql57,6
440,29428.78,0.21,mysql57,6
450,29387.61,0.21,mysql57,6
460,29373.88,0.21,mysql57,6
470,29452.03,0.21,mysql57,6
480,29473.88,0.21,mysql57,6
490,29388.92,0.21,mysql57,6
500,29463.28,0.21,mysql57,6
510,29494.72,0.21,mysql57,6
520,29500.78,0.20,mysql57,6
530,29567.42,0.21,mysql57,6
540,29625.68,0.21,mysql57,6
550,29438.02,0.21,mysql57,6
560,29450.57,0.21,mysql57,6
570,29399.82,0.21,mysql57,6
580,29404.68,0.21,mysql57,6
590,29506.92,0.21,mysql57,6
600,29447.48,0.21,mysql57,6
610,29404.62,0.21,mysql57,6
620,29416.97,0.21,mysql57,6
630,29371.62,0.21,mysql57,6
640,29423.68,0.21,mysql57,6
650,29381.92,0.21,mysql57,6
660,29382.78,0.21,mysql57,6
670,29374.33,0.21,mysql57,6
680,29412.52,0.21,mysql57,6
690,29478.07,0.21,mysql57,6
700,29412.50,0.21,mysql57,6
710,29400.19,0.21,mysql57,6
720,29390.28,0.21,mysql57,6
730,29385.42,0.21,mysql57,6
740,29389.47,0.21,mysql57,6
750,29351.92,0.21,mysql57,6
760,29296.89,0.21,mysql57,6
770,29413.62,0.21,mysql57,6
780,29384.49,0.21,mysql57,6
790,29445.11,0.21,mysql57,6
800,29396.79,0.21,mysql57,6
810,29382.91,0.21,mysql57,6
820,29373.18,0.21,mysql57,6
830,29375.52,0.21,mysql57,6
840,29372.69,0.21,mysql57,6
850,29347.12,0.21,mysql57,6
860,29428.38,0.21,mysql57,6
870,29405.92,0.21,mysql57,6
880,29490.28,0.21,mysql57,6
890,29460.42,0.21,mysql57,6
900,29382.09,0.21,mysql57,6
10,39429.78,0.21,mysql57,8
20,39202.50,0.21,mysql57,8
30,39217.63,0.21,mysql57,8
40,39169.42,0.21,mysql57,8
50,39176.69,0.21,mysql57,8
60,39201.01,0.21,mysql57,8
70,39206.12,0.21,mysql57,8
80,39211.47,0.21,mysql57,8
90,39221.80,0.21,mysql57,8
100,39272.99,0.21,mysql57,8
110,39234.79,0.21,mysql57,8
120,39233.29,0.21,mysql57,8
130,39240.43,0.21,mysql57,8
140,39237.97,0.21,mysql57,8
150,39162.43,0.21,mysql57,8
160,39162.07,0.21,mysql57,8
170,39277.42,0.21,mysql57,8
180,39170.37,0.21,mysql57,8
190,39142.03,0.21,mysql57,8
200,39156.47,0.21,mysql57,8
210,39185.24,0.21,mysql57,8
220,39166.66,0.21,mysql57,8
230,39153.33,0.21,mysql57,8
240,39200.28,0.21,mysql57,8
250,39170.62,0.21,mysql57,8
260,39153.77,0.21,mysql57,8
270,39189.93,0.21,mysql57,8
280,39256.87,0.21,mysql57,8
290,39259.53,0.21,mysql57,8
300,39257.47,0.21,mysql57,8
310,39178.83,0.21,mysql57,8
320,39257.08,0.21,mysql57,8
330,39250.92,0.21,mysql57,8
340,39205.17,0.21,mysql57,8
350,39170.12,0.21,mysql57,8
360,39188.27,0.21,mysql57,8
370,39287.03,0.21,mysql57,8
380,39293.07,0.21,mysql57,8
390,39179.62,0.21,mysql57,8
400,39122.18,0.21,mysql57,8
410,39201.03,0.21,mysql57,8
420,39201.56,0.21,mysql57,8
430,39166.84,0.21,mysql57,8
440,39324.37,0.21,mysql57,8
450,39283.13,0.21,mysql57,8
460,39351.78,0.21,mysql57,8
470,39263.12,0.21,mysql57,8
480,39234.88,0.21,mysql57,8
490,39225.53,0.21,mysql57,8
500,39271.87,0.21,mysql57,8
510,39272.23,0.21,mysql57,8
520,39264.06,0.21,mysql57,8
530,39228.23,0.21,mysql57,8
540,39170.28,0.21,mysql57,8
550,39183.32,0.21,mysql57,8
560,39262.86,0.21,mysql57,8
570,39164.04,0.21,mysql57,8
580,39309.66,0.21,mysql57,8
590,39318.73,0.21,mysql57,8
600,39309.67,0.21,mysql57,8
610,39274.73,0.21,mysql57,8
620,39233.37,0.21,mysql57,8
630,39183.33,0.21,mysql57,8
640,39242.97,0.21,mysql57,8
650,39265.63,0.21,mysql57,8
660,39154.37,0.21,mysql57,8
670,39112.43,0.21,mysql57,8
680,39127.87,0.21,mysql57,8
690,39129.54,0.21,mysql57,8
700,39230.09,0.21,mysql57,8
710,39205.00,0.21,mysql57,8
720,39263.01,0.21,mysql57,8
730,39224.00,0.21,mysql57,8
740,39298.06,0.21,mysql57,8
750,39218.92,0.21,mysql57,8
760,39187.18,0.21,mysql57,8
770,39261.12,0.21,mysql57,8
780,39199.18,0.21,mysql57,8
790,39306.62,0.21,mysql57,8
800,39320.87,0.21,mysql57,8
810,39321.93,0.21,mysql57,8
820,39301.97,0.21,mysql57,8
830,39301.83,0.21,mysql57,8
840,39320.37,0.21,mysql57,8
850,39201.93,0.21,mysql57,8
860,39249.39,0.21,mysql57,8
870,39229.32,0.21,mysql57,8
880,39233.27,0.21,mysql57,8
890,39243.12,0.21,mysql57,8
900,39171.78,0.21,mysql57,8
10,49022.68,0.21,mysql57,10
20,49075.98,0.21,mysql57,10
30,49071.05,0.21,mysql57,10
40,49067.54,0.21,mysql57,10
50,49015.16,0.21,mysql57,10
60,48922.36,0.21,mysql57,10
70,48901.74,0.21,mysql57,10
80,48870.37,0.21,mysql57,10
90,48883.33,0.21,mysql57,10
100,48882.77,0.21,mysql57,10
110,48873.44,0.21,mysql57,10
120,48866.65,0.21,mysql57,10
130,48929.82,0.21,mysql57,10
140,48994.88,0.21,mysql57,10
150,48987.92,0.21,mysql57,10
160,48952.08,0.21,mysql57,10
170,48978.23,0.21,mysql57,10
180,48994.37,0.21,mysql57,10
190,48998.05,0.21,mysql57,10
200,48979.29,0.21,mysql57,10
210,48979.50,0.21,mysql57,10
220,48967.20,0.21,mysql57,10
230,48953.10,0.21,mysql57,10
240,48958.00,0.21,mysql57,10
250,48950.36,0.21,mysql57,10
260,48956.61,0.21,mysql57,10
270,48955.03,0.21,mysql57,10
280,48964.77,0.21,mysql57,10
290,48955.00,0.21,mysql57,10
300,48961.90,0.21,mysql57,10
310,48978.73,0.21,mysql57,10
320,48966.97,0.21,mysql57,10
330,48970.12,0.21,mysql57,10
340,48976.37,0.21,mysql57,10
350,48991.12,0.21,mysql57,10
360,48993.28,0.21,mysql57,10
370,48983.24,0.21,mysql57,10
380,48977.85,0.21,mysql57,10
390,48982.14,0.21,mysql57,10
400,48971.87,0.21,mysql57,10
410,48864.94,0.21,mysql57,10
420,48859.97,0.21,mysql57,10
430,48830.42,0.21,mysql57,10
440,48864.07,0.21,mysql57,10
450,48856.04,0.21,mysql57,10
460,48873.57,0.21,mysql57,10
470,49078.43,0.21,mysql57,10
480,49084.87,0.21,mysql57,10
490,48985.74,0.21,mysql57,10
500,48979.16,0.21,mysql57,10
510,49064.93,0.21,mysql57,10
520,49073.77,0.21,mysql57,10
530,49039.74,0.21,mysql57,10
540,49024.36,0.21,mysql57,10
550,49023.33,0.21,mysql57,10
560,49048.76,0.21,mysql57,10
570,49048.64,0.21,mysql57,10
580,49034.07,0.21,mysql57,10
590,48981.04,0.21,mysql57,10
600,48987.46,0.21,mysql57,10
610,48924.03,0.21,mysql57,10
620,48911.46,0.21,mysql57,10
630,48809.43,0.21,mysql57,10
640,48770.07,0.21,mysql57,10
650,48796.84,0.21,mysql57,10
660,48792.45,0.21,mysql57,10
670,48768.74,0.21,mysql57,10
680,48787.97,0.21,mysql57,10
690,48864.03,0.21,mysql57,10
700,48847.46,0.21,mysql57,10
710,48844.24,0.21,mysql57,10
720,48836.65,0.21,mysql57,10
730,48830.34,0.21,mysql57,10
740,48841.27,0.21,mysql57,10
750,48848.02,0.21,mysql57,10
760,48783.27,0.21,mysql57,10
770,48866.64,0.21,mysql57,10
780,48964.46,0.21,mysql57,10
790,48958.93,0.21,mysql57,10
800,48940.18,0.21,mysql57,10
810,48948.52,0.21,mysql57,10
820,48956.76,0.21,mysql57,10
830,48981.63,0.21,mysql57,10
840,48977.88,0.21,mysql57,10
850,48964.83,0.21,mysql57,10
860,48981.46,0.21,mysql57,10
870,48963.93,0.21,mysql57,10
880,48964.57,0.21,mysql57,10
890,48974.13,0.21,mysql57,10
900,48976.66,0.21,mysql57,10
10,63559.72,0.21,mysql57,13
20,63572.21,0.21,mysql57,13
30,63553.32,0.21,mysql57,13
40,63553.49,0.21,mysql57,13
50,63554.32,0.21,mysql57,13
60,63549.12,0.21,mysql57,13
70,63517.50,0.21,mysql57,13
80,63539.06,0.21,mysql57,13
90,63529.04,0.21,mysql57,13
100,63437.09,0.21,mysql57,13
110,63472.59,0.21,mysql57,13
120,63455.31,0.21,mysql57,13
130,63376.28,0.21,mysql57,13
140,63383.29,0.21,mysql57,13
150,63410.83,0.21,mysql57,13
160,63374.72,0.21,mysql57,13
170,63346.95,0.21,mysql57,13
180,63302.95,0.21,mysql57,13
190,63306.30,0.21,mysql57,13
200,63312.97,0.21,mysql57,13
210,63317.22,0.21,mysql57,13
220,63239.16,0.21,mysql57,13
230,63302.53,0.21,mysql57,13
240,63296.48,0.21,mysql57,13
250,63326.83,0.21,mysql57,13
260,63218.44,0.21,mysql57,13
270,63161.18,0.21,mysql57,13
280,63202.05,0.21,mysql57,13
290,63171.68,0.21,mysql57,13
300,63174.06,0.21,mysql57,13
10,78117.73,0.21,mysql57,16
20,77940.21,0.21,mysql57,16
30,77945.76,0.21,mysql57,16
40,77953.94,0.21,mysql57,16
50,77953.07,0.21,mysql57,16
60,77942.44,0.21,mysql57,16
70,77922.58,0.21,mysql57,16
80,77916.22,0.21,mysql57,16
90,77950.77,0.21,mysql57,16
100,78115.94,0.21,mysql57,16
110,78136.37,0.21,mysql57,16
120,78040.42,0.21,mysql57,16
130,77979.96,0.21,mysql57,16
140,78002.94,0.21,mysql57,16
150,78031.79,0.21,mysql57,16
160,78086.88,0.21,mysql57,16
170,78083.63,0.21,mysql57,16
180,78103.29,0.21,mysql57,16
190,78120.88,0.21,mysql57,16
200,78102.70,0.21,mysql57,16
210,78110.39,0.21,mysql57,16
220,78150.43,0.21,mysql57,16
230,78150.48,0.21,mysql57,16
240,78352.09,0.21,mysql57,16
250,78514.89,0.21,mysql57,16
260,78138.55,0.21,mysql57,16
270,78154.75,0.21,mysql57,16
280,78153.34,0.21,mysql57,16
290,78155.65,0.21,mysql57,16
300,78428.06,0.21,mysql57,16
10,97313.85,0.21,mysql57,20
20,97239.64,0.21,mysql57,20
30,97146.83,0.21,mysql57,20
40,96983.20,0.21,mysql57,20
50,97003.79,0.21,mysql57,20
60,96913.64,0.21,mysql57,20
70,96748.91,0.21,mysql57,20
80,96567.76,0.21,mysql57,20
90,96653.61,0.21,mysql57,20
100,96951.62,0.21,mysql57,20
110,97018.71,0.21,mysql57,20
120,96961.30,0.21,mysql57,20
130,97053.18,0.21,mysql57,20
140,97129.81,0.21,mysql57,20
150,97147.02,0.21,mysql57,20
160,96972.50,0.21,mysql57,20
170,96949.76,0.21,mysql57,20
180,96946.97,0.21,mysql57,20
190,97082.28,0.21,mysql57,20
200,97080.88,0.21,mysql57,20
210,97098.01,0.21,mysql57,20
220,97106.57,0.21,mysql57,20
230,96906.12,0.21,mysql57,20
240,96825.40,0.21,mysql57,20
250,96944.17,0.21,mysql57,20
260,96987.23,0.21,mysql57,20
270,96863.60,0.21,mysql57,20
280,97039.49,0.21,mysql57,20
290,97109.49,0.21,mysql57,20
300,97084.21,0.21,mysql57,20
10,119762.86,0.21,mysql57,25
20,120084.85,0.21,mysql57,25
30,120119.57,0.21,mysql57,25
40,120125.82,0.21,mysql57,25
50,120127.98,0.21,mysql57,25
60,120137.12,0.21,mysql57,25
70,120170.46,0.21,mysql57,25
80,120459.94,0.21,mysql57,25
90,120433.00,0.21,mysql57,25
100,120475.65,0.21,mysql57,25
110,120473.63,0.21,mysql57,25
120,120562.40,0.21,mysql57,25
130,120544.11,0.21,mysql57,25
140,120592.15,0.21,mysql57,25
150,120787.06,0.21,mysql57,25
160,120884.79,0.21,mysql57,25
170,120808.91,0.21,mysql57,25
180,120888.56,0.21,mysql57,25
190,121050.21,0.21,mysql57,25
200,121101.17,0.21,mysql57,25
210,120972.78,0.21,mysql57,25
220,121091.60,0.21,mysql57,25
230,121270.84,0.21,mysql57,25
240,121224.56,0.21,mysql57,25
250,121384.56,0.21,mysql57,25
260,121503.31,0.21,mysql57,25
270,121406.40,0.21,mysql57,25
280,121490.63,0.21,mysql57,25
290,121750.40,0.21,mysql57,25
300,121563.80,0.21,mysql57,25
10,146016.29,0.22,mysql57,31
20,146493.79,0.22,mysql57,31
30,147499.57,0.22,mysql57,31
40,147743.22,0.22,mysql57,31
50,147903.93,0.22,mysql57,31
60,147958.03,0.22,mysql57,31
70,147917.61,0.22,mysql57,31
80,148132.27,0.22,mysql57,31
90,148160.39,0.22,mysql57,31
100,148154.67,0.22,mysql57,31
110,148410.03,0.22,mysql57,31
120,148416.90,0.22,mysql57,31
130,148357.60,0.22,mysql57,31
140,148418.65,0.22,mysql57,31
150,148420.89,0.22,mysql57,31
160,148404.20,0.22,mysql57,31
170,148616.73,0.22,mysql57,31
180,148617.43,0.22,mysql57,31
190,148623.72,0.22,mysql57,31
200,148623.44,0.22,mysql57,31
210,148785.12,0.21,mysql57,31
220,148801.23,0.22,mysql57,31
230,148770.04,0.22,mysql57,31
240,148742.95,0.22,mysql57,31
250,148708.26,0.22,mysql57,31
260,148778.69,0.22,mysql57,31
270,148838.06,0.21,mysql57,31
280,148757.75,0.21,mysql57,31
290,148645.97,0.22,mysql57,31
300,148763.95,0.21,mysql57,31
10,176503.74,0.23,mysql57,38
20,179400.84,0.22,mysql57,38
30,179830.95,0.22,mysql57,38
40,179946.00,0.22,mysql57,38
50,180049.15,0.22,mysql57,38
60,180097.39,0.22,mysql57,38
70,180215.31,0.22,mysql57,38
80,180457.25,0.22,mysql57,38
90,180545.04,0.22,mysql57,38
100,180574.58,0.22,mysql57,38
110,181000.84,0.22,mysql57,38
120,180878.51,0.22,mysql57,38
130,180727.93,0.22,mysql57,38
140,180813.87,0.22,mysql57,38
150,180840.83,0.22,mysql57,38
160,180638.35,0.22,mysql57,38
170,181043.77,0.22,mysql57,38
180,181049.15,0.22,mysql57,38
190,180948.15,0.22,mysql57,38
200,181085.20,0.22,mysql57,38
210,181106.10,0.22,mysql57,38
220,181108.11,0.22,mysql57,38
230,181092.80,0.22,mysql57,38
240,181068.86,0.22,mysql57,38
250,181083.91,0.22,mysql57,38
260,181133.15,0.22,mysql57,38
270,181118.33,0.22,mysql57,38
280,181178.56,0.22,mysql57,38
290,181226.59,0.22,mysql57,38
300,181209.12,0.22,mysql57,38
10,215592.62,0.22,mysql57,46
20,215749.55,0.22,mysql57,46
30,216203.50,0.22,mysql57,46
40,216211.75,0.22,mysql57,46
50,216452.56,0.22,mysql57,46
60,215974.18,0.22,mysql57,46
70,216085.58,0.22,mysql57,46
80,215971.54,0.22,mysql57,46
90,215955.64,0.22,mysql57,46
100,216674.36,0.22,mysql57,46
110,216635.17,0.22,mysql57,46
120,216701.57,0.22,mysql57,46
130,216464.53,0.22,mysql57,46
140,216428.27,0.22,mysql57,46
150,216289.06,0.22,mysql57,46
160,216296.76,0.22,mysql57,46
170,216453.49,0.22,mysql57,46
180,216381.68,0.22,mysql57,46
190,216361.60,0.22,mysql57,46
200,216172.11,0.22,mysql57,46
210,215898.38,0.22,mysql57,46
220,216114.55,0.22,mysql57,46
230,215909.05,0.22,mysql57,46
240,214297.38,0.23,mysql57,46
250,215336.20,0.23,mysql57,46
260,215687.58,0.22,mysql57,46
270,215608.45,0.22,mysql57,46
280,214845.39,0.23,mysql57,46
290,215926.93,0.22,mysql57,46
300,216148.50,0.22,mysql57,46
10,254557.85,0.25,mysql57,56
20,254579.43,0.25,mysql57,56
30,254364.32,0.26,mysql57,56
40,253754.19,0.26,mysql57,56
50,254672.07,0.25,mysql57,56
60,254363.48,0.25,mysql57,56
70,254346.91,0.25,mysql57,56
80,255235.57,0.25,mysql57,56
90,255410.14,0.25,mysql57,56
100,257057.28,0.24,mysql57,56
110,254727.78,0.25,mysql57,56
120,254748.54,0.25,mysql57,56
130,254525.64,0.25,mysql57,56
140,253807.95,0.26,mysql57,56
150,253853.95,0.26,mysql57,56
160,254494.94,0.25,mysql57,56
170,254143.69,0.26,mysql57,56
180,255340.99,0.25,mysql57,56
190,255691.28,0.25,mysql57,56
200,254040.63,0.26,mysql57,56
210,254062.98,0.26,mysql57,56
220,254690.60,0.25,mysql57,56
230,254588.34,0.25,mysql57,56
240,255053.97,0.25,mysql57,56
250,254753.12,0.25,mysql57,56
260,254907.63,0.25,mysql57,56
270,255033.41,0.25,mysql57,56
280,254725.51,0.25,mysql57,56
290,254033.99,0.26,mysql57,56
300,254752.83,0.25,mysql57,56
10,284444.56,0.33,mysql57,68
20,286761.98,0.31,mysql57,68
30,285951.06,0.32,mysql57,68
40,287846.67,0.30,mysql57,68
50,287504.66,0.30,mysql57,68
60,287956.87,0.30,mysql57,68
70,287422.20,0.31,mysql57,68
80,286491.81,0.31,mysql57,68
90,286775.23,0.31,mysql57,68
100,287367.47,0.31,mysql57,68
110,287350.54,0.31,mysql57,68
120,287039.40,0.31,mysql57,68
130,287056.25,0.31,mysql57,68
140,286954.13,0.31,mysql57,68
150,287229.82,0.31,mysql57,68
160,287537.08,0.30,mysql57,68
170,286495.79,0.32,mysql57,68
180,287280.51,0.31,mysql57,68
190,286909.78,0.31,mysql57,68
200,287471.21,0.31,mysql57,68
210,287079.25,0.31,mysql57,68
220,287491.69,0.31,mysql57,68
230,287326.50,0.31,mysql57,68
240,285820.02,0.32,mysql57,68
250,287633.06,0.30,mysql57,68
260,286262.11,0.32,mysql57,68
270,287388.88,0.31,mysql57,68
280,287162.39,0.31,mysql57,68
290,286804.05,0.31,mysql57,68
300,287518.34,0.30,mysql57,68
10,303030.40,0.45,mysql57,82
20,303446.70,0.44,mysql57,82
30,303357.41,0.44,mysql57,82
40,303458.35,0.44,mysql57,82
50,303344.47,0.45,mysql57,82
60,303345.90,0.45,mysql57,82
70,303108.50,0.45,mysql57,82
80,303445.84,0.45,mysql57,82
90,303333.98,0.44,mysql57,82
100,303446.45,0.45,mysql57,82
110,303386.67,0.45,mysql57,82
120,303373.78,0.44,mysql57,82
130,303363.84,0.44,mysql57,82
140,303349.63,0.45,mysql57,82
150,303443.22,0.45,mysql57,82
160,303413.88,0.45,mysql57,82
170,303223.72,0.45,mysql57,82
180,303418.17,0.45,mysql57,82
190,303275.89,0.45,mysql57,82
200,303245.90,0.45,mysql57,82
210,303563.72,0.45,mysql57,82
220,303421.98,0.44,mysql57,82
230,303409.44,0.45,mysql57,82
240,303303.29,0.45,mysql57,82
250,303315.75,0.45,mysql57,82
260,303328.51,0.45,mysql57,82
270,303363.45,0.45,mysql57,82
280,303392.57,0.45,mysql57,82
290,303412.04,0.45,mysql57,82
300,303534.09,0.44,mysql57,82
10,315347.88,0.55,mysql57,100
20,315475.89,0.55,mysql57,100
30,315434.63,0.55,mysql57,100
40,315406.97,0.55,mysql57,100
50,315443.78,0.55,mysql57,100
60,315477.90,0.55,mysql57,100
70,315311.41,0.55,mysql57,100
80,315537.22,0.55,mysql57,100
90,315544.88,0.55,mysql57,100
100,315392.62,0.55,mysql57,100
110,315437.61,0.55,mysql57,100
120,315404.96,0.55,mysql57,100
130,315350.72,0.55,mysql57,100
140,315403.12,0.55,mysql57,100
150,315491.87,0.55,mysql57,100
160,315465.34,0.55,mysql57,100
170,315462.57,0.55,mysql57,100
180,315441.10,0.55,mysql57,100
190,315429.26,0.55,mysql57,100
200,315371.44,0.55,mysql57,100
210,315480.96,0.55,mysql57,100
220,315351.88,0.55,mysql57,100
230,315454.04,0.55,mysql57,100
240,315424.98,0.55,mysql57,100
250,315468.35,0.55,mysql57,100
260,315618.86,0.55,mysql57,100
270,315495.00,0.55,mysql57,100
280,315542.08,0.55,mysql57,100
290,315481.81,0.55,mysql57,100
300,315463.51,0.55,mysql57,100
10,323947.65,0.69,mysql57,120
20,324219.76,0.68,mysql57,120
30,324198.97,0.69,mysql57,120
40,324180.22,0.68,mysql57,120
50,324270.90,0.69,mysql57,120
60,324075.43,0.69,mysql57,120
70,324094.42,0.69,mysql57,120
80,324086.50,0.69,mysql57,120
90,324189.22,0.69,mysql57,120
100,324213.78,0.69,mysql57,120
110,324064.35,0.68,mysql57,120
120,324085.80,0.69,mysql57,120
130,324191.68,0.69,mysql57,120
140,324093.40,0.69,mysql57,120
150,323806.93,0.69,mysql57,120
160,324079.64,0.69,mysql57,120
170,324099.83,0.69,mysql57,120
180,324146.61,0.68,mysql57,120
190,324059.51,0.69,mysql57,120
200,323992.87,0.69,mysql57,120
210,324167.72,0.69,mysql57,120
220,324095.24,0.68,mysql57,120
230,324161.25,0.69,mysql57,120
240,324184.69,0.69,mysql57,120
250,324126.15,0.69,mysql57,120
260,324247.06,0.69,mysql57,120
270,324108.14,0.69,mysql57,120
280,324094.49,0.69,mysql57,120
290,324069.72,0.69,mysql57,120
300,324086.81,0.69,mysql57,120
10,343897.47,0.79,mysql57,145
20,344292.39,0.79,mysql57,145
30,344149.42,0.79,mysql57,145
40,344037.45,0.79,mysql57,145
50,344242.14,0.79,mysql57,145
60,344256.99,0.79,mysql57,145
70,344057.18,0.79,mysql57,145
80,344150.89,0.79,mysql57,145
90,343982.45,0.79,mysql57,145
100,344308.25,0.79,mysql57,145
110,344404.82,0.78,mysql57,145
120,343971.76,0.79,mysql57,145
130,343824.81,0.79,mysql57,145
140,344233.87,0.79,mysql57,145
150,344334.36,0.79,mysql57,145
160,344216.78,0.79,mysql57,145
170,344265.05,0.79,mysql57,145
180,343861.05,0.79,mysql57,145
190,344171.83,0.79,mysql57,145
200,344417.04,0.79,mysql57,145
210,344236.60,0.79,mysql57,145
220,344131.29,0.79,mysql57,145
230,344177.96,0.79,mysql57,145
240,344047.94,0.79,mysql57,145
250,344272.52,0.79,mysql57,145
260,343844.69,0.79,mysql57,145
270,343990.46,0.79,mysql57,145
280,344282.86,0.79,mysql57,145
290,344166.65,0.79,mysql57,145
300,343990.85,0.79,mysql57,145
10,359440.92,0.84,mysql57,175
20,359367.42,0.83,mysql57,175
30,359533.76,0.83,mysql57,175
40,359660.06,0.83,mysql57,175
50,359667.78,0.83,mysql57,175
60,359766.67,0.83,mysql57,175
70,359518.41,0.83,mysql57,175
80,359797.47,0.84,mysql57,175
90,359637.61,0.83,mysql57,175
100,359549.30,0.84,mysql57,175
110,359616.91,0.83,mysql57,175
120,359889.01,0.83,mysql57,175
130,359484.63,0.83,mysql57,175
140,359905.25,0.83,mysql57,175
150,359595.63,0.83,mysql57,175
160,359644.46,0.83,mysql57,175
170,359683.94,0.83,mysql57,175
180,359476.07,0.83,mysql57,175
190,359701.04,0.83,mysql57,175
200,359657.64,0.83,mysql57,175
210,359801.67,0.83,mysql57,175
220,359640.75,0.83,mysql57,175
230,359609.26,0.83,mysql57,175
240,359739.25,0.83,mysql57,175
250,359839.99,0.83,mysql57,175
260,359713.37,0.83,mysql57,175
270,359652.88,0.83,mysql57,175
280,359382.82,0.83,mysql57,175
290,359639.26,0.83,mysql57,175
300,359440.94,0.83,mysql57,175
10,359041.28,0.87,mysql57,210
20,359118.06,0.86,mysql57,210
30,359355.45,0.87,mysql57,210
40,359441.93,0.86,mysql57,210
50,359265.00,0.87,mysql57,210
60,359479.97,0.87,mysql57,210
70,359383.88,0.86,mysql57,210
80,359358.23,0.87,mysql57,210
90,359517.31,0.86,mysql57,210
100,359498.35,0.87,mysql57,210
110,359513.42,0.87,mysql57,210
120,359480.64,0.87,mysql57,210
130,359496.72,0.87,mysql57,210
140,359427.12,0.87,mysql57,210
150,359586.58,0.87,mysql57,210
160,359435.98,0.87,mysql57,210
170,359495.07,0.87,mysql57,210
180,359472.30,0.86,mysql57,210
190,359454.56,0.87,mysql57,210
200,359489.32,0.87,mysql57,210
210,359563.82,0.86,mysql57,210
220,359581.15,0.87,mysql57,210
230,359422.08,0.87,mysql57,210
240,359423.72,0.87,mysql57,210
250,359464.59,0.86,mysql57,210
260,359415.27,0.87,mysql57,210
270,359336.75,0.86,mysql57,210
280,359273.88,0.87,mysql57,210
290,359537.88,0.87,mysql57,210
300,359450.80,0.86,mysql57,210
10,355498.48,1.05,mysql57,250
20,355411.60,1.05,mysql57,250
30,355566.22,1.05,mysql57,250
40,355766.84,1.05,mysql57,250
50,355662.78,1.05,mysql57,250
60,355723.39,1.05,mysql57,250
70,355618.82,1.06,mysql57,250
80,355674.42,1.06,mysql57,250
90,355196.08,1.06,mysql57,250
100,355521.34,1.05,mysql57,250
110,355564.09,1.06,mysql57,250
120,355570.35,1.05,mysql57,250
130,355571.22,1.05,mysql57,250
140,355570.11,1.05,mysql57,250
150,355514.55,1.05,mysql57,250
160,355411.80,1.06,mysql57,250
170,355509.03,1.05,mysql57,250
180,355638.19,1.06,mysql57,250
190,355474.41,1.05,mysql57,250
200,355546.29,1.05,mysql57,250
210,355545.41,1.05,mysql57,250
220,355485.55,1.06,mysql57,250
230,355347.68,1.05,mysql57,250
240,355422.70,1.05,mysql57,250
250,355382.55,1.05,mysql57,250
260,355567.94,1.06,mysql57,250
270,355529.92,1.05,mysql57,250
280,355502.91,1.05,mysql57,250
290,355618.02,1.05,mysql57,250
10,344907.00,1.22,mysql57,300
20,344750.00,1.22,mysql57,300
30,344627.03,1.22,mysql57,300
40,344810.66,1.22,mysql57,300
50,344938.38,1.21,mysql57,300
60,345090.85,1.22,mysql57,300
70,345078.36,1.21,mysql57,300
80,345339.98,1.22,mysql57,300
90,345263.23,1.21,mysql57,300
100,345134.19,1.21,mysql57,300
110,345134.43,1.22,mysql57,300
120,345228.50,1.22,mysql57,300
130,345008.46,1.21,mysql57,300
140,345196.80,1.21,mysql57,300
150,345074.49,1.21,mysql57,300
160,345188.90,1.22,mysql57,300
170,345288.44,1.22,mysql57,300
180,345015.28,1.21,mysql57,300
190,345131.94,1.22,mysql57,300
200,344994.47,1.21,mysql57,300
210,344992.47,1.21,mysql57,300
220,345140.82,1.21,mysql57,300
230,345275.58,1.21,mysql57,300
240,345368.62,1.21,mysql57,300
250,345174.85,1.21,mysql57,300
260,345170.87,1.22,mysql57,300
270,345123.04,1.22,mysql57,300
280,345069.43,1.21,mysql57,300
290,345265.82,1.21,mysql57,300
10,325945.16,1.59,mysql57,360
20,325495.01,1.58,mysql57,360
30,325543.94,1.59,mysql57,360
40,325721.33,1.58,mysql57,360
50,326300.82,1.60,mysql57,360
60,326143.33,1.59,mysql57,360
70,326045.83,1.59,mysql57,360
80,326185.99,1.59,mysql57,360
90,326306.19,1.60,mysql57,360
100,326244.00,1.57,mysql57,360
110,326509.87,1.59,mysql57,360
120,326330.00,1.57,mysql57,360
130,326310.16,1.60,mysql57,360
140,326548.47,1.58,mysql57,360
150,325677.76,1.60,mysql57,360
160,326400.35,1.58,mysql57,360
170,326783.01,1.59,mysql57,360
180,326203.41,1.58,mysql57,360
190,326910.69,1.59,mysql57,360
200,326521.39,1.61,mysql57,360
210,326514.96,1.59,mysql57,360
220,326143.64,1.60,mysql57,360
230,326083.53,1.59,mysql57,360
240,326257.01,1.59,mysql57,360
250,326193.62,1.58,mysql57,360
260,326151.17,1.59,mysql57,360
270,325981.42,1.59,mysql57,360
280,327029.01,1.59,mysql57,360
290,326701.67,1.59,mysql57,360
10,299705.11,1.92,mysql57,430
20,298569.35,1.92,mysql57,430
30,298570.42,1.92,mysql57,430
40,299035.16,1.92,mysql57,430
50,299085.83,1.91,mysql57,430
60,299471.88,1.90,mysql57,430
70,299431.02,1.91,mysql57,430
80,299453.28,1.90,mysql57,430
90,299898.82,1.90,mysql57,430
100,299539.49,1.91,mysql57,430
110,299921.99,1.91,mysql57,430
120,299863.61,1.90,mysql57,430
130,299866.45,1.91,mysql57,430
140,299950.00,1.91,mysql57,430
150,299586.40,1.92,mysql57,430
160,299853.05,1.91,mysql57,430
170,299487.29,1.91,mysql57,430
180,300040.77,1.92,mysql57,430
190,299869.58,1.91,mysql57,430
200,299846.10,1.92,mysql57,430
210,299552.68,1.90,mysql57,430
220,299521.52,1.91,mysql57,430
230,299998.14,1.93,mysql57,430
240,299464.27,1.91,mysql57,430
250,299677.86,1.91,mysql57,430
260,299857.30,1.91,mysql57,430
270,299863.22,1.92,mysql57,430
280,299985.77,1.90,mysql57,430
290,299878.22,1.91,mysql57,430
300,299586.10,1.91,mysql57,430
10,273902.40,2.47,mysql57,520
20,272810.30,2.47,mysql57,520
30,272625.50,2.48,mysql57,520
40,272485.53,2.47,mysql57,520
50,272745.22,2.48,mysql57,520
60,272835.45,2.47,mysql57,520
70,272661.92,2.46,mysql57,520
80,273046.78,2.46,mysql57,520
90,273196.69,2.48,mysql57,520
100,273179.09,2.47,mysql57,520
110,273394.60,2.46,mysql57,520
120,273565.25,2.47,mysql57,520
130,273260.68,2.46,mysql57,520
140,273417.13,2.46,mysql57,520
150,273450.38,2.47,mysql57,520
160,273453.74,2.47,mysql57,520
170,273512.61,2.46,mysql57,520
180,273552.14,2.47,mysql57,520
190,273500.24,2.46,mysql57,520
200,273642.53,2.46,mysql57,520
210,273654.61,2.46,mysql57,520
220,273604.81,2.46,mysql57,520
230,273520.03,2.47,mysql57,520
240,273632.90,2.46,mysql57,520
250,273389.34,2.47,mysql57,520
260,273484.17,2.47,mysql57,520
270,273568.53,2.46,mysql57,520
280,273652.52,2.47,mysql57,520
290,273471.28,2.46,mysql57,520
300,273914.13,2.47,mysql57,520
10,256702.70,4.05,mysql57,630
20,254513.57,4.11,mysql57,630
30,254242.55,4.01,mysql57,630
40,254344.23,4.13,mysql57,630
50,254517.61,4.19,mysql57,630
60,254534.77,4.07,mysql57,630
70,254584.77,4.07,mysql57,630
80,254712.61,4.15,mysql57,630
90,254917.08,4.15,mysql57,630
100,254719.92,4.06,mysql57,630
110,255217.48,3.97,mysql57,630
120,254948.62,4.09,mysql57,630
130,255104.04,4.08,mysql57,630
140,255042.43,4.08,mysql57,630
150,255165.18,4.06,mysql57,630
160,255351.70,4.08,mysql57,630
170,255417.61,4.07,mysql57,630
180,255268.00,4.16,mysql57,630
190,255360.38,4.10,mysql57,630
200,255246.11,4.02,mysql57,630
210,255369.39,4.05,mysql57,630
220,255531.14,3.97,mysql57,630
230,255352.72,4.10,mysql57,630
240,255297.14,4.12,mysql57,630
250,255270.36,4.06,mysql57,630
260,255462.89,4.01,mysql57,630
270,255359.07,4.01,mysql57,630
280,255470.55,4.04,mysql57,630
290,255223.09,4.08,mysql57,630
300,255336.27,4.02,mysql57,630
10,237036.97,5.94,mysql57,750
20,233981.19,5.97,mysql57,750
30,233935.76,5.98,mysql57,750
40,233969.74,5.98,mysql57,750
50,234002.46,5.99,mysql57,750
60,233817.97,5.97,mysql57,750
70,234020.44,5.99,mysql57,750
80,234086.62,5.98,mysql57,750
90,234112.72,5.97,mysql57,750
100,234263.44,5.98,mysql57,750
110,234172.32,5.98,mysql57,750
120,234210.46,5.96,mysql57,750
130,234467.36,5.97,mysql57,750
140,234385.12,5.97,mysql57,750
150,234565.80,5.98,mysql57,750
160,234474.80,5.96,mysql57,750
170,234600.29,5.96,mysql57,750
180,234644.97,5.96,mysql57,750
190,234610.90,5.97,mysql57,750
200,234737.12,5.97,mysql57,750
210,234765.07,5.98,mysql57,750
220,234685.83,5.97,mysql57,750
230,234802.95,5.98,mysql57,750
240,234738.61,5.96,mysql57,750
250,234737.70,5.97,mysql57,750
260,234935.12,5.97,mysql57,750
270,234715.17,5.97,mysql57,750
280,234846.30,5.97,mysql57,750
290,237163.68,5.94,mysql57,750
10,239886.55,6.23,mysql57,870
20,237506.29,6.27,mysql57,870
30,237210.20,6.27,mysql57,870
40,237091.64,6.27,mysql57,870
50,237247.82,6.27,mysql57,870
60,237119.50,6.27,mysql57,870
70,236983.04,6.28,mysql57,870
80,237068.57,6.28,mysql57,870
90,237199.16,6.27,mysql57,870
100,237160.31,6.28,mysql57,870
110,237547.95,6.28,mysql57,870
120,237156.59,6.27,mysql57,870
130,237147.26,6.28,mysql57,870
140,237155.03,6.27,mysql57,870
150,237257.13,6.27,mysql57,870
160,237291.75,6.27,mysql57,870
170,237195.08,6.27,mysql57,870
180,237608.24,6.27,mysql57,870
190,237585.89,6.28,mysql57,870
200,237353.82,6.26,mysql57,870
210,237370.18,6.26,mysql57,870
220,237285.52,6.28,mysql57,870
230,237269.65,6.27,mysql57,870
240,237308.09,6.28,mysql57,870
250,237315.75,6.27,mysql57,870
260,237532.33,6.27,mysql57,870
270,237606.69,6.26,mysql57,870
280,237422.37,6.26,mysql57,870
290,237318.08,6.27,mysql57,870
10,78069.89,34.26,mysql57,1000
20,74501.45,34.84,mysql57,1000
30,74210.07,34.77,mysql57,1000
40,74723.99,34.65,mysql57,1000
50,74450.64,34.76,mysql57,1000
60,74413.68,34.78,mysql57,1000
70,74390.13,34.89,mysql57,1000
80,74395.76,34.99,mysql57,1000
90,74754.58,34.78,mysql57,1000
100,74573.71,34.74,mysql57,1000
110,74124.07,34.80,mysql57,1000
120,74556.34,34.73,mysql57,1000
130,74825.46,34.64,mysql57,1000
140,74263.23,34.59,mysql57,1000
150,74470.16,34.85,mysql57,1000
160,74499.05,34.58,mysql57,1000
170,74062.92,35.02,mysql57,1000
180,74478.48,34.74,mysql57,1000
190,74263.48,34.89,mysql57,1000
200,74131.75,35.06,mysql57,1000
210,74274.60,34.83,mysql57,1000
220,74640.11,34.76,mysql57,1000
230,74289.18,34.81,mysql57,1000
240,74660.28,34.66,mysql57,1000
250,74864.13,34.68,mysql57,1000
260,73965.53,34.90,mysql57,1000
270,74607.02,34.65,mysql57,1000
280,74479.02,34.77,mysql57,1000
290,74340.86,34.74,mysql57,1000
