oltp,125000,100,10,5319.22
oltp,125000,100,20,5389.91
oltp,125000,100,30,5342.50
oltp,125000,100,40,5230.00
oltp,125000,100,50,5246.99
oltp,125000,100,60,5210.50
oltp,125000,100,70,5213.00
oltp,125000,100,80,5296.70
oltp,125000,100,90,5198.60
oltp,125000,100,100,5304.51
oltp,125000,100,110,5193.98
oltp,125000,100,120,5285.10
oltp,125000,100,130,5209.30
oltp,125000,100,140,5127.70
oltp,125000,100,150,5169.39
oltp,125000,100,160,5270.70
oltp,125000,100,170,5218.80
oltp,125000,100,180,5245.30
oltp,125000,100,190,5287.00
oltp,125000,100,200,5261.50
oltp,125000,100,210,5311.00
oltp,125000,100,220,5177.00
oltp,125000,100,230,5189.90
oltp,125000,100,240,5232.90
oltp,125000,100,250,5212.60
oltp,125000,100,260,5193.60
oltp,125000,100,270,5314.50
oltp,125000,100,280,5270.10
oltp,125000,100,290,5293.90
oltp,125000,100,300,5302.30
oltp,125000,100,310,5277.80
oltp,125000,100,320,5205.70
oltp,125000,100,330,5177.00
oltp,125000,100,340,5276.00
oltp,125000,100,350,5271.80
oltp,125000,100,360,5262.69
oltp,125000,100,370,5221.60
oltp,125000,100,380,5276.60
oltp,125000,100,390,5256.20
oltp,125000,100,400,5255.70
oltp,125000,100,410,5159.10
oltp,125000,100,420,5177.30
oltp,125000,100,430,5118.30
oltp,125000,100,440,5292.81
oltp,125000,100,450,5146.79
oltp,125000,100,460,5343.90
oltp,125000,100,470,5272.89
oltp,125000,100,480,5201.40
oltp,125000,100,490,5284.20
oltp,125000,100,500,5297.60
oltp,125000,100,510,5210.40
oltp,125000,100,520,5239.30
oltp,125000,100,530,5315.60
oltp,125000,100,540,5167.60
oltp,125000,100,550,5220.70
oltp,125000,100,560,5307.00
oltp,125000,100,570,5318.00
oltp,125000,100,580,5276.30
oltp,125000,100,590,5234.00
oltp,125000,100,600,5268.90
oltp,125000,100,610,5217.50
oltp,125000,100,620,5316.90
oltp,125000,100,630,5115.40
oltp,125000,100,640,5263.20
oltp,125000,100,650,5204.80
oltp,125000,100,660,5326.61
oltp,125000,100,670,5224.09
oltp,125000,100,680,5130.90
oltp,125000,100,690,5222.90
oltp,125000,100,700,5241.10
oltp,125000,100,710,5170.50
oltp,125000,100,720,5147.10
oltp,125000,100,730,5278.80
oltp,125000,100,740,5245.10
oltp,125000,100,750,5183.60
oltp,125000,100,760,5182.80
oltp,125000,100,770,5176.00
oltp,125000,100,780,5258.50
oltp,125000,100,790,5354.80
oltp,125000,100,800,5163.20
oltp,125000,100,810,5271.00
oltp,125000,100,820,5130.40
oltp,125000,100,830,5166.40
oltp,125000,100,840,5187.30
oltp,125000,100,850,5125.40
oltp,125000,100,860,5299.60
oltp,125000,100,870,5240.00
oltp,125000,100,880,5084.90
oltp,125000,100,890,5199.40
oltp,125000,100,900,5112.89
oltp,125000,100,910,5177.92
oltp,125000,100,920,5221.68
oltp,125000,100,930,5150.99
oltp,125000,100,940,5151.61
oltp,125000,100,950,5112.30
oltp,125000,100,960,5207.50
oltp,125000,100,970,5195.00
oltp,125000,100,980,5194.30
oltp,125000,100,990,5245.20
oltp,125000,100,1000,5231.00
oltp,125000,100,1010,5173.50
oltp,125000,100,1020,5188.40
oltp,125000,100,1030,5187.89
oltp,125000,100,1040,5168.21
oltp,125000,100,1050,5158.20
oltp,125000,100,1060,5275.30
oltp,125000,100,1070,5172.40
oltp,125000,100,1080,5153.60
oltp,125000,100,1090,5065.30
oltp,125000,100,1100,5039.70
oltp,125000,100,1110,5039.20
oltp,125000,100,1120,5203.40
oltp,125000,100,1130,5090.40
oltp,125000,100,1140,5135.90
oltp,125000,100,1150,5114.50
oltp,125000,100,1160,5091.60
oltp,125000,100,1170,5152.70
oltp,125000,100,1180,5146.60
oltp,125000,100,1190,5067.10
oltp,125000,100,1200,5149.90
oltp,125000,100,1210,5187.60
oltp,125000,100,1220,5149.41
oltp,125000,100,1230,5046.89
oltp,125000,100,1240,5122.00
oltp,125000,100,1250,5131.80
oltp,125000,100,1260,5077.60
oltp,125000,100,1270,5197.70
oltp,125000,100,1280,5220.60
oltp,125000,100,1290,5140.40
oltp,125000,100,1300,5147.10
oltp,125000,100,1310,5077.00
oltp,125000,100,1320,5177.60
oltp,125000,100,1330,5146.32
oltp,125000,100,1340,5162.28
oltp,125000,100,1350,5011.60
oltp,125000,100,1360,5128.40
oltp,125000,100,1370,5220.80
oltp,125000,100,1380,5126.90
oltp,125000,100,1390,5173.40
oltp,125000,100,1400,5151.40
oltp,125000,100,1410,5124.10
oltp,125000,100,1420,5127.00
oltp,125000,100,1430,4945.00
oltp,125000,100,1440,5085.30
oltp,125000,100,1450,5188.40
oltp,125000,100,1460,5088.40
oltp,125000,100,1470,5060.60
oltp,125000,100,1480,5163.60
oltp,125000,100,1490,5143.40
oltp,125000,100,1500,5171.70
oltp,125000,100,1510,5118.60
oltp,125000,100,1520,5125.20
oltp,125000,100,1530,5101.70
oltp,125000,100,1540,5107.80
oltp,125000,100,1550,5078.60
oltp,125000,100,1560,5228.80
oltp,125000,100,1570,5139.90
oltp,125000,100,1580,5194.50
oltp,125000,100,1590,5088.20
oltp,125000,100,1600,5057.70
oltp,125000,100,1610,5189.20
oltp,125000,100,1620,5173.50
oltp,125000,100,1630,5063.50
oltp,125000,100,1640,5155.80
oltp,125000,100,1650,5182.20
oltp,125000,100,1660,5210.90
oltp,125000,100,1670,5207.60
oltp,125000,100,1680,5070.00
oltp,125000,100,1690,5149.80
oltp,125000,100,1700,5142.00
oltp,125000,100,1710,5136.30
oltp,125000,100,1720,5176.60
oltp,125000,100,1730,5161.00
oltp,125000,100,1740,5127.90
oltp,125000,100,1750,5211.60
oltp,125000,100,1760,5079.10
oltp,125000,100,1770,5197.00
oltp,125000,100,1780,5030.70
oltp,125000,100,1790,5160.00
oltp,125000,100,1800,5125.40
oltp,125000,100,1810,5179.70
oltp,125000,100,1820,5190.80
oltp,125000,100,1830,5193.60
oltp,125000,100,1840,5085.90
oltp,125000,100,1850,5241.90
oltp,125000,100,1860,5052.20
oltp,125000,100,1870,5142.20
oltp,125000,100,1880,5088.50
oltp,125000,100,1890,5222.40
oltp,125000,100,1900,5018.20
oltp,125000,100,1910,5047.98
oltp,125000,100,1920,5178.82
oltp,125000,100,1930,4940.00
oltp,125000,100,1940,5013.72
oltp,125000,100,1950,5176.57
oltp,125000,100,1960,5188.31
oltp,125000,100,1970,5115.30
oltp,125000,100,1980,5066.50
oltp,125000,100,1990,5168.20
oltp,125000,100,2000,5069.60
oltp,125000,100,2010,5161.70
oltp,125000,100,2020,4994.90
oltp,125000,100,2030,5148.40
oltp,125000,100,2040,5151.40
oltp,125000,100,2050,5083.20
oltp,125000,100,2060,5171.80
oltp,125000,100,2070,5139.50
oltp,125000,100,2080,5039.00
oltp,125000,100,2090,5149.20
oltp,125000,100,2100,5070.59
oltp,125000,100,2110,5160.81
oltp,125000,100,2120,5147.10
oltp,125000,100,2130,5065.60
oltp,125000,100,2140,5181.00
oltp,125000,100,2150,5100.90
oltp,125000,100,2160,5174.60
oltp,125000,100,2170,5080.30
oltp,125000,100,2180,5199.19
oltp,125000,100,2190,5124.30
oltp,125000,100,2200,5160.60
oltp,125000,100,2210,5109.40
oltp,125000,100,2220,5157.90
oltp,125000,100,2230,5111.39
oltp,125000,100,2240,5187.30
oltp,125000,100,2250,5200.91
oltp,125000,100,2260,5147.90
oltp,125000,100,2270,5217.80
oltp,125000,100,2280,5060.10
oltp,125000,100,2290,5200.70
oltp,125000,100,2300,5151.10
oltp,125000,100,2310,5142.20
oltp,125000,100,2320,5127.60
oltp,125000,100,2330,5166.10
oltp,125000,100,2340,5157.50
oltp,125000,100,2350,5154.40
oltp,125000,100,2360,5072.80
oltp,125000,100,2370,5049.80
oltp,125000,100,2380,5071.30
oltp,125000,100,2390,5083.60
oltp,125000,100,2400,5083.10
oltp,125000,100,2410,5128.10
oltp,125000,100,2420,5086.00
oltp,125000,100,2430,5123.90
oltp,125000,100,2440,5076.60
oltp,125000,100,2450,5059.50
oltp,125000,100,2460,5195.10
oltp,125000,100,2470,5121.00
oltp,125000,100,2480,5155.30
oltp,125000,100,2490,5151.50
oltp,125000,100,2500,5181.00
oltp,125000,100,2510,5119.20
oltp,125000,100,2520,5041.09
oltp,125000,100,2530,5136.01
oltp,125000,100,2540,5189.10
oltp,125000,100,2550,5194.10
oltp,125000,100,2560,5157.90
oltp,125000,100,2570,5141.70
oltp,125000,100,2580,5060.00
oltp,125000,100,2590,5105.20
oltp,125000,100,2600,5194.30
oltp,125000,100,2610,5149.70
oltp,125000,100,2620,5245.60
oltp,125000,100,2630,5134.00
oltp,125000,100,2640,5157.40
oltp,125000,100,2650,5072.20
oltp,125000,100,2660,5198.30
oltp,125000,100,2670,5150.60
oltp,125000,100,2680,4996.30
oltp,125000,100,2690,5113.90
oltp,125000,100,2700,5026.00
oltp,125000,100,2710,5065.20
oltp,125000,100,2720,5094.30
oltp,125000,100,2730,5035.90
oltp,125000,100,2740,5179.30
oltp,125000,100,2750,5173.10
oltp,125000,100,2760,5162.90
oltp,125000,100,2770,5100.00
oltp,125000,100,2780,5108.49
oltp,125000,100,2790,5182.21
oltp,125000,100,2800,5152.70
oltp,125000,100,2810,5122.30
oltp,125000,100,2820,5107.10
oltp,125000,100,2830,5150.10
oltp,125000,100,2840,5171.90
oltp,125000,100,2850,5125.50
oltp,125000,100,2860,5105.40
oltp,125000,100,2870,5109.30
oltp,125000,100,2880,5096.40
oltp,125000,100,2890,5125.50
oltp,125000,100,2900,5045.31
oltp,125000,100,2910,5072.40
oltp,125000,100,2920,5202.30
oltp,125000,100,2930,5222.59
oltp,125000,100,2940,5100.40
oltp,125000,100,2950,5134.60
oltp,125000,100,2960,5120.50
oltp,125000,100,2970,5166.80
oltp,125000,100,2980,5091.60
oltp,125000,100,2990,5051.10
oltp,125000,100,3000,5088.40
oltp,125000,100,3010,5203.10
oltp,125000,100,3020,5178.00
oltp,125000,100,3030,5201.20
oltp,125000,100,3040,5105.60
oltp,125000,100,3050,5165.60
oltp,125000,100,3060,5017.20
oltp,125000,100,3070,5170.20
oltp,125000,100,3080,5107.90
oltp,125000,100,3090,5120.00
oltp,125000,100,3100,5114.60
oltp,125000,100,3110,5139.60
oltp,125000,100,3120,5113.50
oltp,125000,100,3130,5172.50
oltp,125000,100,3140,5142.70
oltp,125000,100,3150,5178.50
oltp,125000,100,3160,5205.40
oltp,125000,100,3170,5089.80
oltp,125000,100,3180,5119.50
oltp,125000,100,3190,5103.00
oltp,125000,100,3200,5079.40
oltp,125000,100,3210,5064.10
oltp,125000,100,3220,5150.00
oltp,125000,100,3230,5114.30
oltp,125000,100,3240,5009.00
oltp,125000,100,3250,5094.80
oltp,125000,100,3260,5212.90
oltp,125000,100,3270,5116.30
oltp,125000,100,3280,5125.90
oltp,125000,100,3290,5105.20
oltp,125000,100,3300,5024.60
oltp,125000,100,3310,5147.30
oltp,125000,100,3320,5140.20
oltp,125000,100,3330,5137.20
oltp,125000,100,3340,5073.30
oltp,125000,100,3350,5176.50
oltp,125000,100,3360,5041.10
oltp,125000,100,3370,5130.80
oltp,125000,100,3380,5149.90
oltp,125000,100,3390,5126.20
oltp,125000,100,3400,5103.10
oltp,125000,100,3410,5195.30
oltp,125000,100,3420,4936.70
oltp,125000,100,3430,5157.49
oltp,125000,100,3440,5052.91
oltp,125000,100,3450,5114.80
oltp,125000,100,3460,5068.30
oltp,125000,100,3470,5102.30
oltp,125000,100,3480,5073.00
oltp,125000,100,3490,5097.40
oltp,125000,100,3500,5033.50
oltp,125000,100,3510,5198.30
oltp,125000,100,3520,5133.60
oltp,125000,100,3530,5228.41
oltp,125000,100,3540,5114.10
oltp,125000,100,3550,5178.90
oltp,125000,100,3560,5178.20
oltp,125000,100,3570,5187.10
oltp,125000,100,3580,5114.60
oltp,125000,100,3590,5173.69
oltp,125000,100,3600,5136.70
oltp,125000,16,10,1748.79
oltp,125000,16,20,1762.50
oltp,125000,16,30,1744.10
oltp,125000,16,40,1786.40
oltp,125000,16,50,1817.00
oltp,125000,16,60,1765.90
oltp,125000,16,70,1764.49
oltp,125000,16,80,1785.21
oltp,125000,16,90,1763.61
oltp,125000,16,100,1741.89
oltp,125000,16,110,1767.70
oltp,125000,16,120,1788.09
oltp,125000,16,130,1779.71
oltp,125000,16,140,1782.60
oltp,125000,16,150,1797.20
oltp,125000,16,160,1802.31
oltp,125000,16,170,1797.40
oltp,125000,16,180,1831.59
oltp,125000,16,190,1844.10
oltp,125000,16,200,1781.00
oltp,125000,16,210,1791.20
oltp,125000,16,220,1792.00
oltp,125000,16,230,1794.40
oltp,125000,16,240,1799.20
oltp,125000,16,250,1811.20
oltp,125000,16,260,1790.00
oltp,125000,16,270,1770.80
oltp,125000,16,280,1778.40
oltp,125000,16,290,1795.10
oltp,125000,16,300,1806.50
oltp,125000,16,310,1779.80
oltp,125000,16,320,1797.50
oltp,125000,16,330,1804.60
oltp,125000,16,340,1820.00
oltp,125000,16,350,1772.80
oltp,125000,16,360,1774.20
oltp,125000,16,370,1781.20
oltp,125000,16,380,1766.20
oltp,125000,16,390,1782.60
oltp,125000,16,400,1756.70
oltp,125000,16,410,1769.20
oltp,125000,16,420,1800.10
oltp,125000,16,430,1776.30
oltp,125000,16,440,1774.10
oltp,125000,16,450,1837.60
oltp,125000,16,460,1791.40
oltp,125000,16,470,1784.10
oltp,125000,16,480,1785.60
oltp,125000,16,490,1792.90
oltp,125000,16,500,1788.90
oltp,125000,16,510,1809.80
oltp,125000,16,520,1748.00
oltp,125000,16,530,1758.90
oltp,125000,16,540,1770.70
oltp,125000,16,550,1749.20
oltp,125000,16,560,1747.40
oltp,125000,16,570,1791.30
oltp,125000,16,580,1775.30
oltp,125000,16,590,1771.90
oltp,125000,16,600,1721.40
oltp,125000,16,610,1728.00
oltp,125000,16,620,1727.50
oltp,125000,16,630,1751.90
oltp,125000,16,640,1765.20
oltp,125000,16,650,1742.80
oltp,125000,16,660,1760.20
oltp,125000,16,670,1772.70
oltp,125000,16,680,1818.10
oltp,125000,16,690,1756.10
oltp,125000,16,700,1810.70
oltp,125000,16,710,1811.90
oltp,125000,16,720,1786.90
oltp,125000,16,730,1799.20
oltp,125000,16,740,1797.29
oltp,125000,16,750,1805.80
oltp,125000,16,760,1811.00
oltp,125000,16,770,1793.40
oltp,125000,16,780,1831.70
oltp,125000,16,790,1834.60
oltp,125000,16,800,1824.40
oltp,125000,16,810,1828.80
oltp,125000,16,820,1808.30
oltp,125000,16,830,1806.41
oltp,125000,16,840,1821.39
oltp,125000,16,850,1837.41
oltp,125000,16,860,1851.60
oltp,125000,16,870,1814.40
oltp,125000,16,880,1831.70
oltp,125000,16,890,1827.90
oltp,125000,16,900,1882.49
oltp,125000,16,910,1840.80
oltp,125000,16,920,1840.30
oltp,125000,16,930,1828.90
oltp,125000,16,940,1794.40
oltp,125000,16,950,1796.10
oltp,125000,16,960,1803.90
oltp,125000,16,970,1805.90
oltp,125000,16,980,1766.49
oltp,125000,16,990,1806.30
oltp,125000,16,1000,1833.20
oltp,125000,16,1010,1794.10
oltp,125000,16,1020,1791.70
oltp,125000,16,1030,1833.50
oltp,125000,16,1040,1793.60
oltp,125000,16,1050,1804.20
oltp,125000,16,1060,1803.10
oltp,125000,16,1070,1804.80
oltp,125000,16,1080,1763.00
oltp,125000,16,1090,1753.10
oltp,125000,16,1100,1793.30
oltp,125000,16,1110,1803.30
oltp,125000,16,1120,1793.10
oltp,125000,16,1130,1814.90
oltp,125000,16,1140,1814.99
oltp,125000,16,1150,1780.51
oltp,125000,16,1160,1788.09
oltp,125000,16,1170,1785.30
oltp,125000,16,1180,1827.60
oltp,125000,16,1190,1805.20
oltp,125000,16,1200,1836.60
oltp,125000,16,1210,1843.60
oltp,125000,16,1220,1800.90
oltp,125000,16,1230,1800.30
oltp,125000,16,1240,1859.40
oltp,125000,16,1250,1814.20
oltp,125000,16,1260,1834.20
oltp,125000,16,1270,1827.20
oltp,125000,16,1280,1822.90
oltp,125000,16,1290,1901.00
oltp,125000,16,1300,1831.00
oltp,125000,16,1310,1766.80
oltp,125000,16,1320,1834.20
oltp,125000,16,1330,1871.10
oltp,125000,16,1340,1805.30
oltp,125000,16,1350,1822.00
oltp,125000,16,1360,1774.40
oltp,125000,16,1370,1807.50
oltp,125000,16,1380,1815.00
oltp,125000,16,1390,1787.50
oltp,125000,16,1400,1804.90
oltp,125000,16,1410,1787.60
oltp,125000,16,1420,1793.60
oltp,125000,16,1430,1779.00
oltp,125000,16,1440,1823.50
oltp,125000,16,1450,1830.00
oltp,125000,16,1460,1836.49
oltp,125000,16,1470,1843.20
oltp,125000,16,1480,1827.40
oltp,125000,16,1490,1798.00
oltp,125000,16,1500,1816.50
oltp,125000,16,1510,1815.30
oltp,125000,16,1520,1823.40
oltp,125000,16,1530,1808.81
oltp,125000,16,1540,1863.19
oltp,125000,16,1550,1794.60
oltp,125000,16,1560,1825.30
oltp,125000,16,1570,1839.21
oltp,125000,16,1580,1842.60
oltp,125000,16,1590,1873.20
oltp,125000,16,1600,1790.10
oltp,125000,16,1610,1811.70
oltp,125000,16,1620,1805.39
oltp,125000,16,1630,1812.61
oltp,125000,16,1640,1779.80
oltp,125000,16,1650,1829.00
oltp,125000,16,1660,1829.20
oltp,125000,16,1670,1837.10
oltp,125000,16,1680,1807.50
oltp,125000,16,1690,1835.30
oltp,125000,16,1700,1855.79
oltp,125000,16,1710,1851.01
oltp,125000,16,1720,1844.80
oltp,125000,16,1730,1839.10
oltp,125000,16,1740,1841.20
oltp,125000,16,1750,1843.00
oltp,125000,16,1760,1830.10
oltp,125000,16,1770,1850.40
oltp,125000,16,1780,1815.79
oltp,125000,16,1790,1807.90
oltp,125000,16,1800,1799.10
oltp,125000,16,1810,1834.80
oltp,125000,16,1820,1842.30
oltp,125000,16,1830,1838.80
oltp,125000,16,1840,1792.80
oltp,125000,16,1850,1808.70
oltp,125000,16,1860,1853.99
oltp,125000,16,1870,1851.30
oltp,125000,16,1880,1787.40
oltp,125000,16,1890,1812.60
oltp,125000,16,1900,1832.60
oltp,125000,16,1910,1816.80
oltp,125000,16,1920,1839.70
oltp,125000,16,1930,1774.80
oltp,125000,16,1940,1795.39
oltp,125000,16,1950,1832.90
oltp,125000,16,1960,1806.10
oltp,125000,16,1970,1806.90
oltp,125000,16,1980,1789.00
oltp,125000,16,1990,1777.10
oltp,125000,16,2000,1798.60
oltp,125000,16,2010,1782.10
oltp,125000,16,2020,1843.59
oltp,125000,16,2030,1846.90
oltp,125000,16,2040,1822.30
oltp,125000,16,2050,1867.80
oltp,125000,16,2060,1839.20
oltp,125000,16,2070,1782.70
oltp,125000,16,2080,1784.20
oltp,125000,16,2090,1832.70
oltp,125000,16,2100,1845.59
oltp,125000,16,2110,1835.40
oltp,125000,16,2120,1841.50
oltp,125000,16,2130,1803.70
oltp,125000,16,2140,1848.10
oltp,125000,16,2150,1823.51
oltp,125000,16,2160,1823.39
oltp,125000,16,2170,1795.00
oltp,125000,16,2180,1830.99
oltp,125000,16,2190,1828.00
oltp,125000,16,2200,1857.90
oltp,125000,16,2210,1758.00
oltp,125000,16,2220,1833.50
oltp,125000,16,2230,1841.00
oltp,125000,16,2240,1833.40
oltp,125000,16,2250,1821.20
oltp,125000,16,2260,1843.69
oltp,125000,16,2270,1828.40
oltp,125000,16,2280,1829.20
oltp,125000,16,2290,1846.30
oltp,125000,16,2300,1789.11
oltp,125000,16,2310,1828.20
oltp,125000,16,2320,1819.40
oltp,125000,16,2330,1863.10
oltp,125000,16,2340,1835.40
oltp,125000,16,2350,1820.70
oltp,125000,16,2360,1777.00
oltp,125000,16,2370,1805.20
oltp,125000,16,2380,1821.90
oltp,125000,16,2390,1782.50
oltp,125000,16,2400,1825.30
oltp,125000,16,2410,1752.10
oltp,125000,16,2420,1776.59
oltp,125000,16,2430,1780.70
oltp,125000,16,2440,1765.80
oltp,125000,16,2450,1767.51
oltp,125000,16,2460,1785.29
oltp,125000,16,2470,1766.20
oltp,125000,16,2480,1794.20
oltp,125000,16,2490,1790.70
oltp,125000,16,2500,1784.99
oltp,125000,16,2510,1831.01
oltp,125000,16,2520,1834.69
oltp,125000,16,2530,1843.30
oltp,125000,16,2540,1853.20
oltp,125000,16,2550,1830.70
oltp,125000,16,2560,1865.10
oltp,125000,16,2570,1854.50
oltp,125000,16,2580,1856.09
oltp,125000,16,2590,1876.20
oltp,125000,16,2600,1856.40
oltp,125000,16,2610,1839.70
oltp,125000,16,2620,1867.30
oltp,125000,16,2630,1857.50
oltp,125000,16,2640,1830.30
oltp,125000,16,2650,1830.30
oltp,125000,16,2660,1902.79
oltp,125000,16,2670,1871.60
oltp,125000,16,2680,1898.00
oltp,125000,16,2690,1832.60
oltp,125000,16,2700,1866.20
oltp,125000,16,2710,1841.00
oltp,125000,16,2720,1867.20
oltp,125000,16,2730,1867.90
oltp,125000,16,2740,1862.39
oltp,125000,16,2750,1846.60
oltp,125000,16,2760,1837.10
oltp,125000,16,2770,1839.80
oltp,125000,16,2780,1809.80
oltp,125000,16,2790,1815.10
oltp,125000,16,2800,1837.40
oltp,125000,16,2810,1810.70
oltp,125000,16,2820,1855.39
oltp,125000,16,2830,1815.70
oltp,125000,16,2840,1842.20
oltp,125000,16,2850,1822.30
oltp,125000,16,2860,1804.80
oltp,125000,16,2870,1817.20
oltp,125000,16,2880,1879.40
oltp,125000,16,2890,1854.90
oltp,125000,16,2900,1859.79
oltp,125000,16,2910,1889.00
oltp,125000,16,2920,1844.50
oltp,125000,16,2930,1864.30
oltp,125000,16,2940,1810.60
oltp,125000,16,2950,1844.20
oltp,125000,16,2960,1828.40
oltp,125000,16,2970,1821.40
oltp,125000,16,2980,1853.20
oltp,125000,16,2990,1854.50
oltp,125000,16,3000,1823.10
oltp,125000,16,3010,1850.80
oltp,125000,16,3020,1845.80
oltp,125000,16,3030,1826.20
oltp,125000,16,3040,1856.20
oltp,125000,16,3050,1870.50
oltp,125000,16,3060,1876.59
oltp,125000,16,3070,1865.70
oltp,125000,16,3080,1863.30
oltp,125000,16,3090,1861.20
oltp,125000,16,3100,1849.20
oltp,125000,16,3110,1856.40
oltp,125000,16,3120,1894.50
oltp,125000,16,3130,1856.90
oltp,125000,16,3140,1803.29
oltp,125000,16,3150,1840.20
oltp,125000,16,3160,1813.20
oltp,125000,16,3170,1822.20
oltp,125000,16,3180,1835.80
oltp,125000,16,3190,1827.20
oltp,125000,16,3200,1850.60
oltp,125000,16,3210,1803.60
oltp,125000,16,3220,1819.69
oltp,125000,16,3230,1814.90
oltp,125000,16,3240,1866.70
oltp,125000,16,3250,1877.00
oltp,125000,16,3260,1857.19
oltp,125000,16,3270,1865.01
oltp,125000,16,3280,1831.10
oltp,125000,16,3290,1870.70
oltp,125000,16,3300,1878.09
oltp,125000,16,3310,1885.10
oltp,125000,16,3320,1834.60
oltp,125000,16,3330,1852.60
oltp,125000,16,3340,1887.40
oltp,125000,16,3350,1838.90
oltp,125000,16,3360,1869.30
oltp,125000,16,3370,1870.30
oltp,125000,16,3380,1842.59
oltp,125000,16,3390,1860.00
oltp,125000,16,3400,1870.50
oltp,125000,16,3410,1843.10
oltp,125000,16,3420,1850.40
oltp,125000,16,3430,1863.40
oltp,125000,16,3440,1848.50
oltp,125000,16,3450,1846.80
oltp,125000,16,3460,1846.19
oltp,125000,16,3470,1846.30
oltp,125000,16,3480,1842.90
oltp,125000,16,3490,1795.10
oltp,125000,16,3500,1841.10
oltp,125000,16,3510,1849.50
oltp,125000,16,3520,1859.50
oltp,125000,16,3530,1850.50
oltp,125000,16,3540,1878.39
oltp,125000,16,3550,1852.50
oltp,125000,16,3560,1868.20
oltp,125000,16,3570,1897.70
oltp,125000,16,3580,1855.40
oltp,125000,16,3590,1862.90
oltp,125000,16,3600,1870.30
oltp,125000,250,10,6751.80
oltp,125000,250,20,7037.90
oltp,125000,250,30,7097.60
oltp,125000,250,40,7120.30
oltp,125000,250,50,6976.19
oltp,125000,250,60,7062.41
oltp,125000,250,70,7123.28
oltp,125000,250,80,7113.11
oltp,125000,250,90,7167.31
oltp,125000,250,100,7067.10
oltp,125000,250,110,7108.88
oltp,125000,250,120,7021.02
oltp,125000,250,130,7046.90
oltp,125000,250,140,7032.00
oltp,125000,250,150,7149.19
oltp,125000,250,160,7195.41
oltp,125000,250,170,7087.40
oltp,125000,250,180,7112.61
oltp,125000,250,190,7161.80
oltp,125000,250,200,7200.41
oltp,125000,250,210,7242.29
oltp,125000,250,220,7091.50
oltp,125000,250,230,7089.41
oltp,125000,250,240,7067.69
oltp,125000,250,250,7192.49
oltp,125000,250,260,7108.39
oltp,125000,250,270,7117.52
oltp,125000,250,280,7241.80
oltp,125000,250,290,7107.50
oltp,125000,250,300,7084.40
oltp,125000,250,310,6997.10
oltp,125000,250,320,7165.90
oltp,125000,250,330,6986.20
oltp,125000,250,340,7114.69
oltp,125000,250,350,7108.90
oltp,125000,250,360,7241.30
oltp,125000,250,370,7112.00
oltp,125000,250,380,7038.83
oltp,125000,250,390,7094.07
oltp,125000,250,400,7156.30
oltp,125000,250,410,7159.69
oltp,125000,250,420,7187.11
oltp,125000,250,430,7040.09
oltp,125000,250,440,7149.21
oltp,125000,250,450,7276.99
oltp,125000,250,460,6959.00
oltp,125000,250,470,7181.60
oltp,125000,250,480,7009.90
oltp,125000,250,490,7194.20
oltp,125000,250,500,7044.60
oltp,125000,250,510,7004.10
oltp,125000,250,520,7030.20
oltp,125000,250,530,7082.20
oltp,125000,250,540,7080.40
oltp,125000,250,550,6859.40
oltp,125000,250,560,7108.40
oltp,125000,250,570,7064.70
oltp,125000,250,580,7113.19
oltp,125000,250,590,7067.79
oltp,125000,250,600,7042.90
oltp,125000,250,610,7123.11
oltp,125000,250,620,7088.01
oltp,125000,250,630,7136.60
oltp,125000,250,640,7040.70
oltp,125000,250,650,7205.20
oltp,125000,250,660,7076.60
oltp,125000,250,670,7088.90
oltp,125000,250,680,7004.10
oltp,125000,250,690,7155.23
oltp,125000,250,700,7031.07
oltp,125000,250,710,6991.60
oltp,125000,250,720,7047.80
oltp,125000,250,730,7096.21
oltp,125000,250,740,7077.19
oltp,125000,250,750,7137.51
oltp,125000,250,760,7116.10
oltp,125000,250,770,7112.90
oltp,125000,250,780,7123.50
oltp,125000,250,790,7097.20
oltp,125000,250,800,7119.20
oltp,125000,250,810,7084.21
oltp,125000,250,820,7081.60
oltp,125000,250,830,7161.30
oltp,125000,250,840,7016.29
oltp,125000,250,850,7027.00
oltp,125000,250,860,7058.80
oltp,125000,250,870,7046.11
oltp,125000,250,880,7124.77
oltp,125000,250,890,7057.04
oltp,125000,250,900,7078.58
oltp,125000,250,910,7117.80
oltp,125000,250,920,7058.60
oltp,125000,250,930,7135.50
oltp,125000,250,940,7107.50
oltp,125000,250,950,7017.50
oltp,125000,250,960,7006.30
oltp,125000,250,970,7118.10
oltp,125000,250,980,7160.89
oltp,125000,250,990,7029.40
oltp,125000,250,1000,7139.50
oltp,125000,250,1010,7062.10
oltp,125000,250,1020,7107.60
oltp,125000,250,1030,6987.40
oltp,125000,250,1040,7137.61
oltp,125000,250,1050,7058.10
oltp,125000,250,1060,6893.80
oltp,125000,250,1070,7131.00
oltp,125000,250,1080,7127.01
oltp,125000,250,1090,7028.10
oltp,125000,250,1100,7091.00
oltp,125000,250,1110,6978.80
oltp,125000,250,1120,7071.60
oltp,125000,250,1130,7108.10
oltp,125000,250,1140,7006.30
oltp,125000,250,1150,7147.30
oltp,125000,250,1160,7159.90
oltp,125000,250,1170,6999.20
oltp,125000,250,1180,7125.80
oltp,125000,250,1190,7079.99
oltp,125000,250,1200,7114.80
oltp,125000,250,1210,7120.31
oltp,125000,250,1220,6998.30
oltp,125000,250,1230,6859.00
oltp,125000,250,1240,7162.39
oltp,125000,250,1250,7065.51
oltp,125000,250,1260,7067.40
oltp,125000,250,1270,7137.40
oltp,125000,250,1280,6991.22
oltp,125000,250,1290,7094.48
oltp,125000,250,1300,7082.70
oltp,125000,250,1310,7143.50
oltp,125000,250,1320,7039.90
oltp,125000,250,1330,7110.20
oltp,125000,250,1340,7046.80
oltp,125000,250,1350,7034.73
oltp,125000,250,1360,7069.08
oltp,125000,250,1370,6942.80
oltp,125000,250,1380,7146.00
oltp,125000,250,1390,7079.90
oltp,125000,250,1400,7159.60
oltp,125000,250,1410,7147.90
oltp,125000,250,1420,7094.50
oltp,125000,250,1430,7091.70
oltp,125000,250,1440,7129.00
oltp,125000,250,1450,6963.19
oltp,125000,250,1460,7143.41
oltp,125000,250,1470,7042.39
oltp,125000,250,1480,7111.91
oltp,125000,250,1490,6987.09
oltp,125000,250,1500,7050.79
oltp,125000,250,1510,7021.70
oltp,125000,250,1520,7033.20
oltp,125000,250,1530,7100.00
oltp,125000,250,1540,7037.30
oltp,125000,250,1550,7055.71
oltp,125000,250,1560,7127.49
oltp,125000,250,1570,7202.09
oltp,125000,250,1580,7036.30
oltp,125000,250,1590,6939.50
oltp,125000,250,1600,7104.21
oltp,125000,250,1610,7048.39
oltp,125000,250,1620,6973.21
oltp,125000,250,1630,7081.00
oltp,125000,250,1640,7059.10
oltp,125000,250,1650,7025.30
oltp,125000,250,1660,7131.40
oltp,125000,250,1670,7093.00
oltp,125000,250,1680,7045.70
oltp,125000,250,1690,7078.70
oltp,125000,250,1700,7140.51
oltp,125000,250,1710,7070.70
oltp,125000,250,1720,6938.79
oltp,125000,250,1730,7196.70
oltp,125000,250,1740,7002.10
oltp,125000,250,1750,7058.19
oltp,125000,250,1760,7014.20
oltp,125000,250,1770,6964.00
oltp,125000,250,1780,7085.51
oltp,125000,250,1790,7135.70
oltp,125000,250,1800,7097.59
oltp,125000,250,1810,6956.91
oltp,125000,250,1820,7166.80
oltp,125000,250,1830,6976.60
oltp,125000,250,1840,6999.69
oltp,125000,250,1850,6964.01
oltp,125000,250,1860,7117.79
oltp,125000,250,1870,7071.21
oltp,125000,250,1880,6935.00
oltp,125000,250,1890,7203.81
oltp,125000,250,1900,7049.30
oltp,125000,250,1910,7132.00
oltp,125000,250,1920,7030.30
oltp,125000,250,1930,7105.10
oltp,125000,250,1940,6987.92
oltp,125000,250,1950,6934.49
oltp,125000,250,1960,7154.40
oltp,125000,250,1970,7022.60
oltp,125000,250,1980,6981.80
oltp,125000,250,1990,7129.10
oltp,125000,250,2000,7094.40
oltp,125000,250,2010,6986.50
oltp,125000,250,2020,7099.10
oltp,125000,250,2030,7031.20
oltp,125000,250,2040,7071.49
oltp,125000,250,2050,7040.21
oltp,125000,250,2060,6940.00
oltp,125000,250,2070,6992.60
oltp,125000,250,2080,7057.60
oltp,125000,250,2090,7071.90
oltp,125000,250,2100,6962.70
oltp,125000,250,2110,6973.00
oltp,125000,250,2120,7189.90
oltp,125000,250,2130,7040.01
oltp,125000,250,2140,7126.51
oltp,125000,250,2150,7180.68
oltp,125000,250,2160,7085.50
oltp,125000,250,2170,6993.70
oltp,125000,250,2180,7037.09
oltp,125000,250,2190,7063.41
oltp,125000,250,2200,7151.00
oltp,125000,250,2210,7076.50
oltp,125000,250,2220,7014.50
oltp,125000,250,2230,7138.50
oltp,125000,250,2240,6928.39
oltp,125000,250,2250,7122.88
oltp,125000,250,2260,6847.82
oltp,125000,250,2270,6932.70
oltp,125000,250,2280,6994.40
oltp,125000,250,2290,7029.30
oltp,125000,250,2300,7111.50
oltp,125000,250,2310,7107.10
oltp,125000,250,2320,7027.40
oltp,125000,250,2330,7055.91
oltp,125000,250,2340,7155.40
oltp,125000,250,2350,7191.60
oltp,125000,250,2360,7010.00
oltp,125000,250,2370,7122.40
oltp,125000,250,2380,7031.10
oltp,125000,250,2390,6987.50
oltp,125000,250,2400,7127.10
oltp,125000,250,2410,7032.20
oltp,125000,250,2420,7135.80
oltp,125000,250,2430,7093.50
oltp,125000,250,2440,7201.99
oltp,125000,250,2450,7202.10
oltp,125000,250,2460,7102.10
oltp,125000,250,2470,7054.90
oltp,125000,250,2480,7031.70
oltp,125000,250,2490,7112.29
oltp,125000,250,2500,6950.41
oltp,125000,250,2510,7166.39
oltp,125000,250,2520,7180.51
oltp,125000,250,2530,7009.90
oltp,125000,250,2540,6774.70
oltp,125000,250,2550,7064.79
oltp,125000,250,2560,7015.50
oltp,125000,250,2570,7067.29
oltp,125000,250,2580,7026.11
oltp,125000,250,2590,6996.70
oltp,125000,250,2600,7003.20
oltp,125000,250,2610,7095.20
oltp,125000,250,2620,7113.60
oltp,125000,250,2630,7092.00
oltp,125000,250,2640,6991.20
oltp,125000,250,2650,7161.01
oltp,125000,250,2660,6955.20
oltp,125000,250,2670,7146.20
oltp,125000,250,2680,7053.20
oltp,125000,250,2690,7094.80
oltp,125000,250,2700,7101.21
oltp,125000,250,2710,7071.10
oltp,125000,250,2720,6879.92
oltp,125000,250,2730,6974.28
oltp,125000,250,2740,7168.20
oltp,125000,250,2750,7014.30
oltp,125000,250,2760,7095.90
oltp,125000,250,2770,7165.70
oltp,125000,250,2780,7001.10
oltp,125000,250,2790,7041.30
oltp,125000,250,2800,7121.61
oltp,125000,250,2810,7010.41
oltp,125000,250,2820,7127.59
oltp,125000,250,2830,6920.20
oltp,125000,250,2840,7059.90
oltp,125000,250,2850,7091.80
oltp,125000,250,2860,6989.41
oltp,125000,250,2870,7062.69
oltp,125000,250,2880,7053.40
oltp,125000,250,2890,7079.50
oltp,125000,250,2900,7137.70
oltp,125000,250,2910,7172.39
oltp,125000,250,2920,7080.10
oltp,125000,250,2930,7157.59
oltp,125000,250,2940,7082.40
oltp,125000,250,2950,7094.70
oltp,125000,250,2960,7113.60
oltp,125000,250,2970,7026.90
oltp,125000,250,2980,6913.69
oltp,125000,250,2990,7261.41
oltp,125000,250,3000,6967.70
oltp,125000,250,3010,7078.80
oltp,125000,250,3020,6975.30
oltp,125000,250,3030,7118.30
oltp,125000,250,3040,7064.80
oltp,125000,250,3050,7082.10
oltp,125000,250,3060,7128.00
oltp,125000,250,3070,7043.60
oltp,125000,250,3080,7152.40
oltp,125000,250,3090,7042.50
oltp,125000,250,3100,7027.60
oltp,125000,250,3110,7206.38
oltp,125000,250,3120,7031.21
oltp,125000,250,3130,7034.00
oltp,125000,250,3140,7006.60
oltp,125000,250,3150,7071.00
oltp,125000,250,3160,7081.81
oltp,125000,250,3170,7167.59
oltp,125000,250,3180,7093.29
oltp,125000,250,3190,7180.09
oltp,125000,250,3200,7082.61
oltp,125000,250,3210,7080.80
oltp,125000,250,3220,7085.51
oltp,125000,250,3230,6969.00
oltp,125000,250,3240,7046.79
oltp,125000,250,3250,7120.30
oltp,125000,250,3260,7095.80
oltp,125000,250,3270,7137.20
oltp,125000,250,3280,7154.41
oltp,125000,250,3290,7056.60
oltp,125000,250,3300,7042.40
oltp,125000,250,3310,6986.41
oltp,125000,250,3320,6818.09
oltp,125000,250,3330,7061.10
oltp,125000,250,3340,7037.11
oltp,125000,250,3350,6943.40
oltp,125000,250,3360,7033.40
oltp,125000,250,3370,7071.30
oltp,125000,250,3380,6956.81
oltp,125000,250,3390,7126.80
oltp,125000,250,3400,7067.10
oltp,125000,250,3410,6977.50
oltp,125000,250,3420,7057.90
oltp,125000,250,3430,7019.40
oltp,125000,250,3440,7173.39
oltp,125000,250,3450,7114.11
oltp,125000,250,3460,7019.20
oltp,125000,250,3470,7011.10
oltp,125000,250,3480,7132.10
oltp,125000,250,3490,7067.10
oltp,125000,250,3500,7106.10
oltp,125000,250,3510,7085.80
oltp,125000,250,3520,7004.30
oltp,125000,250,3530,7126.60
oltp,125000,250,3540,7020.40
oltp,125000,250,3550,7052.70
oltp,125000,250,3560,7029.40
oltp,125000,250,3570,7040.60
oltp,125000,250,3580,7078.10
oltp,125000,250,3590,7070.29
oltp,125000,250,3600,7060.60
oltp,125000,30,10,2986.56
oltp,125000,30,20,2981.49
oltp,125000,30,30,3005.50
oltp,125000,30,40,3032.10
oltp,125000,30,50,3074.41
oltp,125000,30,60,2979.99
oltp,125000,30,70,3011.48
oltp,125000,30,80,2977.32
oltp,125000,30,90,3020.31
oltp,125000,30,100,3019.99
oltp,125000,30,110,2987.69
oltp,125000,30,120,3030.30
oltp,125000,30,130,2980.51
oltp,125000,30,140,2987.00
oltp,125000,30,150,3079.01
oltp,125000,30,160,2949.81
oltp,125000,30,170,2968.28
oltp,125000,30,180,2973.81
oltp,125000,30,190,2956.99
oltp,125000,30,200,2990.31
oltp,125000,30,210,2967.89
oltp,125000,30,220,2996.51
oltp,125000,30,230,2962.81
oltp,125000,30,240,2992.00
oltp,125000,30,250,3011.60
oltp,125000,30,260,2979.29
oltp,125000,30,270,3005.80
oltp,125000,30,280,2944.90
oltp,125000,30,290,2987.51
oltp,125000,30,300,3006.49
oltp,125000,30,310,2985.51
oltp,125000,30,320,3015.00
oltp,125000,30,330,2970.59
oltp,125000,30,340,2988.31
oltp,125000,30,350,3006.29
oltp,125000,30,360,3006.30
oltp,125000,30,370,2977.71
oltp,125000,30,380,3037.30
oltp,125000,30,390,3007.61
oltp,125000,30,400,3055.10
oltp,125000,30,410,3035.50
oltp,125000,30,420,3026.70
oltp,125000,30,430,3018.79
oltp,125000,30,440,2966.61
oltp,125000,30,450,3002.31
oltp,125000,30,460,3036.60
oltp,125000,30,470,3055.20
oltp,125000,30,480,3010.60
oltp,125000,30,490,3027.61
oltp,125000,30,500,3036.30
oltp,125000,30,510,3019.29
oltp,125000,30,520,3011.00
oltp,125000,30,530,3005.41
oltp,125000,30,540,3036.10
oltp,125000,30,550,3006.30
oltp,125000,30,560,2993.60
oltp,125000,30,570,3024.29
oltp,125000,30,580,3007.31
oltp,125000,30,590,3014.49
oltp,125000,30,600,3014.20
oltp,125000,30,610,3035.81
oltp,125000,30,620,3002.19
oltp,125000,30,630,3055.41
oltp,125000,30,640,3050.49
oltp,125000,30,650,3029.09
oltp,125000,30,660,3057.51
oltp,125000,30,670,3033.89
oltp,125000,30,680,3041.30
oltp,125000,30,690,3016.00
oltp,125000,30,700,2985.00
oltp,125000,30,710,3046.60
oltp,125000,30,720,2991.19
oltp,125000,30,730,3051.90
oltp,125000,30,740,3059.90
oltp,125000,30,750,3001.60
oltp,125000,30,760,3014.71
oltp,125000,30,770,3062.80
oltp,125000,30,780,3086.40
oltp,125000,30,790,3019.11
oltp,125000,30,800,3056.60
oltp,125000,30,810,2963.28
oltp,125000,30,820,3008.71
oltp,125000,30,830,3065.29
oltp,125000,30,840,3006.10
oltp,125000,30,850,3034.40
oltp,125000,30,860,2999.10
oltp,125000,30,870,3030.50
oltp,125000,30,880,3029.90
oltp,125000,30,890,3015.89
oltp,125000,30,900,3053.81
oltp,125000,30,910,3056.29
oltp,125000,30,920,3058.51
oltp,125000,30,930,3044.50
oltp,125000,30,940,3015.00
oltp,125000,30,950,3038.01
oltp,125000,30,960,3009.99
oltp,125000,30,970,3074.51
oltp,125000,30,980,3031.10
oltp,125000,30,990,3054.89
oltp,125000,30,1000,3085.60
oltp,125000,30,1010,3044.00
oltp,125000,30,1020,3081.90
oltp,125000,30,1030,3051.41
oltp,125000,30,1040,3038.00
oltp,125000,30,1050,3049.49
oltp,125000,30,1060,3032.00
oltp,125000,30,1070,3044.60
oltp,125000,30,1080,3036.00
oltp,125000,30,1090,3008.51
oltp,125000,30,1100,3066.69
oltp,125000,30,1110,3089.00
oltp,125000,30,1120,3055.29
oltp,125000,30,1130,3053.10
oltp,125000,30,1140,3084.51
oltp,125000,30,1150,3058.09
oltp,125000,30,1160,3099.20
oltp,125000,30,1170,3058.11
oltp,125000,30,1180,3055.00
oltp,125000,30,1190,3083.81
oltp,125000,30,1200,3066.29
oltp,125000,30,1210,3096.69
oltp,125000,30,1220,3056.31
oltp,125000,30,1230,3078.99
oltp,125000,30,1240,3059.60
oltp,125000,30,1250,3042.31
oltp,125000,30,1260,3029.99
oltp,125000,30,1270,3048.40
oltp,125000,30,1280,3053.59
oltp,125000,30,1290,3030.61
oltp,125000,30,1300,3054.50
oltp,125000,30,1310,3084.79
oltp,125000,30,1320,3058.21
oltp,125000,30,1330,3110.20
oltp,125000,30,1340,3062.90
oltp,125000,30,1350,3081.00
oltp,125000,30,1360,3031.40
oltp,125000,30,1370,3031.39
oltp,125000,30,1380,3106.61
oltp,125000,30,1390,3041.79
oltp,125000,30,1400,3055.11
oltp,125000,30,1410,3067.09
oltp,125000,30,1420,3031.91
oltp,125000,30,1430,3037.10
oltp,125000,30,1440,3024.50
oltp,125000,30,1450,3027.29
oltp,125000,30,1460,3036.81
oltp,125000,30,1470,3018.79
oltp,125000,30,1480,2998.60
oltp,125000,30,1490,3001.39
oltp,125000,30,1500,3036.91
oltp,125000,30,1510,3019.10
oltp,125000,30,1520,3043.49
oltp,125000,30,1530,3019.79
oltp,125000,30,1540,2968.81
oltp,125000,30,1550,3061.89
oltp,125000,30,1560,3061.00
oltp,125000,30,1570,3045.20
oltp,125000,30,1580,3015.90
oltp,125000,30,1590,3033.61
oltp,125000,30,1600,3004.10
oltp,125000,30,1610,3036.19
oltp,125000,30,1620,3034.11
oltp,125000,30,1630,3000.89
oltp,125000,30,1640,3030.20
oltp,125000,30,1650,3008.91
oltp,125000,30,1660,3033.19
oltp,125000,30,1670,3079.41
oltp,125000,30,1680,3014.10
oltp,125000,30,1690,3061.29
oltp,125000,30,1700,3033.71
oltp,125000,30,1710,3020.19
oltp,125000,30,1720,3060.10
oltp,125000,30,1730,3047.21
oltp,125000,30,1740,3049.20
oltp,125000,30,1750,3052.70
oltp,125000,30,1760,3075.60
oltp,125000,30,1770,2994.30
oltp,125000,30,1780,3048.20
oltp,125000,30,1790,3067.79
oltp,125000,30,1800,3023.80
oltp,125000,30,1810,3066.70
oltp,125000,30,1820,3047.70
oltp,125000,30,1830,3057.80
oltp,125000,30,1840,3064.30
oltp,125000,30,1850,3043.59
oltp,125000,30,1860,3071.30
oltp,125000,30,1870,3022.01
oltp,125000,30,1880,3068.19
oltp,125000,30,1890,3049.11
oltp,125000,30,1900,3050.19
oltp,125000,30,1910,3069.40
oltp,125000,30,1920,3045.80
oltp,125000,30,1930,3103.79
oltp,125000,30,1940,3065.11
oltp,125000,30,1950,3092.19
oltp,125000,30,1960,3060.60
oltp,125000,30,1970,3033.70
oltp,125000,30,1980,3049.00
oltp,125000,30,1990,3038.61
oltp,125000,30,2000,3075.50
oltp,125000,30,2010,3045.30
oltp,125000,30,2020,3024.60
oltp,125000,30,2030,3045.30
oltp,125000,30,2040,3037.19
oltp,125000,30,2050,3029.71
oltp,125000,30,2060,3042.20
oltp,125000,30,2070,3029.70
oltp,125000,30,2080,3051.70
oltp,125000,30,2090,3037.11
oltp,125000,30,2100,3024.99
oltp,125000,30,2110,3058.10
oltp,125000,30,2120,3081.59
oltp,125000,30,2130,3062.00
oltp,125000,30,2140,3055.61
oltp,125000,30,2150,3068.90
oltp,125000,30,2160,3042.49
oltp,125000,30,2170,3077.19
oltp,125000,30,2180,3033.00
oltp,125000,30,2190,3051.50
oltp,125000,30,2200,3033.10
oltp,125000,30,2210,3057.71
oltp,125000,30,2220,3073.49
oltp,125000,30,2230,3051.71
oltp,125000,30,2240,3055.50
oltp,125000,30,2250,3013.59
oltp,125000,30,2260,3043.91
oltp,125000,30,2270,3072.29
oltp,125000,30,2280,3022.20
oltp,125000,30,2290,3086.51
oltp,125000,30,2300,3051.59
oltp,125000,30,2310,3057.51
oltp,125000,30,2320,3030.70
oltp,125000,30,2330,3043.79
oltp,125000,30,2340,3059.21
oltp,125000,30,2350,3027.39
oltp,125000,30,2360,3050.50
oltp,125000,30,2370,3031.41
oltp,125000,30,2380,3018.90
oltp,125000,30,2390,3059.90
oltp,125000,30,2400,3058.89
oltp,125000,30,2410,3019.51
oltp,125000,30,2420,3031.30
oltp,125000,30,2430,3018.99
oltp,125000,30,2440,3064.10
oltp,125000,30,2450,3033.21
oltp,125000,30,2460,3087.19
oltp,125000,30,2470,3037.60
oltp,125000,30,2480,3058.00
oltp,125000,30,2490,3025.21
oltp,125000,30,2500,3029.20
oltp,125000,30,2510,3039.69
oltp,125000,30,2520,3047.60
oltp,125000,30,2530,3069.51
oltp,125000,30,2540,3070.00
oltp,125000,30,2550,3031.10
oltp,125000,30,2560,3053.90
oltp,125000,30,2570,3044.69
oltp,125000,30,2580,3033.12
oltp,125000,30,2590,2963.68
oltp,125000,30,2600,3049.60
oltp,125000,30,2610,3000.41
oltp,125000,30,2620,3044.60
oltp,125000,30,2630,3051.60
oltp,125000,30,2640,3034.70
oltp,125000,30,2650,3018.19
oltp,125000,30,2660,3059.21
oltp,125000,30,2670,3064.69
oltp,125000,30,2680,3060.51
oltp,125000,30,2690,3050.10
oltp,125000,30,2700,3031.70
oltp,125000,30,2710,3029.21
oltp,125000,30,2720,3052.69
oltp,125000,30,2730,3045.89
oltp,125000,30,2740,3040.11
oltp,125000,30,2750,3003.59
oltp,125000,30,2760,3019.91
oltp,125000,30,2770,3091.60
oltp,125000,30,2780,3053.20
oltp,125000,30,2790,3058.91
oltp,125000,30,2800,3020.30
oltp,125000,30,2810,3008.99
oltp,125000,30,2820,3031.71
oltp,125000,30,2830,3007.39
oltp,125000,30,2840,2996.90
oltp,125000,30,2850,3030.20
oltp,125000,30,2860,2986.60
oltp,125000,30,2870,3078.00
oltp,125000,30,2880,3036.30
oltp,125000,30,2890,2999.40
oltp,125000,30,2900,3036.20
oltp,125000,30,2910,3023.49
oltp,125000,30,2920,3027.32
oltp,125000,30,2930,2938.09
oltp,125000,30,2940,3075.40
oltp,125000,30,2950,3005.11
oltp,125000,30,2960,3013.59
oltp,125000,30,2970,3022.40
oltp,125000,30,2980,2972.61
oltp,125000,30,2990,2976.09
oltp,125000,30,3000,3027.50
oltp,125000,30,3010,3041.41
oltp,125000,30,3020,3040.19
oltp,125000,30,3030,3033.10
oltp,125000,30,3040,3051.50
oltp,125000,30,3050,3028.29
oltp,125000,30,3060,3028.71
oltp,125000,30,3070,3050.69
oltp,125000,30,3080,3021.20
oltp,125000,30,3090,3057.30
oltp,125000,30,3100,3024.60
oltp,125000,30,3110,3062.80
oltp,125000,30,3120,3024.90
oltp,125000,30,3130,3028.69
oltp,125000,30,3140,3078.51
oltp,125000,30,3150,3043.59
oltp,125000,30,3160,3058.90
oltp,125000,30,3170,3094.30
oltp,125000,30,3180,3034.31
oltp,125000,30,3190,3076.70
oltp,125000,30,3200,3011.20
oltp,125000,30,3210,3083.99
oltp,125000,30,3220,3079.81
oltp,125000,30,3230,3063.49
oltp,125000,30,3240,3066.30
oltp,125000,30,3250,3036.71
oltp,125000,30,3260,2991.69
oltp,125000,30,3270,3010.90
oltp,125000,30,3280,3076.90
oltp,125000,30,3290,3042.29
oltp,125000,30,3300,3040.81
oltp,125000,30,3310,3054.39
oltp,125000,30,3320,3066.00
oltp,125000,30,3330,3051.91
oltp,125000,30,3340,3058.70
oltp,125000,30,3350,3063.70
oltp,125000,30,3360,3036.00
oltp,125000,30,3370,3001.59
oltp,125000,30,3380,3040.71
oltp,125000,30,3390,3047.39
oltp,125000,30,3400,3013.60
oltp,125000,30,3410,3036.80
oltp,125000,30,3420,3036.60
oltp,125000,30,3430,3025.40
oltp,125000,30,3440,3003.00
oltp,125000,30,3450,3052.49
oltp,125000,30,3460,3024.51
oltp,125000,30,3470,3057.29
oltp,125000,30,3480,3014.20
oltp,125000,30,3490,3063.40
oltp,125000,30,3500,3044.32
oltp,125000,30,3510,3028.69
oltp,125000,30,3520,3071.60
oltp,125000,30,3530,3056.69
oltp,125000,30,3540,3054.41
oltp,125000,30,3550,3020.19
oltp,125000,30,3560,3042.61
oltp,125000,30,3570,3064.01
oltp,125000,30,3580,3029.09
oltp,125000,30,3590,3043.40
oltp,125000,30,3600,3046.30
oltp,125000,500,10,7240.68
oltp,125000,500,20,7144.60
oltp,125000,500,30,7459.10
oltp,125000,500,40,7293.90
oltp,125000,500,50,7495.40
oltp,125000,500,60,7464.10
oltp,125000,500,70,7427.11
oltp,125000,500,80,7483.50
oltp,125000,500,90,7377.10
oltp,125000,500,100,7446.50
oltp,125000,500,110,7486.00
oltp,125000,500,120,7372.60
oltp,125000,500,130,7363.90
oltp,125000,500,140,7334.80
oltp,125000,500,150,7439.50
oltp,125000,500,160,7496.00
oltp,125000,500,170,7478.00
oltp,125000,500,180,7324.40
oltp,125000,500,190,7508.23
oltp,125000,500,200,7428.28
oltp,125000,500,210,7362.27
oltp,125000,500,220,7350.71
oltp,125000,500,230,7527.90
oltp,125000,500,240,7499.10
oltp,125000,500,250,7469.70
oltp,125000,500,260,7557.90
oltp,125000,500,270,7403.10
oltp,125000,500,280,7438.69
oltp,125000,500,290,7450.11
oltp,125000,500,300,7336.90
oltp,125000,500,310,7379.52
oltp,125000,500,320,7437.06
oltp,125000,500,330,7485.51
oltp,125000,500,340,7316.21
oltp,125000,500,350,7489.09
oltp,125000,500,360,7321.41
oltp,125000,500,370,7471.90
oltp,125000,500,380,7598.91
oltp,125000,500,390,7367.72
oltp,125000,500,400,7434.09
oltp,125000,500,410,7376.58
oltp,125000,500,420,7643.89
oltp,125000,500,430,7320.41
oltp,125000,500,440,7459.29
oltp,125000,500,450,7481.60
oltp,125000,500,460,7306.10
oltp,125000,500,470,7265.00
oltp,125000,500,480,7465.11
oltp,125000,500,490,7513.29
oltp,125000,500,500,7163.20
oltp,125000,500,510,7440.50
oltp,125000,500,520,7458.21
oltp,125000,500,530,7344.79
oltp,125000,500,540,7450.61
oltp,125000,500,550,7487.09
oltp,125000,500,560,7474.30
oltp,125000,500,570,7484.51
oltp,125000,500,580,7278.30
oltp,125000,500,590,7518.29
oltp,125000,500,600,7525.11
oltp,125000,500,610,7493.80
oltp,125000,500,620,7652.51
oltp,125000,500,630,7379.60
oltp,125000,500,640,7477.70
oltp,125000,500,650,7493.80
oltp,125000,500,660,7415.39
oltp,125000,500,670,7325.31
oltp,125000,500,680,7496.29
oltp,125000,500,690,7471.91
oltp,125000,500,700,7492.00
oltp,125000,500,710,7546.41
oltp,125000,500,720,7514.90
oltp,125000,500,730,7401.79
oltp,125000,500,740,7277.21
oltp,125000,500,750,7505.50
oltp,125000,500,760,7434.10
oltp,125000,500,770,7351.10
oltp,125000,500,780,7330.90
oltp,125000,500,790,7495.00
oltp,125000,500,800,7383.10
oltp,125000,500,810,7467.69
oltp,125000,500,820,7334.41
oltp,125000,500,830,7273.80
oltp,125000,500,840,7483.09
oltp,125000,500,850,7522.68
oltp,125000,500,860,7384.63
oltp,125000,500,870,7161.90
oltp,125000,500,880,7449.10
oltp,125000,500,890,7515.40
oltp,125000,500,900,7476.40
oltp,125000,500,910,7331.08
oltp,125000,500,920,7288.62
oltp,125000,500,930,7415.40
oltp,125000,500,940,7333.81
oltp,125000,500,950,7612.79
oltp,125000,500,960,7473.39
oltp,125000,500,970,7557.89
oltp,125000,500,980,7545.91
oltp,125000,500,990,7388.60
oltp,125000,500,1000,7290.70
oltp,125000,500,1010,7577.80
oltp,125000,500,1020,7501.78
oltp,125000,500,1030,7509.42
oltp,125000,500,1040,7345.00
oltp,125000,500,1050,7468.70
oltp,125000,500,1060,7467.51
oltp,125000,500,1070,7458.50
oltp,125000,500,1080,7502.49
oltp,125000,500,1090,7289.90
oltp,125000,500,1100,7435.90
oltp,125000,500,1110,7342.29
oltp,125000,500,1120,7568.80
oltp,125000,500,1130,7405.50
oltp,125000,500,1140,7455.50
oltp,125000,500,1150,7313.29
oltp,125000,500,1160,7484.61
oltp,125000,500,1170,7498.90
oltp,125000,500,1180,7448.40
oltp,125000,500,1190,7414.19
oltp,125000,500,1200,7476.90
oltp,125000,500,1210,7478.80
oltp,125000,500,1220,7478.20
oltp,125000,500,1230,7253.90
oltp,125000,500,1240,7335.70
oltp,125000,500,1250,7454.38
oltp,125000,500,1260,7472.11
oltp,125000,500,1270,7470.00
oltp,125000,500,1280,7453.31
oltp,125000,500,1290,7437.60
oltp,125000,500,1300,7591.90
oltp,125000,500,1310,7538.40
oltp,125000,500,1320,7348.00
oltp,125000,500,1330,7467.80
oltp,125000,500,1340,7443.40
oltp,125000,500,1350,7463.61
oltp,125000,500,1360,7384.70
oltp,125000,500,1370,7215.10
oltp,125000,500,1380,7480.60
oltp,125000,500,1390,7571.80
oltp,125000,500,1400,7506.09
oltp,125000,500,1410,7306.00
oltp,125000,500,1420,7405.50
oltp,125000,500,1430,7391.00
oltp,125000,500,1440,7346.40
oltp,125000,500,1450,7336.20
oltp,125000,500,1460,7394.30
oltp,125000,500,1470,7443.89
oltp,125000,500,1480,7537.32
oltp,125000,500,1490,7465.00
oltp,125000,500,1500,7302.80
oltp,125000,500,1510,7450.00
oltp,125000,500,1520,7460.10
oltp,125000,500,1530,7379.20
oltp,125000,500,1540,7470.69
oltp,125000,500,1550,7395.11
oltp,125000,500,1560,7434.89
oltp,125000,500,1570,7547.31
oltp,125000,500,1580,7468.20
oltp,125000,500,1590,7482.10
oltp,125000,500,1600,7507.09
oltp,125000,500,1610,7323.60
oltp,125000,500,1620,7487.40
oltp,125000,500,1630,7284.30
oltp,125000,500,1640,7404.91
oltp,125000,500,1650,7573.20
oltp,125000,500,1660,7396.00
oltp,125000,500,1670,7480.70
oltp,125000,500,1680,7494.49
oltp,125000,500,1690,7261.51
oltp,125000,500,1700,7457.84
oltp,125000,500,1710,7433.66
oltp,125000,500,1720,7627.00
oltp,125000,500,1730,7331.60
oltp,125000,500,1740,7457.70
oltp,125000,500,1750,7301.59
oltp,125000,500,1760,7584.51
oltp,125000,500,1770,7300.10
oltp,125000,500,1780,7493.39
oltp,125000,500,1790,7346.20
oltp,125000,500,1800,7441.00
oltp,125000,500,1810,7514.80
oltp,125000,500,1820,7493.00
oltp,125000,500,1830,7357.70
oltp,125000,500,1840,7545.40
oltp,125000,500,1850,7412.20
oltp,125000,500,1860,7471.30
oltp,125000,500,1870,7314.80
oltp,125000,500,1880,7601.89
oltp,125000,500,1890,7496.69
oltp,125000,500,1900,7650.17
oltp,125000,500,1910,7478.55
oltp,125000,500,1920,7475.08
oltp,125000,500,1930,7506.20
oltp,125000,500,1940,7391.91
oltp,125000,500,1950,7409.41
oltp,125000,500,1960,7280.50
oltp,125000,500,1970,7390.10
oltp,125000,500,1980,7451.60
oltp,125000,500,1990,7315.90
oltp,125000,500,2000,7522.44
oltp,125000,500,2010,7274.47
oltp,125000,500,2020,7306.49
oltp,125000,500,2030,7315.80
oltp,125000,500,2040,7453.10
oltp,125000,500,2050,7309.30
oltp,125000,500,2060,7297.70
oltp,125000,500,2070,7397.70
oltp,125000,500,2080,7598.31
oltp,125000,500,2090,7463.00
oltp,125000,500,2100,7492.90
oltp,125000,500,2110,7461.00
oltp,125000,500,2120,7504.69
oltp,125000,500,2130,7309.50
oltp,125000,500,2140,7500.31
oltp,125000,500,2150,7455.59
oltp,125000,500,2160,7472.83
oltp,125000,500,2170,7585.97
oltp,125000,500,2180,7272.70
oltp,125000,500,2190,7496.60
oltp,125000,500,2200,7319.69
oltp,125000,500,2210,7306.01
oltp,125000,500,2220,7488.70
oltp,125000,500,2230,7496.70
oltp,125000,500,2240,7462.00
oltp,125000,500,2250,7505.80
oltp,125000,500,2260,7535.72
oltp,125000,500,2270,7501.08
oltp,125000,500,2280,7453.20
oltp,125000,500,2290,7394.70
oltp,125000,500,2300,7484.60
oltp,125000,500,2310,7469.90
oltp,125000,500,2320,7437.60
oltp,125000,500,2330,7620.80
oltp,125000,500,2340,7480.39
oltp,125000,500,2350,7672.41
oltp,125000,500,2360,7462.60
oltp,125000,500,2370,7376.50
oltp,125000,500,2380,7459.50
oltp,125000,500,2390,7349.90
oltp,125000,500,2400,7473.00
oltp,125000,500,2410,7315.00
oltp,125000,500,2420,7431.80
oltp,125000,500,2430,7321.99
oltp,125000,500,2440,7292.70
oltp,125000,500,2450,7654.10
oltp,125000,500,2460,7412.20
oltp,125000,500,2470,7361.40
oltp,125000,500,2480,7495.60
oltp,125000,500,2490,7351.00
oltp,125000,500,2500,7542.50
oltp,125000,500,2510,7349.80
oltp,125000,500,2520,7461.80
oltp,125000,500,2530,7575.40
oltp,125000,500,2540,7416.80
oltp,125000,500,2550,7409.60
oltp,125000,500,2560,7276.09
oltp,125000,500,2570,7291.40
oltp,125000,500,2580,7467.80
oltp,125000,500,2590,7460.29
oltp,125000,500,2600,7481.91
oltp,125000,500,2610,7615.40
oltp,125000,500,2620,7286.30
oltp,125000,500,2630,7426.00
oltp,125000,500,2640,7481.30
oltp,125000,500,2650,7362.50
oltp,125000,500,2660,7579.50
oltp,125000,500,2670,7521.00
oltp,125000,500,2680,7336.90
oltp,125000,500,2690,7494.20
oltp,125000,500,2700,7349.50
oltp,125000,500,2710,7518.90
oltp,125000,500,2720,7526.10
oltp,125000,500,2730,7456.59
oltp,125000,500,2740,7282.01
oltp,125000,500,2750,7537.80
oltp,125000,500,2760,7413.60
oltp,125000,500,2770,7478.10
oltp,125000,500,2780,7396.60
oltp,125000,500,2790,7443.60
oltp,125000,500,2800,7374.79
oltp,125000,500,2810,7499.00
oltp,125000,500,2820,7176.90
oltp,125000,500,2830,7482.30
oltp,125000,500,2840,7666.40
oltp,125000,500,2850,7496.90
oltp,125000,500,2860,7519.70
oltp,125000,500,2870,7243.50
oltp,125000,500,2880,7440.80
oltp,125000,500,2890,7328.80
oltp,125000,500,2900,7487.80
oltp,125000,500,2910,7621.50
oltp,125000,500,2920,7461.60
oltp,125000,500,2930,7550.50
oltp,125000,500,2940,7463.49
oltp,125000,500,2950,7544.80
oltp,125000,500,2960,7485.20
oltp,125000,500,2970,7389.30
oltp,125000,500,2980,7630.40
oltp,125000,500,2990,7487.51
oltp,125000,500,3000,7283.30
oltp,125000,500,3010,7310.40
oltp,125000,500,3020,7555.10
oltp,125000,500,3030,7485.40
oltp,125000,500,3040,7366.40
oltp,125000,500,3050,7531.80
oltp,125000,500,3060,7515.80
oltp,125000,500,3070,7343.62
oltp,125000,500,3080,7365.77
oltp,125000,500,3090,7280.10
oltp,125000,500,3100,7441.50
oltp,125000,500,3110,7344.00
oltp,125000,500,3120,7474.40
oltp,125000,500,3130,7472.30
oltp,125000,500,3140,7294.40
oltp,125000,500,3150,7494.10
oltp,125000,500,3160,7499.40
oltp,125000,500,3170,7489.70
oltp,125000,500,3180,7293.90
oltp,125000,500,3190,7475.00
oltp,125000,500,3200,7465.10
oltp,125000,500,3210,7525.60
oltp,125000,500,3220,7344.09
oltp,125000,500,3230,7428.21
oltp,125000,500,3240,7309.00
oltp,125000,500,3250,7410.90
oltp,125000,500,3260,7589.70
oltp,125000,500,3270,7487.80
oltp,125000,500,3280,7449.60
oltp,125000,500,3290,7600.10
oltp,125000,500,3300,7485.50
oltp,125000,500,3310,7494.39
oltp,125000,500,3320,7503.70
oltp,125000,500,3330,7499.01
oltp,125000,500,3340,7524.49
oltp,125000,500,3350,7402.31
oltp,125000,500,3360,7418.40
oltp,125000,500,3370,7471.19
oltp,125000,500,3380,7519.81
oltp,125000,500,3390,7464.70
oltp,125000,500,3400,7513.90
oltp,125000,500,3410,7339.49
oltp,125000,500,3420,7306.21
oltp,125000,500,3430,7296.20
oltp,125000,500,3440,7397.91
oltp,125000,500,3450,7560.20
oltp,125000,500,3460,7492.09
oltp,125000,500,3470,7392.90
oltp,125000,500,3480,7507.51
oltp,125000,500,3490,7336.90
oltp,125000,500,3500,7513.29
oltp,125000,500,3510,7492.51
oltp,125000,500,3520,7332.10
oltp,125000,500,3530,7397.29
oltp,125000,500,3540,7480.61
oltp,125000,500,3550,7583.30
oltp,125000,500,3560,7345.50
oltp,125000,500,3570,7511.30
oltp,125000,500,3580,7524.10
oltp,125000,500,3590,7437.20
oltp,125000,500,3600,7409.50